section,lesson_id,title,findings,errors,source
"vocabulary","numbers-counting-1","Numbers & Counting 1","0","0","src/app/data/usage/numbers-counting.usage.json"
"vocabulary","numbers-counting-2","Numbers & Counting 2","0","0","src/app/data/usage/numbers-counting.usage.json"
"vocabulary","numbers-counting-3","Numbers & Counting 3","0","0","src/app/data/usage/numbers-counting.usage.json"
"vocabulary","numbers-counting-4","Numbers & Counting 4","0","0","src/app/data/usage/numbers-counting.usage.json"
"study-materials","numbers-counting","Numbers & Counting","0","0","src/app/learning/units/numbers-counting.ts"
"vocabulary","colors-1","Colors 1","0","0","src/app/data/usage/colors.usage.json"
"vocabulary","colors-2","Colors 2","0","0","src/app/data/usage/colors.usage.json"
"vocabulary","colors-3","Colors 3","0","0","src/app/data/usage/colors.usage.json"
"study-materials","colors","Colors","0","0","src/app/learning/units/colors.ts"
"vocabulary","shapes-geometry-1","Shapes & Geometry 1","0","0","src/app/data/usage/shapes-geometry.usage.json"
"vocabulary","shapes-geometry-2","Shapes & Geometry 2","0","0","src/app/data/usage/shapes-geometry.usage.json"
"vocabulary","shapes-geometry-3","Shapes & Geometry 3","0","0","src/app/data/usage/shapes-geometry.usage.json"
"vocabulary","shapes-geometry-4","Shapes & Geometry 4","0","0","src/app/data/usage/shapes-geometry.usage.json"
"study-materials","shapes-geometry","Shapes & Geometry","0","0","src/app/learning/units/shapes-geometry.ts"
"vocabulary","basic-emotions-1","Basic Emotions 1","0","0","src/app/data/usage/basic-emotions.usage.json"
"vocabulary","basic-emotions-2","Basic Emotions 2","0","0","src/app/data/usage/basic-emotions.usage.json"
"vocabulary","basic-emotions-3","Basic Emotions 3","0","0","src/app/data/usage/basic-emotions.usage.json"
"study-materials","basic-emotions","Basic Emotions","0","0","src/app/learning/units/basic-emotions.ts"
"vocabulary","family-1","The Family 1","0","0","src/app/data/usage/family.usage.json"
"vocabulary","family-2","The Family 2","0","0","src/app/data/usage/family.usage.json"
"vocabulary","family-3","The Family 3","0","0","src/app/data/usage/family.usage.json"
"study-materials","family","The Family","0","0","src/app/learning/units/family.ts"
"vocabulary","bedroom-1","The Bedroom 1","0","0","src/app/data/usage/bedroom.usage.json"
"vocabulary","bedroom-2","The Bedroom 2","0","0","src/app/data/usage/bedroom.usage.json"
"vocabulary","bedroom-3","The Bedroom 3","0","0","src/app/data/usage/bedroom.usage.json"
"vocabulary","bedroom-4","The Bedroom 4","0","0","src/app/data/usage/bedroom.usage.json"
"study-materials","bedroom","The Bedroom","0","0","src/app/learning/units/bedroom.ts"
"vocabulary","bathroom-1","Fixtures & Fittings","0","0","src/app/data/usage/bathroom.usage.json"
"vocabulary","bathroom-2","Toiletries","0","0","src/app/data/usage/bathroom.usage.json"
"vocabulary","bathroom-3","Bathroom Supplies","0","0","src/app/data/usage/bathroom.usage.json"
"vocabulary","bathroom-4","Bath & Shower","0","0","src/app/data/usage/bathroom.usage.json"
"vocabulary","bathroom-5","Personal Care","0","0","src/app/data/usage/bathroom.usage.json"
"vocabulary","bathroom-6","Cleaning Items","0","0","src/app/data/usage/bathroom.usage.json"
"study-materials","bathroom","The Bathroom","0","0","src/app/learning/units/bathroom.ts"
"vocabulary","kitchen-1","The Kitchen 1","0","0","src/app/data/usage/kitchen.usage.json"
"vocabulary","kitchen-2","The Kitchen 2","0","0","src/app/data/usage/kitchen.usage.json"
"vocabulary","kitchen-3","The Kitchen 3","0","0","src/app/data/usage/kitchen.usage.json"
"vocabulary","kitchen-4","The Kitchen 4","0","0","src/app/data/usage/kitchen.usage.json"
"vocabulary","kitchen-5","The Kitchen 5","0","0","src/app/data/usage/kitchen.usage.json"
"study-materials","kitchen","The Kitchen","0","0","src/app/learning/units/kitchen.ts"
"vocabulary","living-room-1","The Living Room 1","0","0","src/app/data/usage/living-room.usage.json"
"vocabulary","living-room-2","The Living Room 2","0","0","src/app/data/usage/living-room.usage.json"
"vocabulary","living-room-3","The Living Room 3","0","0","src/app/data/usage/living-room.usage.json"
"vocabulary","living-room-4","The Living Room 4","0","0","src/app/data/usage/living-room.usage.json"
"vocabulary","living-room-5","The Living Room 5","0","0","src/app/data/usage/living-room.usage.json"
"study-materials","living-room","The Living Room","0","0","src/app/learning/units/living-room.ts"
"vocabulary","fruits-1","Fruits 1","0","0","src/app/data/usage/fruits.usage.json"
"vocabulary","fruits-2","Fruits 2","0","0","src/app/data/usage/fruits.usage.json"
"vocabulary","fruits-3","Fruits 3","0","0","src/app/data/usage/fruits.usage.json"
"vocabulary","fruits-4","Fruits 4","0","0","src/app/data/usage/fruits.usage.json"
"study-materials","fruits","Fruits","0","0","src/app/learning/units/fruits.ts"
"vocabulary","vegetables-1","Vegetables 1","0","0","src/app/data/usage/vegetables.usage.json"
"vocabulary","vegetables-2","Vegetables 2","0","0","src/app/data/usage/vegetables.usage.json"
"vocabulary","vegetables-3","Vegetables 3","0","0","src/app/data/usage/vegetables.usage.json"
"vocabulary","vegetables-4","Vegetables 4","0","0","src/app/data/usage/vegetables.usage.json"
"study-materials","vegetables","Vegetables","0","0","src/app/learning/units/vegetables.ts"
"vocabulary","telling-time-1","Telling Time 1","0","0","src/app/data/usage/telling-time.usage.json"
"vocabulary","telling-time-2","Telling Time 2","0","0","src/app/data/usage/telling-time.usage.json"
"vocabulary","telling-time-3","Telling Time 3","0","0","src/app/data/usage/telling-time.usage.json"
"vocabulary","telling-time-4","Telling Time 4","0","0","src/app/data/usage/telling-time.usage.json"
"study-materials","telling-time","Telling Time","0","0","src/app/learning/units/telling-time.ts"
"vocabulary","days-months-1","Days & Months 1","0","0","src/app/data/usage/days-months.usage.json"
"vocabulary","days-months-2","Days & Months 2","0","0","src/app/data/usage/days-months.usage.json"
"vocabulary","days-months-3","Days & Months 3","0","0","src/app/data/usage/days-months.usage.json"
"vocabulary","days-months-4","Days & Months 4","0","0","src/app/data/usage/days-months.usage.json"
"study-materials","days-months","Days & Months","0","0","src/app/learning/units/days-months.ts"
"vocabulary","daily-action-verbs-1","Daily Action Verbs 1","0","0","src/app/data/usage/daily-action-verbs.usage.json"
"vocabulary","daily-action-verbs-2","Daily Action Verbs 2","0","0","src/app/data/usage/daily-action-verbs.usage.json"
"vocabulary","daily-action-verbs-3","Daily Action Verbs 3","0","0","src/app/data/usage/daily-action-verbs.usage.json"
"vocabulary","daily-action-verbs-4","Daily Action Verbs 4","0","0","src/app/data/usage/daily-action-verbs.usage.json"
"study-materials","daily-action-verbs","Daily Action Verbs","0","0","src/app/learning/units/daily-action-verbs.ts"
"vocabulary","prepositions-of-place-1","Prepositions of Place 1","0","0","src/app/data/usage/prepositions-of-place.usage.json"
"vocabulary","prepositions-of-place-2","Prepositions of Place 2","0","0","src/app/data/usage/prepositions-of-place.usage.json"
"vocabulary","prepositions-of-place-3","Prepositions of Place 3","0","0","src/app/data/usage/prepositions-of-place.usage.json"
"study-materials","prepositions-of-place","Prepositions of Place","0","0","src/app/learning/units/prepositions-of-place.ts"
"vocabulary","daily-routines-1","Daily Routines 1","0","0","src/app/data/usage/daily-routines.usage.json"
"vocabulary","daily-routines-2","Daily Routines 2","0","0","src/app/data/usage/daily-routines.usage.json"
"vocabulary","daily-routines-3","Daily Routines 3","0","0","src/app/data/usage/daily-routines.usage.json"
"vocabulary","daily-routines-4","Daily Routines 4","0","0","src/app/data/usage/daily-routines.usage.json"
"study-materials","daily-routines","Daily Routines","0","0","src/app/learning/units/daily-routines.ts"
"vocabulary","classroom-1","The Classroom 1","0","0","src/app/data/usage/classroom.usage.json"
"vocabulary","classroom-2","The Classroom 2","0","0","src/app/data/usage/classroom.usage.json"
"vocabulary","classroom-3","The Classroom 3","0","0","src/app/data/usage/classroom.usage.json"
"vocabulary","classroom-4","The Classroom 4","0","0","src/app/data/usage/classroom.usage.json"
"vocabulary","classroom-5","The Classroom 5","0","0","src/app/data/usage/classroom.usage.json"
"study-materials","classroom","The Classroom","0","0","src/app/learning/units/classroom.ts"
"vocabulary","toys-games-1","Toys & Games 1","0","0","src/app/data/usage/toys-games.usage.json"
"vocabulary","toys-games-2","Toys & Games 2","0","0","src/app/data/usage/toys-games.usage.json"
"vocabulary","toys-games-3","Toys & Games 3","0","0","src/app/data/usage/toys-games.usage.json"
"study-materials","toys-games","Toys & Games","0","0","src/app/learning/units/toys-games.ts"
"vocabulary","market-1","The Market 1","0","0","src/app/data/usage/market.usage.json"
"vocabulary","market-2","The Market 2","0","0","src/app/data/usage/market.usage.json"
"vocabulary","market-3","The Market 3","0","0","src/app/data/usage/market.usage.json"
"vocabulary","market-4","The Market 4","0","0","src/app/data/usage/market.usage.json"
"vocabulary","market-5","The Market 5","0","0","src/app/data/usage/market.usage.json"
"vocabulary","market-6","The Market 6","0","0","src/app/data/usage/market.usage.json"
"study-materials","market","The Market","0","0","src/app/learning/units/market.ts"
"vocabulary","giving-directions-1","Giving Directions 1","0","0","src/app/data/usage/giving-directions.usage.json"
"vocabulary","giving-directions-2","Giving Directions 2","0","0","src/app/data/usage/giving-directions.usage.json"
"vocabulary","giving-directions-3","Giving Directions 3","0","0","src/app/data/usage/giving-directions.usage.json"
"vocabulary","giving-directions-4","Giving Directions 4","0","0","src/app/data/usage/giving-directions.usage.json"
"study-materials","giving-directions","Giving Directions","0","0","src/app/learning/units/giving-directions.ts"
"vocabulary","movement-verbs-1","Movement Verbs 1","0","0","src/app/data/usage/movement-verbs.usage.json"
"vocabulary","movement-verbs-2","Movement Verbs 2","0","0","src/app/data/usage/movement-verbs.usage.json"
"vocabulary","movement-verbs-3","Movement Verbs 3","0","0","src/app/data/usage/movement-verbs.usage.json"
"vocabulary","movement-verbs-4","Movement Verbs 4","0","0","src/app/data/usage/movement-verbs.usage.json"
"study-materials","movement-verbs","Movement Verbs","0","0","src/app/learning/units/movement-verbs.ts"
"vocabulary","hand-actions-1","Hand Actions 1","0","0","src/app/data/usage/hand-actions.usage.json"
"vocabulary","hand-actions-2","Hand Actions 2","0","0","src/app/data/usage/hand-actions.usage.json"
"vocabulary","hand-actions-3","Hand Actions 3","0","0","src/app/data/usage/hand-actions.usage.json"
"vocabulary","hand-actions-4","Hand Actions 4","0","0","src/app/data/usage/hand-actions.usage.json"
"study-materials","hand-actions","Hand Actions","0","0","src/app/learning/units/hand-actions.ts"
"vocabulary","farm-1","The Farm 1","0","0","src/app/data/usage/farm.usage.json"
"vocabulary","farm-2","The Farm 2","0","0","src/app/data/usage/farm.usage.json"
"vocabulary","farm-3","The Farm 3","0","0","src/app/data/usage/farm.usage.json"
"vocabulary","farm-4","The Farm 4","0","0","src/app/data/usage/farm.usage.json"
"vocabulary","farm-5","The Farm 5","0","0","src/app/data/usage/farm.usage.json"
"vocabulary","farm-6","The Farm 6","0","0","src/app/data/usage/farm.usage.json"
"study-materials","farm","The Farm","0","0","src/app/learning/units/farm.ts"
"vocabulary","garden-1","The Garden 1","0","0","src/app/data/usage/garden.usage.json"
"vocabulary","garden-2","The Garden 2","0","0","src/app/data/usage/garden.usage.json"
"vocabulary","garden-3","The Garden 3","0","0","src/app/data/usage/garden.usage.json"
"vocabulary","garden-4","The Garden 4","0","0","src/app/data/usage/garden.usage.json"
"vocabulary","garden-5","The Garden 5","0","0","src/app/data/usage/garden.usage.json"
"study-materials","garden","The Garden","0","0","src/app/learning/units/garden.ts"
"vocabulary","park-1","The Park 1","0","0","src/app/data/usage/park.usage.json"
"vocabulary","park-2","The Park 2","0","0","src/app/data/usage/park.usage.json"
"vocabulary","park-3","The Park 3","0","0","src/app/data/usage/park.usage.json"
"vocabulary","park-4","The Park 4","0","0","src/app/data/usage/park.usage.json"
"vocabulary","park-5","The Park 5","0","0","src/app/data/usage/park.usage.json"
"study-materials","park","The Park","0","0","src/app/learning/units/park.ts"
"vocabulary","playground-1","The Playground 1","0","0","src/app/data/usage/playground.usage.json"
"vocabulary","playground-2","The Playground 2","0","0","src/app/data/usage/playground.usage.json"
"vocabulary","playground-3","The Playground 3","0","0","src/app/data/usage/playground.usage.json"
"vocabulary","playground-4","The Playground 4","0","0","src/app/data/usage/playground.usage.json"
"study-materials","playground","The Playground","0","0","src/app/learning/units/playground.ts"
"vocabulary","pet-shop-1","The Pet Shop 1","0","0","src/app/data/usage/pet-shop.usage.json"
"vocabulary","pet-shop-2","The Pet Shop 2","0","0","src/app/data/usage/pet-shop.usage.json"
"vocabulary","pet-shop-3","The Pet Shop 3","0","0","src/app/data/usage/pet-shop.usage.json"
"vocabulary","pet-shop-4","The Pet Shop 4","0","0","src/app/data/usage/pet-shop.usage.json"
"vocabulary","pet-shop-5","The Pet Shop 5","0","0","src/app/data/usage/pet-shop.usage.json"
"vocabulary","pet-shop-6","The Pet Shop 6","0","0","src/app/data/usage/pet-shop.usage.json"
"vocabulary","pet-shop-7","The Pet Shop 7","0","0","src/app/data/usage/pet-shop.usage.json"
"vocabulary","pet-shop-8","The Pet Shop 8","0","0","src/app/data/usage/pet-shop.usage.json"
"study-materials","pet-shop","The Pet Shop","0","0","src/app/learning/units/pet-shop.ts"
"vocabulary","vet-clinic-1","The Vet Clinic 1","0","0","src/app/data/usage/vet-clinic.usage.json"
"vocabulary","vet-clinic-2","The Vet Clinic 2","0","0","src/app/data/usage/vet-clinic.usage.json"
"vocabulary","vet-clinic-3","The Vet Clinic 3","0","0","src/app/data/usage/vet-clinic.usage.json"
"vocabulary","vet-clinic-4","The Vet Clinic 4","0","0","src/app/data/usage/vet-clinic.usage.json"
"study-materials","vet-clinic","The Vet Clinic","0","0","src/app/learning/units/vet-clinic.ts"
"vocabulary","bakery-1","The Bakery 1","0","0","src/app/data/usage/bakery.usage.json"
"vocabulary","bakery-2","The Bakery 2","0","0","src/app/data/usage/bakery.usage.json"
"vocabulary","bakery-3","The Bakery 3","0","0","src/app/data/usage/bakery.usage.json"
"vocabulary","bakery-4","The Bakery 4","0","0","src/app/data/usage/bakery.usage.json"
"vocabulary","bakery-5","The Bakery 5","0","0","src/app/data/usage/bakery.usage.json"
"study-materials","bakery","The Bakery","0","0","src/app/learning/units/bakery.ts"
"vocabulary","coffee-shop-1","The Coffee Shop 1","0","0","src/app/data/usage/coffee-shop.usage.json"
"vocabulary","coffee-shop-2","The Coffee Shop 2","0","0","src/app/data/usage/coffee-shop.usage.json"
"vocabulary","coffee-shop-3","The Coffee Shop 3","0","0","src/app/data/usage/coffee-shop.usage.json"
"vocabulary","coffee-shop-4","The Coffee Shop 4","0","0","src/app/data/usage/coffee-shop.usage.json"
"study-materials","coffee-shop","The Coffee Shop","0","0","src/app/learning/units/coffee-shop.ts"
"vocabulary","ice-cream-shop-1","The Ice Cream Shop 1","0","0","src/app/data/usage/ice-cream-shop.usage.json"
"vocabulary","ice-cream-shop-2","The Ice Cream Shop 2","0","0","src/app/data/usage/ice-cream-shop.usage.json"
"vocabulary","ice-cream-shop-3","The Ice Cream Shop 3","0","0","src/app/data/usage/ice-cream-shop.usage.json"
"vocabulary","ice-cream-shop-4","The Ice Cream Shop 4","0","0","src/app/data/usage/ice-cream-shop.usage.json"
"study-materials","ice-cream-shop","The Ice Cream Shop","0","0","src/app/learning/units/ice-cream-shop.ts"
"vocabulary","pizza-shop-1","The Pizza Shop 1","0","0","src/app/data/usage/pizza-shop.usage.json"
"vocabulary","pizza-shop-2","The Pizza Shop 2","0","0","src/app/data/usage/pizza-shop.usage.json"
"vocabulary","pizza-shop-3","The Pizza Shop 3","0","0","src/app/data/usage/pizza-shop.usage.json"
"vocabulary","pizza-shop-4","The Pizza Shop 4","0","0","src/app/data/usage/pizza-shop.usage.json"
"study-materials","pizza-shop","The Pizza Shop","0","0","src/app/learning/units/pizza-shop.ts"
"vocabulary","restaurant-1","L4 Restaurant 1","0","0","src/app/data/usage/restaurant.usage.json"
"vocabulary","restaurant-2","L4 Restaurant 2","0","0","src/app/data/usage/restaurant.usage.json"
"vocabulary","restaurant-3","L4 Restaurant 3","0","0","src/app/data/usage/restaurant.usage.json"
"vocabulary","restaurant-4","L4 Restaurant 4","0","0","src/app/data/usage/restaurant.usage.json"
"vocabulary","restaurant-5","L4 Restaurant 5","0","0","src/app/data/usage/restaurant.usage.json"
"vocabulary","restaurant-6","L4 Restaurant 6","0","0","src/app/data/usage/restaurant.usage.json"
"study-materials","restaurant","L4 Restaurant","0","0","src/app/learning/units/restaurant.ts"
"vocabulary","supermarket-1","The Supermarket 1","0","0","src/app/data/usage/supermarket.usage.json"
"vocabulary","supermarket-2","The Supermarket 2","0","0","src/app/data/usage/supermarket.usage.json"
"vocabulary","supermarket-3","The Supermarket 3","0","0","src/app/data/usage/supermarket.usage.json"
"vocabulary","supermarket-4","The Supermarket 4","0","0","src/app/data/usage/supermarket.usage.json"
"vocabulary","supermarket-5","The Supermarket 5","0","0","src/app/data/usage/supermarket.usage.json"
"vocabulary","supermarket-6","The Supermarket 6","0","0","src/app/data/usage/supermarket.usage.json"
"vocabulary","supermarket-7","The Supermarket 7","0","0","src/app/data/usage/supermarket.usage.json"
"vocabulary","supermarket-8","The Supermarket 8","0","0","src/app/data/usage/supermarket.usage.json"
"vocabulary","supermarket-9","The Supermarket 9","0","0","src/app/data/usage/supermarket.usage.json"
"vocabulary","supermarket-10","The Supermarket 10","0","0","src/app/data/usage/supermarket.usage.json"
"vocabulary","supermarket-11","The Supermarket 11","0","0","src/app/data/usage/supermarket.usage.json"
"vocabulary","supermarket-12","The Supermarket 12","0","0","src/app/data/usage/supermarket.usage.json"
"vocabulary","supermarket-13","The Supermarket 13","0","0","src/app/data/usage/supermarket.usage.json"
"vocabulary","supermarket-14","The Supermarket 14","0","0","src/app/data/usage/supermarket.usage.json"
"vocabulary","supermarket-15","The Supermarket 15","0","0","src/app/data/usage/supermarket.usage.json"
"vocabulary","supermarket-16","The Supermarket 16","0","0","src/app/data/usage/supermarket.usage.json"
"vocabulary","supermarket-17","The Supermarket 17","0","0","src/app/data/usage/supermarket.usage.json"
"vocabulary","supermarket-18","The Supermarket 18","0","0","src/app/data/usage/supermarket.usage.json"
"vocabulary","supermarket-19","The Supermarket 19","0","0","src/app/data/usage/supermarket.usage.json"
"vocabulary","supermarket-20","The Supermarket 20","0","0","src/app/data/usage/supermarket.usage.json"
"vocabulary","supermarket-21","The Supermarket 21","0","0","src/app/data/usage/supermarket.usage.json"
"vocabulary","supermarket-22","The Supermarket 22","0","0","src/app/data/usage/supermarket.usage.json"
"vocabulary","supermarket-23","The Supermarket 23","0","0","src/app/data/usage/supermarket.usage.json"
"vocabulary","supermarket-24","The Supermarket 24","0","0","src/app/data/usage/supermarket.usage.json"
"vocabulary","supermarket-25","The Supermarket 25","0","0","src/app/data/usage/supermarket.usage.json"
"study-materials","supermarket","The Supermarket","0","0","src/app/learning/units/supermarket.ts"
"vocabulary","meat-seafood-1","Meat & Seafood 1","0","0","src/app/data/usage/meat-seafood.usage.json"
"vocabulary","meat-seafood-2","Meat & Seafood 2","0","0","src/app/data/usage/meat-seafood.usage.json"
"vocabulary","meat-seafood-3","Meat & Seafood 3","0","0","src/app/data/usage/meat-seafood.usage.json"
"vocabulary","meat-seafood-4","Meat & Seafood 4","0","0","src/app/data/usage/meat-seafood.usage.json"
"study-materials","meat-seafood","Meat & Seafood","0","0","src/app/learning/units/meat-seafood.ts"
"vocabulary","grains-dairy-1","Grains & Dairy 1","0","0","src/app/data/usage/grains-dairy.usage.json"
"vocabulary","grains-dairy-2","Grains & Dairy 2","0","0","src/app/data/usage/grains-dairy.usage.json"
"vocabulary","grains-dairy-3","Grains & Dairy 3","0","0","src/app/data/usage/grains-dairy.usage.json"
"vocabulary","grains-dairy-4","Grains & Dairy 4","0","0","src/app/data/usage/grains-dairy.usage.json"
"study-materials","grains-dairy","Grains & Dairy","0","0","src/app/learning/units/grains-dairy.ts"
"vocabulary","beverages-1","Beverages 1","0","0","src/app/data/usage/beverages.usage.json"
"vocabulary","beverages-2","Beverages 2","0","0","src/app/data/usage/beverages.usage.json"
"vocabulary","beverages-3","Beverages 3","0","0","src/app/data/usage/beverages.usage.json"
"vocabulary","beverages-4","Beverages 4","0","0","src/app/data/usage/beverages.usage.json"
"study-materials","beverages","Beverages","0","0","src/app/learning/units/beverages.ts"
"vocabulary","kitchen-utensils-1","Kitchen Utensils 1","0","0","src/app/data/usage/kitchen-utensils.usage.json"
"vocabulary","kitchen-utensils-2","Kitchen Utensils 2","0","0","src/app/data/usage/kitchen-utensils.usage.json"
"vocabulary","kitchen-utensils-3","Kitchen Utensils 3","0","0","src/app/data/usage/kitchen-utensils.usage.json"
"vocabulary","kitchen-utensils-4","Kitchen Utensils 4","0","0","src/app/data/usage/kitchen-utensils.usage.json"
"study-materials","kitchen-utensils","Kitchen Utensils","0","0","src/app/learning/units/kitchen-utensils.ts"
"vocabulary","cooking-methods-1","Cooking Methods 1","0","0","src/app/data/usage/cooking-methods.usage.json"
"vocabulary","cooking-methods-2","Cooking Methods 2","0","0","src/app/data/usage/cooking-methods.usage.json"
"vocabulary","cooking-methods-3","Cooking Methods 3","0","0","src/app/data/usage/cooking-methods.usage.json"
"vocabulary","cooking-methods-4","Cooking Methods 4","0","0","src/app/data/usage/cooking-methods.usage.json"
"study-materials","cooking-methods","Cooking Methods","0","0","src/app/learning/units/cooking-methods.ts"
"vocabulary","seasonings-condiments-1","Seasonings & Condiments 1","0","0","src/app/data/usage/seasonings-condiments.usage.json"
"vocabulary","seasonings-condiments-2","Seasonings & Condiments 2","0","0","src/app/data/usage/seasonings-condiments.usage.json"
"vocabulary","seasonings-condiments-3","Seasonings & Condiments 3","0","0","src/app/data/usage/seasonings-condiments.usage.json"
"vocabulary","seasonings-condiments-4","Seasonings & Condiments 4","0","0","src/app/data/usage/seasonings-condiments.usage.json"
"study-materials","seasonings-condiments","Seasonings & Condiments","0","0","src/app/learning/units/seasonings-condiments.ts"
"vocabulary","seasons-weather-1","Seasons & Weather 1","0","0","src/app/data/usage/seasons-weather.usage.json"
"vocabulary","seasons-weather-2","Seasons & Weather 2","0","0","src/app/data/usage/seasons-weather.usage.json"
"vocabulary","seasons-weather-3","Seasons & Weather 3","0","0","src/app/data/usage/seasons-weather.usage.json"
"vocabulary","seasons-weather-4","Seasons & Weather 4","0","0","src/app/data/usage/seasons-weather.usage.json"
"study-materials","seasons-weather","Seasons & Weather","0","0","src/app/learning/units/seasons-weather.ts"
"vocabulary","weather-station-1","The Weather Station 1","0","0","src/app/data/usage/weather-station.usage.json"
"vocabulary","weather-station-2","The Weather Station 2","0","0","src/app/data/usage/weather-station.usage.json"
"vocabulary","weather-station-3","The Weather Station 3","0","0","src/app/data/usage/weather-station.usage.json"
"vocabulary","weather-station-4","The Weather Station 4","0","0","src/app/data/usage/weather-station.usage.json"
"vocabulary","weather-station-5","The Weather Station 5","0","0","src/app/data/usage/weather-station.usage.json"
"study-materials","weather-station","The Weather Station","0","0","src/app/learning/units/weather-station.ts"
"vocabulary","community-center-1","The Community Center 1","0","0","src/app/data/usage/community-center.usage.json"
"vocabulary","community-center-2","The Community Center 2","0","0","src/app/data/usage/community-center.usage.json"
"vocabulary","community-center-3","The Community Center 3","0","0","src/app/data/usage/community-center.usage.json"
"vocabulary","community-center-4","The Community Center 4","0","0","src/app/data/usage/community-center.usage.json"
"study-materials","community-center","The Community Center","0","0","src/app/learning/units/community-center.ts"
"vocabulary","police-station-1","The Police Station 1","0","0","src/app/data/usage/police-station.usage.json"
"vocabulary","police-station-2","The Police Station 2","0","0","src/app/data/usage/police-station.usage.json"
"vocabulary","police-station-3","The Police Station 3","0","0","src/app/data/usage/police-station.usage.json"
"vocabulary","police-station-4","The Police Station 4","0","0","src/app/data/usage/police-station.usage.json"
"study-materials","police-station","The Police Station","0","0","src/app/learning/units/police-station.ts"
"vocabulary","first-aid-room-1","The First Aid Room 1","0","0","src/app/data/usage/first-aid-room.usage.json"
"vocabulary","first-aid-room-2","The First Aid Room 2","0","0","src/app/data/usage/first-aid-room.usage.json"
"vocabulary","first-aid-room-3","The First Aid Room 3","0","0","src/app/data/usage/first-aid-room.usage.json"
"vocabulary","first-aid-room-4","The First Aid Room 4","0","0","src/app/data/usage/first-aid-room.usage.json"
"vocabulary","first-aid-room-5","The First Aid Room 5","0","0","src/app/data/usage/first-aid-room.usage.json"
"vocabulary","first-aid-room-6","The First Aid Room 6","0","0","src/app/data/usage/first-aid-room.usage.json"
"vocabulary","first-aid-room-7","The First Aid Room 7","0","0","src/app/data/usage/first-aid-room.usage.json"
"vocabulary","first-aid-room-8","The First Aid Room 8","0","0","src/app/data/usage/first-aid-room.usage.json"
"study-materials","first-aid-room","The First Aid Room","0","0","src/app/learning/units/first-aid-room.ts"
"vocabulary","gas-station-1","The Gas Station 1","0","0","src/app/data/usage/gas-station.usage.json"
"vocabulary","gas-station-2","The Gas Station 2","0","0","src/app/data/usage/gas-station.usage.json"
"vocabulary","gas-station-3","The Gas Station 3","0","0","src/app/data/usage/gas-station.usage.json"
"vocabulary","gas-station-4","The Gas Station 4","0","0","src/app/data/usage/gas-station.usage.json"
"study-materials","gas-station","The Gas Station","0","0","src/app/learning/units/gas-station.ts"
"vocabulary","spatial-relations-1","Spatial Relations 1","0","0","src/app/data/usage/spatial-relations.usage.json"
"vocabulary","spatial-relations-2","Spatial Relations 2","0","0","src/app/data/usage/spatial-relations.usage.json"
"vocabulary","spatial-relations-3","Spatial Relations 3","0","0","src/app/data/usage/spatial-relations.usage.json"
"study-materials","spatial-relations","Spatial Relations","0","0","src/app/learning/units/spatial-relations.ts"
"vocabulary","maps-navigation-1","Maps & Navigation 1","0","0","src/app/data/usage/maps-navigation.usage.json"
"vocabulary","maps-navigation-2","Maps & Navigation 2","0","0","src/app/data/usage/maps-navigation.usage.json"
"vocabulary","maps-navigation-3","Maps & Navigation 3","0","0","src/app/data/usage/maps-navigation.usage.json"
"study-materials","maps-navigation","Maps & Navigation","0","0","src/app/learning/units/maps-navigation.ts"
"vocabulary","communication-verbs-1","Communication Verbs 1","0","0","src/app/data/usage/communication-verbs.usage.json"
"vocabulary","communication-verbs-2","Communication Verbs 2","0","0","src/app/data/usage/communication-verbs.usage.json"
"vocabulary","communication-verbs-3","Communication Verbs 3","0","0","src/app/data/usage/communication-verbs.usage.json"
"vocabulary","communication-verbs-4","Communication Verbs 4","0","0","src/app/data/usage/communication-verbs.usage.json"
"study-materials","communication-verbs","Communication Verbs","0","0","src/app/learning/units/communication-verbs.ts"
"vocabulary","shades-tones-1","Shades & Tones 1","0","0","src/app/data/usage/shades-tones.usage.json"
"vocabulary","shades-tones-2","Shades & Tones 2","0","0","src/app/data/usage/shades-tones.usage.json"
"vocabulary","shades-tones-3","Shades & Tones 3","0","0","src/app/data/usage/shades-tones.usage.json"
"vocabulary","shades-tones-4","Shades & Tones 4","0","0","src/app/data/usage/shades-tones.usage.json"
"study-materials","shades-tones","Shades & Tones","0","0","src/app/learning/units/shades-tones.ts"
"vocabulary","materials-1","Materials 1","0","0","src/app/data/usage/materials.usage.json"
"vocabulary","materials-2","Materials 2","0","0","src/app/data/usage/materials.usage.json"
"vocabulary","materials-3","Materials 3","0","0","src/app/data/usage/materials.usage.json"
"vocabulary","materials-4","Materials 4","0","0","src/app/data/usage/materials.usage.json"
"study-materials","materials","Materials","0","0","src/app/learning/units/materials.ts"
"vocabulary","patterns-textures-1","Patterns & Textures 1","0","0","src/app/data/usage/patterns-textures.usage.json"
"vocabulary","patterns-textures-2","Patterns & Textures 2","0","0","src/app/data/usage/patterns-textures.usage.json"
"vocabulary","patterns-textures-3","Patterns & Textures 3","0","0","src/app/data/usage/patterns-textures.usage.json"
"study-materials","patterns-textures","Patterns & Textures","0","0","src/app/learning/units/patterns-textures.ts"
"vocabulary","measurements-units-1","Measurements & Units 1","0","0","src/app/data/usage/measurements-units.usage.json"
"vocabulary","measurements-units-2","Measurements & Units 2","0","0","src/app/data/usage/measurements-units.usage.json"
"vocabulary","measurements-units-3","Measurements & Units 3","0","0","src/app/data/usage/measurements-units.usage.json"
"vocabulary","measurements-units-4","Measurements & Units 4","0","0","src/app/data/usage/measurements-units.usage.json"
"study-materials","measurements-units","Measurements & Units","0","0","src/app/learning/units/measurements-units.ts"
"vocabulary","money-currency-1","Money & Currency 1","0","0","src/app/data/usage/money-currency.usage.json"
"vocabulary","money-currency-2","Money & Currency 2","0","0","src/app/data/usage/money-currency.usage.json"
"vocabulary","money-currency-3","Money & Currency 3","0","0","src/app/data/usage/money-currency.usage.json"
"vocabulary","money-currency-4","Money & Currency 4","0","0","src/app/data/usage/money-currency.usage.json"
"study-materials","money-currency","Money & Currency","0","0","src/app/learning/units/money-currency.ts"
"vocabulary","sports-equipment-1","Sports Equipment 1","0","0","src/app/data/usage/sports-equipment.usage.json"
"vocabulary","sports-equipment-2","Sports Equipment 2","0","0","src/app/data/usage/sports-equipment.usage.json"
"vocabulary","sports-equipment-3","Sports Equipment 3","0","0","src/app/data/usage/sports-equipment.usage.json"
"vocabulary","sports-equipment-4","Sports Equipment 4","0","0","src/app/data/usage/sports-equipment.usage.json"
"study-materials","sports-equipment","Sports Equipment","0","0","src/app/learning/units/sports-equipment.ts"
"vocabulary","sports-center-1","L4 Sports Center 1","0","0","src/app/data/usage/sports-center.usage.json"
"vocabulary","sports-center-2","L4 Sports Center 2","0","0","src/app/data/usage/sports-center.usage.json"
"vocabulary","sports-center-3","L4 Sports Center 3","0","0","src/app/data/usage/sports-center.usage.json"
"vocabulary","sports-center-4","L4 Sports Center 4","0","0","src/app/data/usage/sports-center.usage.json"
"vocabulary","sports-center-5","L4 Sports Center 5","0","0","src/app/data/usage/sports-center.usage.json"
"study-materials","sports-center","L4 Sports Center","0","0","src/app/learning/units/sports-center.ts"
"vocabulary","beach-1","L4 Beach 1","0","0","src/app/data/usage/beach.usage.json"
"vocabulary","beach-2","L4 Beach 2","0","0","src/app/data/usage/beach.usage.json"
"vocabulary","beach-3","L4 Beach 3","0","0","src/app/data/usage/beach.usage.json"
"vocabulary","beach-4","L4 Beach 4","0","0","src/app/data/usage/beach.usage.json"
"vocabulary","beach-5","L4 Beach 5","0","0","src/app/data/usage/beach.usage.json"
"study-materials","beach","L4 Beach","0","0","src/app/learning/units/beach.ts"
"vocabulary","amusement-park-1","The Amusement Park 1","0","0","src/app/data/usage/amusement-park.usage.json"
"vocabulary","amusement-park-2","The Amusement Park 2","0","0","src/app/data/usage/amusement-park.usage.json"
"vocabulary","amusement-park-3","The Amusement Park 3","0","0","src/app/data/usage/amusement-park.usage.json"
"vocabulary","amusement-park-4","The Amusement Park 4","0","0","src/app/data/usage/amusement-park.usage.json"
"vocabulary","amusement-park-5","The Amusement Park 5","0","0","src/app/data/usage/amusement-park.usage.json"
"study-materials","amusement-park","The Amusement Park","0","0","src/app/learning/units/amusement-park.ts"
"vocabulary","human-body-head-and-face-1","The Human Body (Head & Face) 1","0","0","src/app/data/usage/human-body-head-and-face.usage.json"
"vocabulary","human-body-head-and-face-2","The Human Body (Head & Face) 2","0","0","src/app/data/usage/human-body-head-and-face.usage.json"
"vocabulary","human-body-head-and-face-3","The Human Body (Head & Face) 3","0","0","src/app/data/usage/human-body-head-and-face.usage.json"
"vocabulary","human-body-head-and-face-4","The Human Body (Head & Face) 4","0","0","src/app/data/usage/human-body-head-and-face.usage.json"
"study-materials","human-body-head-and-face","The Human Body (Head & Face)","0","0","src/app/learning/units/human-body-head-and-face.ts"
"vocabulary","human-body-upper-body-1","The Human Body (Upper Body) 1","0","0","src/app/data/usage/human-body-upper-body.usage.json"
"vocabulary","human-body-upper-body-2","The Human Body (Upper Body) 2","0","0","src/app/data/usage/human-body-upper-body.usage.json"
"vocabulary","human-body-upper-body-3","The Human Body (Upper Body) 3","0","0","src/app/data/usage/human-body-upper-body.usage.json"
"vocabulary","human-body-upper-body-4","The Human Body (Upper Body) 4","0","0","src/app/data/usage/human-body-upper-body.usage.json"
"study-materials","human-body-upper-body","The Human Body (Upper Body)","0","0","src/app/learning/units/human-body-upper-body.ts"
"vocabulary","human-body-lower-body-1","The Human Body (Lower Body) 1","0","0","src/app/data/usage/human-body-lower-body.usage.json"
"vocabulary","human-body-lower-body-2","The Human Body (Lower Body) 2","0","0","src/app/data/usage/human-body-lower-body.usage.json"
"vocabulary","human-body-lower-body-3","The Human Body (Lower Body) 3","0","0","src/app/data/usage/human-body-lower-body.usage.json"
"vocabulary","human-body-lower-body-4","The Human Body (Lower Body) 4","0","0","src/app/data/usage/human-body-lower-body.usage.json"
"study-materials","human-body-lower-body","The Human Body (Lower Body)","0","0","src/app/learning/units/human-body-lower-body.ts"
"vocabulary","human-body-hands-and-feet-1","The Human Body (Hands & Feet) 1","0","0","src/app/data/usage/human-body-hands-and-feet.usage.json"
"vocabulary","human-body-hands-and-feet-2","The Human Body (Hands & Feet) 2","0","0","src/app/data/usage/human-body-hands-and-feet.usage.json"
"vocabulary","human-body-hands-and-feet-3","The Human Body (Hands & Feet) 3","0","0","src/app/data/usage/human-body-hands-and-feet.usage.json"
"vocabulary","human-body-hands-and-feet-4","The Human Body (Hands & Feet) 4","0","0","src/app/data/usage/human-body-hands-and-feet.usage.json"
"study-materials","human-body-hands-and-feet","The Human Body (Hands & Feet)","0","0","src/app/learning/units/human-body-hands-and-feet.ts"
"vocabulary","physical-appearance-1","Physical Appearance 1","0","0","src/app/data/usage/physical-appearance.usage.json"
"vocabulary","physical-appearance-2","Physical Appearance 2","0","0","src/app/data/usage/physical-appearance.usage.json"
"vocabulary","physical-appearance-3","Physical Appearance 3","0","0","src/app/data/usage/physical-appearance.usage.json"
"vocabulary","physical-appearance-4","Physical Appearance 4","0","0","src/app/data/usage/physical-appearance.usage.json"
"study-materials","physical-appearance","Physical Appearance","0","0","src/app/learning/units/physical-appearance.ts"
"vocabulary","skin-hair-1","Skin & Hair 1","0","0","src/app/data/usage/skin-hair.usage.json"
"vocabulary","skin-hair-2","Skin & Hair 2","0","0","src/app/data/usage/skin-hair.usage.json"
"vocabulary","skin-hair-3","Skin & Hair 3","0","0","src/app/data/usage/skin-hair.usage.json"
"vocabulary","skin-hair-4","Skin & Hair 4","0","0","src/app/data/usage/skin-hair.usage.json"
"study-materials","skin-hair","Skin & Hair","0","0","src/app/learning/units/skin-hair.ts"
"vocabulary","ages-life-stages-1","Ages & Life Stages 1","0","0","src/app/data/usage/ages-life-stages.usage.json"
"vocabulary","ages-life-stages-2","Ages & Life Stages 2","0","0","src/app/data/usage/ages-life-stages.usage.json"
"vocabulary","ages-life-stages-3","Ages & Life Stages 3","0","0","src/app/data/usage/ages-life-stages.usage.json"
"vocabulary","ages-life-stages-4","Ages & Life Stages 4","0","0","src/app/data/usage/ages-life-stages.usage.json"
"study-materials","ages-life-stages","Ages & Life Stages","0","0","src/app/learning/units/ages-life-stages.ts"
"vocabulary","everyday-clothing-1","Everyday Clothing 1","0","0","src/app/data/usage/everyday-clothing.usage.json"
"vocabulary","everyday-clothing-2","Everyday Clothing 2","0","0","src/app/data/usage/everyday-clothing.usage.json"
"vocabulary","everyday-clothing-3","Everyday Clothing 3","0","0","src/app/data/usage/everyday-clothing.usage.json"
"vocabulary","everyday-clothing-4","Everyday Clothing 4","0","0","src/app/data/usage/everyday-clothing.usage.json"
"study-materials","everyday-clothing","Everyday Clothing","0","0","src/app/learning/units/everyday-clothing.ts"
"vocabulary","accessories-jewelry-1","Accessories & Jewelry 1","0","0","src/app/data/usage/accessories-jewelry.usage.json"
"vocabulary","accessories-jewelry-2","Accessories & Jewelry 2","0","0","src/app/data/usage/accessories-jewelry.usage.json"
"vocabulary","accessories-jewelry-3","Accessories & Jewelry 3","0","0","src/app/data/usage/accessories-jewelry.usage.json"
"vocabulary","accessories-jewelry-4","Accessories & Jewelry 4","0","0","src/app/data/usage/accessories-jewelry.usage.json"
"study-materials","accessories-jewelry","Accessories & Jewelry","0","0","src/app/learning/units/accessories-jewelry.ts"
"vocabulary","footwear-1","Footwear 1","0","0","src/app/data/usage/footwear.usage.json"
"vocabulary","footwear-2","Footwear 2","0","0","src/app/data/usage/footwear.usage.json"
"vocabulary","footwear-3","Footwear 3","0","0","src/app/data/usage/footwear.usage.json"
"vocabulary","footwear-4","Footwear 4","0","0","src/app/data/usage/footwear.usage.json"
"study-materials","footwear","Footwear","0","0","src/app/learning/units/footwear.ts"
"vocabulary","extended-family-1","Extended Family 1","0","0","src/app/data/usage/extended-family.usage.json"
"vocabulary","extended-family-2","Extended Family 2","0","0","src/app/data/usage/extended-family.usage.json"
"vocabulary","extended-family-3","Extended Family 3","0","0","src/app/data/usage/extended-family.usage.json"
"study-materials","extended-family","Extended Family","0","0","src/app/learning/units/extended-family.ts"
"vocabulary","relationships-roles-1","Relationships & Roles 1","0","0","src/app/data/usage/relationships-roles.usage.json"
"vocabulary","relationships-roles-2","Relationships & Roles 2","0","0","src/app/data/usage/relationships-roles.usage.json"
"vocabulary","relationships-roles-3","Relationships & Roles 3","0","0","src/app/data/usage/relationships-roles.usage.json"
"study-materials","relationships-roles","Relationships & Roles","0","0","src/app/learning/units/relationships-roles.ts"
"vocabulary","life-events-1","Life Events 1","0","0","src/app/data/usage/life-events.usage.json"
"vocabulary","life-events-2","Life Events 2","0","0","src/app/data/usage/life-events.usage.json"
"vocabulary","life-events-3","Life Events 3","0","0","src/app/data/usage/life-events.usage.json"
"vocabulary","life-events-4","Life Events 4","0","0","src/app/data/usage/life-events.usage.json"
"study-materials","life-events","Life Events","0","0","src/app/learning/units/life-events.ts"
"vocabulary","birthday-party-1","The Birthday Party 1","0","0","src/app/data/usage/birthday-party.usage.json"
"vocabulary","birthday-party-2","The Birthday Party 2","0","0","src/app/data/usage/birthday-party.usage.json"
"vocabulary","birthday-party-3","The Birthday Party 3","0","0","src/app/data/usage/birthday-party.usage.json"
"vocabulary","birthday-party-4","The Birthday Party 4","0","0","src/app/data/usage/birthday-party.usage.json"
"study-materials","birthday-party","The Birthday Party","0","0","src/app/learning/units/birthday-party.ts"
"vocabulary","wedding-1","The Wedding 1","0","0","src/app/data/usage/wedding.usage.json"
"vocabulary","wedding-2","The Wedding 2","0","0","src/app/data/usage/wedding.usage.json"
"vocabulary","wedding-3","The Wedding 3","0","0","src/app/data/usage/wedding.usage.json"
"vocabulary","wedding-4","The Wedding 4","0","0","src/app/data/usage/wedding.usage.json"
"study-materials","wedding","The Wedding","0","0","src/app/learning/units/wedding.ts"
"vocabulary","graduation-1","The Graduation 1","0","0","src/app/data/usage/graduation.usage.json"
"vocabulary","graduation-2","The Graduation 2","0","0","src/app/data/usage/graduation.usage.json"
"vocabulary","graduation-3","The Graduation 3","0","0","src/app/data/usage/graduation.usage.json"
"vocabulary","graduation-4","The Graduation 4","0","0","src/app/data/usage/graduation.usage.json"
"study-materials","graduation","The Graduation","0","0","src/app/learning/units/graduation.ts"
"vocabulary","facial-expressions-1","Facial Expressions 1","0","0","src/app/data/usage/facial-expressions.usage.json"
"vocabulary","facial-expressions-2","Facial Expressions 2","0","0","src/app/data/usage/facial-expressions.usage.json"
"vocabulary","facial-expressions-3","Facial Expressions 3","0","0","src/app/data/usage/facial-expressions.usage.json"
"vocabulary","facial-expressions-4","Facial Expressions 4","0","0","src/app/data/usage/facial-expressions.usage.json"
"study-materials","facial-expressions","Facial Expressions","0","0","src/app/learning/units/facial-expressions.ts"
"vocabulary","complex-feelings-1","Complex Feelings 1","0","0","src/app/data/usage/complex-feelings.usage.json"
"vocabulary","complex-feelings-2","Complex Feelings 2","0","0","src/app/data/usage/complex-feelings.usage.json"
"vocabulary","complex-feelings-3","Complex Feelings 3","0","0","src/app/data/usage/complex-feelings.usage.json"
"vocabulary","complex-feelings-4","Complex Feelings 4","0","0","src/app/data/usage/complex-feelings.usage.json"
"study-materials","complex-feelings","Complex Feelings","0","0","src/app/learning/units/complex-feelings.ts"
"vocabulary","social-situations-1","Social Situations 1","0","0","src/app/data/usage/social-situations.usage.json"
"vocabulary","social-situations-2","Social Situations 2","0","0","src/app/data/usage/social-situations.usage.json"
"vocabulary","social-situations-3","Social Situations 3","0","0","src/app/data/usage/social-situations.usage.json"
"study-materials","social-situations","Social Situations","0","0","src/app/learning/units/social-situations.ts"
"vocabulary","personality-character-1","Personality & Character 1","0","0","src/app/data/usage/personality-character.usage.json"
"vocabulary","personality-character-2","Personality & Character 2","0","0","src/app/data/usage/personality-character.usage.json"
"vocabulary","personality-character-3","Personality & Character 3","0","0","src/app/data/usage/personality-character.usage.json"
"vocabulary","personality-character-4","Personality & Character 4","0","0","src/app/data/usage/personality-character.usage.json"
"study-materials","personality-character","Personality & Character","0","0","src/app/learning/units/personality-character.ts"
"vocabulary","indoor-hobbies-1","Indoor Hobbies 1","0","0","src/app/data/usage/indoor-hobbies.usage.json"
"vocabulary","indoor-hobbies-2","Indoor Hobbies 2","0","0","src/app/data/usage/indoor-hobbies.usage.json"
"vocabulary","indoor-hobbies-3","Indoor Hobbies 3","0","0","src/app/data/usage/indoor-hobbies.usage.json"
"study-materials","indoor-hobbies","Indoor Hobbies","0","0","src/app/learning/units/indoor-hobbies.ts"
"vocabulary","creative-hobbies-1","Creative Hobbies 1","0","0","src/app/data/usage/creative-hobbies.usage.json"
"vocabulary","creative-hobbies-2","Creative Hobbies 2","0","0","src/app/data/usage/creative-hobbies.usage.json"
"vocabulary","creative-hobbies-3","Creative Hobbies 3","0","0","src/app/data/usage/creative-hobbies.usage.json"
"study-materials","creative-hobbies","Creative Hobbies","0","0","src/app/learning/units/creative-hobbies.ts"
"vocabulary","shopping-mall-1","The Shopping Mall 1","0","0","src/app/data/usage/shopping-mall.usage.json"
"vocabulary","shopping-mall-2","The Shopping Mall 2","0","0","src/app/data/usage/shopping-mall.usage.json"
"vocabulary","shopping-mall-3","The Shopping Mall 3","0","0","src/app/data/usage/shopping-mall.usage.json"
"vocabulary","shopping-mall-4","The Shopping Mall 4","0","0","src/app/data/usage/shopping-mall.usage.json"
"study-materials","shopping-mall","The Shopping Mall","0","0","src/app/learning/units/shopping-mall.ts"
"vocabulary","hospital-1","L5 Hospital 1","0","0","src/app/data/usage/hospital.usage.json"
"vocabulary","hospital-2","L5 Hospital 2","0","0","src/app/data/usage/hospital.usage.json"
"vocabulary","hospital-3","L5 Hospital 3","0","0","src/app/data/usage/hospital.usage.json"
"vocabulary","hospital-4","L5 Hospital 4","0","0","src/app/data/usage/hospital.usage.json"
"vocabulary","hospital-5","L5 Hospital 5","0","0","src/app/data/usage/hospital.usage.json"
"vocabulary","hospital-6","L5 Hospital 6","0","0","src/app/data/usage/hospital.usage.json"
"vocabulary","hospital-7","L5 Hospital 7","0","0","src/app/data/usage/hospital.usage.json"
"vocabulary","hospital-8","L5 Hospital 8","0","0","src/app/data/usage/hospital.usage.json"
"vocabulary","hospital-9","L5 Hospital 9","0","0","src/app/data/usage/hospital.usage.json"
"study-materials","hospital","L5 Hospital","0","0","src/app/learning/units/hospital.ts"
"vocabulary","pharmacy-1","The Pharmacy 1","0","0","src/app/data/usage/pharmacy.usage.json"
"vocabulary","pharmacy-2","The Pharmacy 2","0","0","src/app/data/usage/pharmacy.usage.json"
"vocabulary","pharmacy-3","The Pharmacy 3","0","0","src/app/data/usage/pharmacy.usage.json"
"vocabulary","pharmacy-4","The Pharmacy 4","0","0","src/app/data/usage/pharmacy.usage.json"
"vocabulary","pharmacy-5","The Pharmacy 5","0","0","src/app/data/usage/pharmacy.usage.json"
"vocabulary","pharmacy-6","The Pharmacy 6","0","0","src/app/data/usage/pharmacy.usage.json"
"vocabulary","pharmacy-7","The Pharmacy 7","0","0","src/app/data/usage/pharmacy.usage.json"
"vocabulary","pharmacy-8","The Pharmacy 8","0","0","src/app/data/usage/pharmacy.usage.json"
"study-materials","pharmacy","The Pharmacy","0","0","src/app/learning/units/pharmacy.ts"
"vocabulary","dentist-1","The Dentist 1","0","0","src/app/data/usage/dentist.usage.json"
"vocabulary","dentist-2","The Dentist 2","0","0","src/app/data/usage/dentist.usage.json"
"vocabulary","dentist-3","The Dentist 3","0","0","src/app/data/usage/dentist.usage.json"
"vocabulary","dentist-4","The Dentist 4","0","0","src/app/data/usage/dentist.usage.json"
"vocabulary","dentist-5","The Dentist 5","0","0","src/app/data/usage/dentist.usage.json"
"vocabulary","dentist-6","The Dentist 6","0","0","src/app/data/usage/dentist.usage.json"
"vocabulary","dentist-7","The Dentist 7","0","0","src/app/data/usage/dentist.usage.json"
"vocabulary","dentist-8","The Dentist 8","0","0","src/app/data/usage/dentist.usage.json"
"study-materials","dentist","The Dentist","0","0","src/app/learning/units/dentist.ts"
"vocabulary","dental-clinic-1","The Dental Clinic 1","0","0","src/app/data/usage/dental-clinic.usage.json"
"vocabulary","dental-clinic-2","The Dental Clinic 2","0","0","src/app/data/usage/dental-clinic.usage.json"
"vocabulary","dental-clinic-3","The Dental Clinic 3","0","0","src/app/data/usage/dental-clinic.usage.json"
"vocabulary","dental-clinic-4","The Dental Clinic 4","0","0","src/app/data/usage/dental-clinic.usage.json"
"vocabulary","dental-clinic-5","The Dental Clinic 5","0","0","src/app/data/usage/dental-clinic.usage.json"
"vocabulary","dental-clinic-6","The Dental Clinic 6","0","0","src/app/data/usage/dental-clinic.usage.json"
"vocabulary","dental-clinic-7","The Dental Clinic 7","0","0","src/app/data/usage/dental-clinic.usage.json"
"vocabulary","dental-clinic-8","The Dental Clinic 8","0","0","src/app/data/usage/dental-clinic.usage.json"
"study-materials","dental-clinic","The Dental Clinic","0","0","src/app/learning/units/dental-clinic.ts"
"vocabulary","eye-doctor-1","The Eye Doctor 1","0","0","src/app/data/usage/eye-doctor.usage.json"
"vocabulary","eye-doctor-2","The Eye Doctor 2","0","0","src/app/data/usage/eye-doctor.usage.json"
"vocabulary","eye-doctor-3","The Eye Doctor 3","0","0","src/app/data/usage/eye-doctor.usage.json"
"vocabulary","eye-doctor-4","The Eye Doctor 4","0","0","src/app/data/usage/eye-doctor.usage.json"
"vocabulary","eye-doctor-5","The Eye Doctor 5","0","0","src/app/data/usage/eye-doctor.usage.json"
"vocabulary","eye-doctor-6","The Eye Doctor 6","0","0","src/app/data/usage/eye-doctor.usage.json"
"vocabulary","eye-doctor-7","The Eye Doctor 7","0","0","src/app/data/usage/eye-doctor.usage.json"
"vocabulary","eye-doctor-8","The Eye Doctor 8","0","0","src/app/data/usage/eye-doctor.usage.json"
"study-materials","eye-doctor","The Eye Doctor","0","0","src/app/learning/units/eye-doctor.ts"
"vocabulary","hair-salon-1","The Hair Salon 1","0","0","src/app/data/usage/hair-salon.usage.json"
"vocabulary","hair-salon-2","The Hair Salon 2","0","0","src/app/data/usage/hair-salon.usage.json"
"vocabulary","hair-salon-3","The Hair Salon 3","0","0","src/app/data/usage/hair-salon.usage.json"
"vocabulary","hair-salon-4","The Hair Salon 4","0","0","src/app/data/usage/hair-salon.usage.json"
"vocabulary","hair-salon-5","The Hair Salon 5","0","0","src/app/data/usage/hair-salon.usage.json"
"vocabulary","hair-salon-6","The Hair Salon 6","0","0","src/app/data/usage/hair-salon.usage.json"
"vocabulary","hair-salon-7","The Hair Salon 7","0","0","src/app/data/usage/hair-salon.usage.json"
"study-materials","hair-salon","The Hair Salon","0","0","src/app/learning/units/hair-salon.ts"
"vocabulary","barbershop-1","The Barbershop 1","0","0","src/app/data/usage/barbershop.usage.json"
"vocabulary","barbershop-2","The Barbershop 2","0","0","src/app/data/usage/barbershop.usage.json"
"vocabulary","barbershop-3","The Barbershop 3","0","0","src/app/data/usage/barbershop.usage.json"
"vocabulary","barbershop-4","The Barbershop 4","0","0","src/app/data/usage/barbershop.usage.json"
"study-materials","barbershop","The Barbershop","0","0","src/app/learning/units/barbershop.ts"
"vocabulary","spa-1","The Spa 1","0","0","src/app/data/usage/spa.usage.json"
"vocabulary","spa-2","The Spa 2","0","0","src/app/data/usage/spa.usage.json"
"vocabulary","spa-3","The Spa 3","0","0","src/app/data/usage/spa.usage.json"
"vocabulary","spa-4","The Spa 4","0","0","src/app/data/usage/spa.usage.json"
"vocabulary","spa-5","The Spa 5","0","0","src/app/data/usage/spa.usage.json"
"vocabulary","spa-6","The Spa 6","0","0","src/app/data/usage/spa.usage.json"
"vocabulary","spa-7","The Spa 7","0","0","src/app/data/usage/spa.usage.json"
"vocabulary","spa-8","The Spa 8","0","0","src/app/data/usage/spa.usage.json"
"study-materials","spa","The Spa","0","0","src/app/learning/units/spa.ts"
"vocabulary","gym-1","The Gym 1","0","0","src/app/data/usage/gym.usage.json"
"vocabulary","gym-2","The Gym 2","0","0","src/app/data/usage/gym.usage.json"
"vocabulary","gym-3","The Gym 3","0","0","src/app/data/usage/gym.usage.json"
"vocabulary","gym-4","The Gym 4","0","0","src/app/data/usage/gym.usage.json"
"vocabulary","gym-5","The Gym 5","0","0","src/app/data/usage/gym.usage.json"
"vocabulary","gym-6","The Gym 6","0","0","src/app/data/usage/gym.usage.json"
"study-materials","gym","The Gym","0","0","src/app/learning/units/gym.ts"
"vocabulary","bicycle-shop-1","The Bicycle Shop 1","0","0","src/app/data/usage/bicycle-shop.usage.json"
"vocabulary","bicycle-shop-2","The Bicycle Shop 2","0","0","src/app/data/usage/bicycle-shop.usage.json"
"vocabulary","bicycle-shop-3","The Bicycle Shop 3","0","0","src/app/data/usage/bicycle-shop.usage.json"
"vocabulary","bicycle-shop-4","The Bicycle Shop 4","0","0","src/app/data/usage/bicycle-shop.usage.json"
"study-materials","bicycle-shop","The Bicycle Shop","0","0","src/app/learning/units/bicycle-shop.ts"
"vocabulary","bus-station-1","The Bus Station 1","0","0","src/app/data/usage/bus-station.usage.json"
"vocabulary","bus-station-2","The Bus Station 2","0","0","src/app/data/usage/bus-station.usage.json"
"vocabulary","bus-station-3","The Bus Station 3","0","0","src/app/data/usage/bus-station.usage.json"
"vocabulary","bus-station-4","The Bus Station 4","0","0","src/app/data/usage/bus-station.usage.json"
"study-materials","bus-station","The Bus Station","0","0","src/app/learning/units/bus-station.ts"
"vocabulary","subway-1","The Subway 1","0","0","src/app/data/usage/subway.usage.json"
"vocabulary","subway-2","The Subway 2","0","0","src/app/data/usage/subway.usage.json"
"vocabulary","subway-3","The Subway 3","0","0","src/app/data/usage/subway.usage.json"
"vocabulary","subway-4","The Subway 4","0","0","src/app/data/usage/subway.usage.json"
"study-materials","subway","The Subway","0","0","src/app/learning/units/subway.ts"
"vocabulary","car-wash-1","The Car Wash 1","0","0","src/app/data/usage/car-wash.usage.json"
"vocabulary","car-wash-2","The Car Wash 2","0","0","src/app/data/usage/car-wash.usage.json"
"vocabulary","car-wash-3","The Car Wash 3","0","0","src/app/data/usage/car-wash.usage.json"
"vocabulary","car-wash-4","The Car Wash 4","0","0","src/app/data/usage/car-wash.usage.json"
"study-materials","car-wash","The Car Wash","0","0","src/app/learning/units/car-wash.ts"
"vocabulary","hotel-1","The Hotel 1","0","0","src/app/data/usage/hotel.usage.json"
"vocabulary","hotel-2","The Hotel 2","0","0","src/app/data/usage/hotel.usage.json"
"vocabulary","hotel-3","The Hotel 3","0","0","src/app/data/usage/hotel.usage.json"
"vocabulary","hotel-4","The Hotel 4","0","0","src/app/data/usage/hotel.usage.json"
"vocabulary","hotel-5","The Hotel 5","0","0","src/app/data/usage/hotel.usage.json"
"study-materials","hotel","The Hotel","0","0","src/app/learning/units/hotel.ts"
"vocabulary","laundromat-1","The Laundromat 1","0","0","src/app/data/usage/laundromat.usage.json"
"vocabulary","laundromat-2","The Laundromat 2","0","0","src/app/data/usage/laundromat.usage.json"
"vocabulary","laundromat-3","The Laundromat 3","0","0","src/app/data/usage/laundromat.usage.json"
"vocabulary","laundromat-4","The Laundromat 4","0","0","src/app/data/usage/laundromat.usage.json"
"vocabulary","laundromat-5","The Laundromat 5","0","0","src/app/data/usage/laundromat.usage.json"
"study-materials","laundromat","The Laundromat","0","0","src/app/learning/units/laundromat.ts"
"vocabulary","library-1","The Library 1","0","0","src/app/data/usage/library.usage.json"
"vocabulary","library-2","The Library 2","0","0","src/app/data/usage/library.usage.json"
"vocabulary","library-3","The Library 3","0","0","src/app/data/usage/library.usage.json"
"vocabulary","library-4","The Library 4","0","0","src/app/data/usage/library.usage.json"
"study-materials","library","The Library","0","0","src/app/learning/units/library.ts"
"vocabulary","art-studio-1","The Art Studio 1","0","0","src/app/data/usage/art-studio.usage.json"
"vocabulary","art-studio-2","The Art Studio 2","0","0","src/app/data/usage/art-studio.usage.json"
"vocabulary","art-studio-3","The Art Studio 3","0","0","src/app/data/usage/art-studio.usage.json"
"vocabulary","art-studio-4","The Art Studio 4","0","0","src/app/data/usage/art-studio.usage.json"
"vocabulary","art-studio-5","The Art Studio 5","0","0","src/app/data/usage/art-studio.usage.json"
"study-materials","art-studio","The Art Studio","0","0","src/app/learning/units/art-studio.ts"
"vocabulary","dance-studio-1","The Dance Studio 1","0","0","src/app/data/usage/dance-studio.usage.json"
"vocabulary","dance-studio-2","The Dance Studio 2","0","0","src/app/data/usage/dance-studio.usage.json"
"vocabulary","dance-studio-3","The Dance Studio 3","0","0","src/app/data/usage/dance-studio.usage.json"
"vocabulary","dance-studio-4","The Dance Studio 4","0","0","src/app/data/usage/dance-studio.usage.json"
"vocabulary","dance-studio-5","The Dance Studio 5","0","0","src/app/data/usage/dance-studio.usage.json"
"study-materials","dance-studio","The Dance Studio","0","0","src/app/learning/units/dance-studio.ts"
"vocabulary","photography-studio-1","The Photography Studio 1","0","0","src/app/data/usage/photography-studio.usage.json"
"vocabulary","photography-studio-2","The Photography Studio 2","0","0","src/app/data/usage/photography-studio.usage.json"
"vocabulary","photography-studio-3","The Photography Studio 3","0","0","src/app/data/usage/photography-studio.usage.json"
"vocabulary","photography-studio-4","The Photography Studio 4","0","0","src/app/data/usage/photography-studio.usage.json"
"vocabulary","photography-studio-5","The Photography Studio 5","0","0","src/app/data/usage/photography-studio.usage.json"
"vocabulary","photography-studio-6","The Photography Studio 6","0","0","src/app/data/usage/photography-studio.usage.json"
"study-materials","photography-studio","The Photography Studio","0","0","src/app/learning/units/photography-studio.ts"
"vocabulary","music-room-1","L7 Music Room 1","0","0","src/app/data/usage/music-room.usage.json"
"vocabulary","music-room-2","L7 Music Room 2","0","0","src/app/data/usage/music-room.usage.json"
"vocabulary","music-room-3","L7 Music Room 3","0","0","src/app/data/usage/music-room.usage.json"
"vocabulary","music-room-4","L7 Music Room 4","0","0","src/app/data/usage/music-room.usage.json"
"study-materials","music-room","L7 Music Room","0","0","src/app/learning/units/music-room.ts"
"vocabulary","five-senses-1","The Five Senses 1","0","0","src/app/data/usage/five-senses.usage.json"
"vocabulary","five-senses-2","The Five Senses 2","0","0","src/app/data/usage/five-senses.usage.json"
"vocabulary","five-senses-3","The Five Senses 3","0","0","src/app/data/usage/five-senses.usage.json"
"vocabulary","five-senses-4","The Five Senses 4","0","0","src/app/data/usage/five-senses.usage.json"
"study-materials","five-senses","The Five Senses","0","0","src/app/learning/units/five-senses.ts"
"vocabulary","internal-organs-1","Internal Organs 1","0","0","src/app/data/usage/internal-organs.usage.json"
"vocabulary","internal-organs-2","Internal Organs 2","0","0","src/app/data/usage/internal-organs.usage.json"
"vocabulary","internal-organs-3","Internal Organs 3","0","0","src/app/data/usage/internal-organs.usage.json"
"vocabulary","internal-organs-4","Internal Organs 4","0","0","src/app/data/usage/internal-organs.usage.json"
"study-materials","internal-organs","Internal Organs","0","0","src/app/learning/units/internal-organs.ts"
"vocabulary","skeleton-1","The Skeleton 1","0","0","src/app/data/usage/skeleton.usage.json"
"vocabulary","skeleton-2","The Skeleton 2","0","0","src/app/data/usage/skeleton.usage.json"
"vocabulary","skeleton-3","The Skeleton 3","0","0","src/app/data/usage/skeleton.usage.json"
"vocabulary","skeleton-4","The Skeleton 4","0","0","src/app/data/usage/skeleton.usage.json"
"study-materials","skeleton","The Skeleton","0","0","src/app/learning/units/skeleton.ts"
"vocabulary","body-systems-1","Body Systems 1","0","0","src/app/data/usage/body-systems.usage.json"
"vocabulary","body-systems-2","Body Systems 2","0","0","src/app/data/usage/body-systems.usage.json"
"vocabulary","body-systems-3","Body Systems 3","0","0","src/app/data/usage/body-systems.usage.json"
"vocabulary","body-systems-4","Body Systems 4","0","0","src/app/data/usage/body-systems.usage.json"
"study-materials","body-systems","Body Systems","0","0","src/app/learning/units/body-systems.ts"
"vocabulary","camping-site-1","The Camping Site 1","0","0","src/app/data/usage/camping-site.usage.json"
"vocabulary","camping-site-2","The Camping Site 2","0","0","src/app/data/usage/camping-site.usage.json"
"vocabulary","camping-site-3","The Camping Site 3","0","0","src/app/data/usage/camping-site.usage.json"
"vocabulary","camping-site-4","The Camping Site 4","0","0","src/app/data/usage/camping-site.usage.json"
"vocabulary","camping-site-5","The Camping Site 5","0","0","src/app/data/usage/camping-site.usage.json"
"study-materials","camping-site","The Camping Site","0","0","src/app/learning/units/camping-site.ts"
"vocabulary","forest-1","The Forest 1","0","0","src/app/data/usage/forest.usage.json"
"vocabulary","forest-2","The Forest 2","0","0","src/app/data/usage/forest.usage.json"
"vocabulary","forest-3","The Forest 3","0","0","src/app/data/usage/forest.usage.json"
"vocabulary","forest-4","The Forest 4","0","0","src/app/data/usage/forest.usage.json"
"study-materials","forest","The Forest","0","0","src/app/learning/units/forest.ts"
"vocabulary","mountain-1","The Mountain 1","0","0","src/app/data/usage/mountain.usage.json"
"vocabulary","mountain-2","The Mountain 2","0","0","src/app/data/usage/mountain.usage.json"
"vocabulary","mountain-3","The Mountain 3","0","0","src/app/data/usage/mountain.usage.json"
"vocabulary","mountain-4","The Mountain 4","0","0","src/app/data/usage/mountain.usage.json"
"study-materials","mountain","The Mountain","0","0","src/app/learning/units/mountain.ts"
"vocabulary","river-1","The River 1","0","0","src/app/data/usage/river.usage.json"
"vocabulary","river-2","The River 2","0","0","src/app/data/usage/river.usage.json"
"vocabulary","river-3","The River 3","0","0","src/app/data/usage/river.usage.json"
"vocabulary","river-4","The River 4","0","0","src/app/data/usage/river.usage.json"
"study-materials","river","The River","0","0","src/app/learning/units/river.ts"
"vocabulary","savanna-1","The Savanna 1","0","0","src/app/data/usage/savanna.usage.json"
"vocabulary","savanna-2","The Savanna 2","0","0","src/app/data/usage/savanna.usage.json"
"vocabulary","savanna-3","The Savanna 3","0","0","src/app/data/usage/savanna.usage.json"
"vocabulary","savanna-4","The Savanna 4","0","0","src/app/data/usage/savanna.usage.json"
"study-materials","savanna","The Savanna","0","0","src/app/learning/units/savanna.ts"
"vocabulary","coral-reef-1","The Coral Reef 1","0","0","src/app/data/usage/coral-reef.usage.json"
"vocabulary","coral-reef-2","The Coral Reef 2","0","0","src/app/data/usage/coral-reef.usage.json"
"vocabulary","coral-reef-3","The Coral Reef 3","0","0","src/app/data/usage/coral-reef.usage.json"
"vocabulary","coral-reef-4","The Coral Reef 4","0","0","src/app/data/usage/coral-reef.usage.json"
"vocabulary","coral-reef-5","The Coral Reef 5","0","0","src/app/data/usage/coral-reef.usage.json"
"vocabulary","coral-reef-6","The Coral Reef 6","0","0","src/app/data/usage/coral-reef.usage.json"
"study-materials","coral-reef","The Coral Reef","0","0","src/app/learning/units/coral-reef.ts"
"vocabulary","desert-1","The Desert 1","0","0","src/app/data/usage/desert.usage.json"
"vocabulary","desert-2","The Desert 2","0","0","src/app/data/usage/desert.usage.json"
"vocabulary","desert-3","The Desert 3","0","0","src/app/data/usage/desert.usage.json"
"vocabulary","desert-4","The Desert 4","0","0","src/app/data/usage/desert.usage.json"
"vocabulary","desert-5","The Desert 5","0","0","src/app/data/usage/desert.usage.json"
"study-materials","desert","The Desert","0","0","src/app/learning/units/desert.ts"
"vocabulary","jungle-1","The Jungle 1","0","0","src/app/data/usage/jungle.usage.json"
"vocabulary","jungle-2","The Jungle 2","0","0","src/app/data/usage/jungle.usage.json"
"vocabulary","jungle-3","The Jungle 3","0","0","src/app/data/usage/jungle.usage.json"
"vocabulary","jungle-4","The Jungle 4","0","0","src/app/data/usage/jungle.usage.json"
"vocabulary","jungle-5","The Jungle 5","0","0","src/app/data/usage/jungle.usage.json"
"study-materials","jungle","The Jungle","0","0","src/app/learning/units/jungle.ts"
"vocabulary","volcano-1","The Volcano 1","0","0","src/app/data/usage/volcano.usage.json"
"vocabulary","volcano-2","The Volcano 2","0","0","src/app/data/usage/volcano.usage.json"
"vocabulary","volcano-3","The Volcano 3","0","0","src/app/data/usage/volcano.usage.json"
"vocabulary","volcano-4","The Volcano 4","0","0","src/app/data/usage/volcano.usage.json"
"vocabulary","volcano-5","The Volcano 5","0","0","src/app/data/usage/volcano.usage.json"
"study-materials","volcano","The Volcano","0","0","src/app/learning/units/volcano.ts"
"vocabulary","bird-sanctuary-1","The Bird Sanctuary 1","0","0","src/app/data/usage/bird-sanctuary.usage.json"
"vocabulary","bird-sanctuary-2","The Bird Sanctuary 2","0","0","src/app/data/usage/bird-sanctuary.usage.json"
"vocabulary","bird-sanctuary-3","The Bird Sanctuary 3","0","0","src/app/data/usage/bird-sanctuary.usage.json"
"vocabulary","bird-sanctuary-4","The Bird Sanctuary 4","0","0","src/app/data/usage/bird-sanctuary.usage.json"
"study-materials","bird-sanctuary","The Bird Sanctuary","0","0","src/app/learning/units/bird-sanctuary.ts"
"vocabulary","butterfly-garden-1","The Butterfly Garden 1","0","0","src/app/data/usage/butterfly-garden.usage.json"
"vocabulary","butterfly-garden-2","The Butterfly Garden 2","0","0","src/app/data/usage/butterfly-garden.usage.json"
"vocabulary","butterfly-garden-3","The Butterfly Garden 3","0","0","src/app/data/usage/butterfly-garden.usage.json"
"vocabulary","butterfly-garden-4","The Butterfly Garden 4","0","0","src/app/data/usage/butterfly-garden.usage.json"
"study-materials","butterfly-garden","The Butterfly Garden","0","0","src/app/learning/units/butterfly-garden.ts"
"vocabulary","insect-world-1","The Insect World 1","0","0","src/app/data/usage/insect-world.usage.json"
"vocabulary","insect-world-2","The Insect World 2","0","0","src/app/data/usage/insect-world.usage.json"
"vocabulary","insect-world-3","The Insect World 3","0","0","src/app/data/usage/insect-world.usage.json"
"vocabulary","insect-world-4","The Insect World 4","0","0","src/app/data/usage/insect-world.usage.json"
"study-materials","insect-world","The Insect World","0","0","src/app/learning/units/insect-world.ts"
"vocabulary","reptile-house-1","The Reptile House 1","0","0","src/app/data/usage/reptile-house.usage.json"
"vocabulary","reptile-house-2","The Reptile House 2","0","0","src/app/data/usage/reptile-house.usage.json"
"vocabulary","reptile-house-3","The Reptile House 3","0","0","src/app/data/usage/reptile-house.usage.json"
"vocabulary","reptile-house-4","The Reptile House 4","0","0","src/app/data/usage/reptile-house.usage.json"
"study-materials","reptile-house","The Reptile House","0","0","src/app/learning/units/reptile-house.ts"
"vocabulary","zoo-1","L5 Zoo 1","0","0","src/app/data/usage/zoo.usage.json"
"vocabulary","zoo-2","L5 Zoo 2","0","0","src/app/data/usage/zoo.usage.json"
"vocabulary","zoo-3","L5 Zoo 3","0","0","src/app/data/usage/zoo.usage.json"
"vocabulary","zoo-4","L5 Zoo 4","0","0","src/app/data/usage/zoo.usage.json"
"vocabulary","zoo-5","L5 Zoo 5","0","0","src/app/data/usage/zoo.usage.json"
"study-materials","zoo","L5 Zoo","0","0","src/app/learning/units/zoo.ts"
"vocabulary","aquarium-1","L6 Aquarium 1","0","0","src/app/data/usage/aquarium.usage.json"
"vocabulary","aquarium-2","L6 Aquarium 2","0","0","src/app/data/usage/aquarium.usage.json"
"vocabulary","aquarium-3","L6 Aquarium 3","0","0","src/app/data/usage/aquarium.usage.json"
"vocabulary","aquarium-4","L6 Aquarium 4","0","0","src/app/data/usage/aquarium.usage.json"
"study-materials","aquarium","L6 Aquarium","0","0","src/app/learning/units/aquarium.ts"
"vocabulary","train-station-1","L6 Train Station 1","0","0","src/app/data/usage/train-station.usage.json"
"vocabulary","train-station-2","L6 Train Station 2","0","0","src/app/data/usage/train-station.usage.json"
"vocabulary","train-station-3","L6 Train Station 3","0","0","src/app/data/usage/train-station.usage.json"
"vocabulary","train-station-4","L6 Train Station 4","0","0","src/app/data/usage/train-station.usage.json"
"study-materials","train-station","L6 Train Station","0","0","src/app/learning/units/train-station.ts"
"vocabulary","airport-1","L6 Airport 1","0","0","src/app/data/usage/airport.usage.json"
"vocabulary","airport-2","L6 Airport 2","0","0","src/app/data/usage/airport.usage.json"
"vocabulary","airport-3","L6 Airport 3","0","0","src/app/data/usage/airport.usage.json"
"vocabulary","airport-4","L6 Airport 4","0","0","src/app/data/usage/airport.usage.json"
"study-materials","airport","L6 Airport","0","0","src/app/learning/units/airport.ts"
"vocabulary","harbor-1","The Harbor 1","0","0","src/app/data/usage/harbor.usage.json"
"vocabulary","harbor-2","The Harbor 2","0","0","src/app/data/usage/harbor.usage.json"
"vocabulary","harbor-3","The Harbor 3","0","0","src/app/data/usage/harbor.usage.json"
"vocabulary","harbor-4","The Harbor 4","0","0","src/app/data/usage/harbor.usage.json"
"vocabulary","harbor-5","The Harbor 5","0","0","src/app/data/usage/harbor.usage.json"
"study-materials","harbor","The Harbor","0","0","src/app/learning/units/harbor.ts"
"vocabulary","theater-1","The Theater 1","0","0","src/app/data/usage/theater.usage.json"
"vocabulary","theater-2","The Theater 2","0","0","src/app/data/usage/theater.usage.json"
"vocabulary","theater-3","The Theater 3","0","0","src/app/data/usage/theater.usage.json"
"vocabulary","theater-4","The Theater 4","0","0","src/app/data/usage/theater.usage.json"
"vocabulary","theater-5","The Theater 5","0","0","src/app/data/usage/theater.usage.json"
"study-materials","theater","The Theater","0","0","src/app/learning/units/theater.ts"
"vocabulary","orchestra-1","The Orchestra 1","0","0","src/app/data/usage/orchestra.usage.json"
"vocabulary","orchestra-2","The Orchestra 2","0","0","src/app/data/usage/orchestra.usage.json"
"vocabulary","orchestra-3","The Orchestra 3","0","0","src/app/data/usage/orchestra.usage.json"
"vocabulary","orchestra-4","The Orchestra 4","0","0","src/app/data/usage/orchestra.usage.json"
"vocabulary","orchestra-5","The Orchestra 5","0","0","src/app/data/usage/orchestra.usage.json"
"study-materials","orchestra","The Orchestra","0","0","src/app/learning/units/orchestra.ts"
"vocabulary","cinema-1","L7 Cinema 1","0","0","src/app/data/usage/cinema.usage.json"
"vocabulary","cinema-2","L7 Cinema 2","0","0","src/app/data/usage/cinema.usage.json"
"vocabulary","cinema-3","L7 Cinema 3","0","0","src/app/data/usage/cinema.usage.json"
"vocabulary","cinema-4","L7 Cinema 4","0","0","src/app/data/usage/cinema.usage.json"
"study-materials","cinema","L7 Cinema","0","0","src/app/learning/units/cinema.ts"
"vocabulary","museum-1","L6 Museum 1","0","0","src/app/data/usage/museum.usage.json"
"vocabulary","museum-2","L6 Museum 2","0","0","src/app/data/usage/museum.usage.json"
"vocabulary","museum-3","L6 Museum 3","0","0","src/app/data/usage/museum.usage.json"
"vocabulary","museum-4","L6 Museum 4","0","0","src/app/data/usage/museum.usage.json"
"study-materials","museum","L6 Museum","0","0","src/app/learning/units/museum.ts"
"vocabulary","festival-1","The Festival 1","0","0","src/app/data/usage/festival.usage.json"
"vocabulary","festival-2","The Festival 2","0","0","src/app/data/usage/festival.usage.json"
"vocabulary","festival-3","The Festival 3","0","0","src/app/data/usage/festival.usage.json"
"vocabulary","festival-4","The Festival 4","0","0","src/app/data/usage/festival.usage.json"
"vocabulary","festival-5","The Festival 5","0","0","src/app/data/usage/festival.usage.json"
"study-materials","festival","The Festival","0","0","src/app/learning/units/festival.ts"
"vocabulary","costume-shop-1","The Costume Shop 1","0","0","src/app/data/usage/costume-shop.usage.json"
"vocabulary","costume-shop-2","The Costume Shop 2","0","0","src/app/data/usage/costume-shop.usage.json"
"vocabulary","costume-shop-3","The Costume Shop 3","0","0","src/app/data/usage/costume-shop.usage.json"
"vocabulary","costume-shop-4","The Costume Shop 4","0","0","src/app/data/usage/costume-shop.usage.json"
"vocabulary","costume-shop-5","The Costume Shop 5","0","0","src/app/data/usage/costume-shop.usage.json"
"study-materials","costume-shop","The Costume Shop","0","0","src/app/learning/units/costume-shop.ts"
"vocabulary","pottery-studio-1","The Pottery Studio 1","0","0","src/app/data/usage/pottery-studio.usage.json"
"vocabulary","pottery-studio-2","The Pottery Studio 2","0","0","src/app/data/usage/pottery-studio.usage.json"
"vocabulary","pottery-studio-3","The Pottery Studio 3","0","0","src/app/data/usage/pottery-studio.usage.json"
"vocabulary","pottery-studio-4","The Pottery Studio 4","0","0","src/app/data/usage/pottery-studio.usage.json"
"vocabulary","pottery-studio-5","The Pottery Studio 5","0","0","src/app/data/usage/pottery-studio.usage.json"
"study-materials","pottery-studio","The Pottery Studio","0","0","src/app/learning/units/pottery-studio.ts"
"vocabulary","tailor-shop-1","The Tailor Shop 1","0","0","src/app/data/usage/tailor-shop.usage.json"
"vocabulary","tailor-shop-2","The Tailor Shop 2","0","0","src/app/data/usage/tailor-shop.usage.json"
"vocabulary","tailor-shop-3","The Tailor Shop 3","0","0","src/app/data/usage/tailor-shop.usage.json"
"vocabulary","tailor-shop-4","The Tailor Shop 4","0","0","src/app/data/usage/tailor-shop.usage.json"
"vocabulary","tailor-shop-5","The Tailor Shop 5","0","0","src/app/data/usage/tailor-shop.usage.json"
"study-materials","tailor-shop","The Tailor Shop","0","0","src/app/learning/units/tailor-shop.ts"
"vocabulary","computer-lab-1","The Computer Lab 1","0","0","src/app/data/usage/computer-lab.usage.json"
"vocabulary","computer-lab-2","The Computer Lab 2","0","0","src/app/data/usage/computer-lab.usage.json"
"vocabulary","computer-lab-3","The Computer Lab 3","0","0","src/app/data/usage/computer-lab.usage.json"
"vocabulary","computer-lab-4","The Computer Lab 4","0","0","src/app/data/usage/computer-lab.usage.json"
"vocabulary","computer-lab-5","The Computer Lab 5","0","0","src/app/data/usage/computer-lab.usage.json"
"vocabulary","computer-lab-6","The Computer Lab 6","0","0","src/app/data/usage/computer-lab.usage.json"
"study-materials","computer-lab","The Computer Lab","0","0","src/app/learning/units/computer-lab.ts"
"vocabulary","newspaper-office-1","The Newspaper Office 1","0","0","src/app/data/usage/newspaper-office.usage.json"
"vocabulary","newspaper-office-2","The Newspaper Office 2","0","0","src/app/data/usage/newspaper-office.usage.json"
"vocabulary","newspaper-office-3","The Newspaper Office 3","0","0","src/app/data/usage/newspaper-office.usage.json"
"vocabulary","newspaper-office-4","The Newspaper Office 4","0","0","src/app/data/usage/newspaper-office.usage.json"
"vocabulary","newspaper-office-5","The Newspaper Office 5","0","0","src/app/data/usage/newspaper-office.usage.json"
"study-materials","newspaper-office","The Newspaper Office","0","0","src/app/learning/units/newspaper-office.ts"
"vocabulary","tv-studio-1","The TV Studio 1","0","0","src/app/data/usage/tv-studio.usage.json"
"vocabulary","tv-studio-2","The TV Studio 2","0","0","src/app/data/usage/tv-studio.usage.json"
"vocabulary","tv-studio-3","The TV Studio 3","0","0","src/app/data/usage/tv-studio.usage.json"
"vocabulary","tv-studio-4","The TV Studio 4","0","0","src/app/data/usage/tv-studio.usage.json"
"vocabulary","tv-studio-5","The TV Studio 5","0","0","src/app/data/usage/tv-studio.usage.json"
"study-materials","tv-studio","The TV Studio","0","0","src/app/learning/units/tv-studio.ts"
"vocabulary","radio-station-1","The Radio Station 1","0","0","src/app/data/usage/radio-station.usage.json"
"vocabulary","radio-station-2","The Radio Station 2","0","0","src/app/data/usage/radio-station.usage.json"
"vocabulary","radio-station-3","The Radio Station 3","0","0","src/app/data/usage/radio-station.usage.json"
"vocabulary","radio-station-4","The Radio Station 4","0","0","src/app/data/usage/radio-station.usage.json"
"vocabulary","radio-station-5","The Radio Station 5","0","0","src/app/data/usage/radio-station.usage.json"
"study-materials","radio-station","The Radio Station","0","0","src/app/learning/units/radio-station.ts"
"vocabulary","post-office-1","L5 Post Office 1","0","0","src/app/data/usage/post-office.usage.json"
"vocabulary","post-office-2","L5 Post Office 2","0","0","src/app/data/usage/post-office.usage.json"
"vocabulary","post-office-3","L5 Post Office 3","0","0","src/app/data/usage/post-office.usage.json"
"vocabulary","post-office-4","L5 Post Office 4","0","0","src/app/data/usage/post-office.usage.json"
"study-materials","post-office","L5 Post Office","0","0","src/app/learning/units/post-office.ts"
"vocabulary","mechanic-1","The Mechanic 1","0","0","src/app/data/usage/mechanic.usage.json"
"vocabulary","mechanic-2","The Mechanic 2","0","0","src/app/data/usage/mechanic.usage.json"
"vocabulary","mechanic-3","The Mechanic 3","0","0","src/app/data/usage/mechanic.usage.json"
"vocabulary","mechanic-4","The Mechanic 4","0","0","src/app/data/usage/mechanic.usage.json"
"study-materials","mechanic","The Mechanic","0","0","src/app/learning/units/mechanic.ts"
"vocabulary","construction-site-1","The Construction Site 1","0","0","src/app/data/usage/construction-site.usage.json"
"vocabulary","construction-site-2","The Construction Site 2","0","0","src/app/data/usage/construction-site.usage.json"
"vocabulary","construction-site-3","The Construction Site 3","0","0","src/app/data/usage/construction-site.usage.json"
"vocabulary","construction-site-4","The Construction Site 4","0","0","src/app/data/usage/construction-site.usage.json"
"vocabulary","construction-site-5","The Construction Site 5","0","0","src/app/data/usage/construction-site.usage.json"
"study-materials","construction-site","The Construction Site","0","0","src/app/learning/units/construction-site.ts"
"vocabulary","fire-station-1","L5 Fire Station 1","0","0","src/app/data/usage/fire-station.usage.json"
"vocabulary","fire-station-2","L5 Fire Station 2","0","0","src/app/data/usage/fire-station.usage.json"
"vocabulary","fire-station-3","L5 Fire Station 3","0","0","src/app/data/usage/fire-station.usage.json"
"vocabulary","fire-station-4","L5 Fire Station 4","0","0","src/app/data/usage/fire-station.usage.json"
"study-materials","fire-station","L5 Fire Station","0","0","src/app/learning/units/fire-station.ts"
"vocabulary","observatory-1","The Observatory 1","0","0","src/app/data/usage/observatory.usage.json"
"vocabulary","observatory-2","The Observatory 2","0","0","src/app/data/usage/observatory.usage.json"
"vocabulary","observatory-3","The Observatory 3","0","0","src/app/data/usage/observatory.usage.json"
"vocabulary","observatory-4","The Observatory 4","0","0","src/app/data/usage/observatory.usage.json"
"vocabulary","observatory-5","The Observatory 5","0","0","src/app/data/usage/observatory.usage.json"
"study-materials","observatory","The Observatory","0","0","src/app/learning/units/observatory.ts"
"vocabulary","science-lab-1","L7 Science Lab 1","0","0","src/app/data/usage/science-lab.usage.json"
"vocabulary","science-lab-2","L7 Science Lab 2","0","0","src/app/data/usage/science-lab.usage.json"
"vocabulary","science-lab-3","L7 Science Lab 3","0","0","src/app/data/usage/science-lab.usage.json"
"vocabulary","science-lab-4","L7 Science Lab 4","0","0","src/app/data/usage/science-lab.usage.json"
"study-materials","science-lab","L7 Science Lab","0","0","src/app/learning/units/science-lab.ts"
"vocabulary","office-1","The Office 1","0","0","src/app/data/usage/office.usage.json"
"vocabulary","office-2","The Office 2","0","0","src/app/data/usage/office.usage.json"
"vocabulary","office-3","The Office 3","0","0","src/app/data/usage/office.usage.json"
"vocabulary","office-4","The Office 4","0","0","src/app/data/usage/office.usage.json"
"study-materials","office","The Office","0","0","src/app/learning/units/office.ts"
"vocabulary","meeting-room-1","The Meeting Room 1","0","0","src/app/data/usage/meeting-room.usage.json"
"vocabulary","meeting-room-2","The Meeting Room 2","0","0","src/app/data/usage/meeting-room.usage.json"
"vocabulary","meeting-room-3","The Meeting Room 3","0","0","src/app/data/usage/meeting-room.usage.json"
"vocabulary","meeting-room-4","The Meeting Room 4","0","0","src/app/data/usage/meeting-room.usage.json"
"study-materials","meeting-room","The Meeting Room","0","0","src/app/learning/units/meeting-room.ts"
"vocabulary","office-supplies-1","Office Supplies 1","0","0","src/app/data/usage/office-supplies.usage.json"
"vocabulary","office-supplies-2","Office Supplies 2","0","0","src/app/data/usage/office-supplies.usage.json"
"vocabulary","office-supplies-3","Office Supplies 3","0","0","src/app/data/usage/office-supplies.usage.json"
"vocabulary","office-supplies-4","Office Supplies 4","0","0","src/app/data/usage/office-supplies.usage.json"
"study-materials","office-supplies","Office Supplies","0","0","src/app/learning/units/office-supplies.ts"
"vocabulary","business-communication-1","Business Communication 1","0","0","src/app/data/usage/business-communication.usage.json"
"vocabulary","business-communication-2","Business Communication 2","0","0","src/app/data/usage/business-communication.usage.json"
"vocabulary","business-communication-3","Business Communication 3","0","0","src/app/data/usage/business-communication.usage.json"
"study-materials","business-communication","Business Communication","0","0","src/app/learning/units/business-communication.ts"
"vocabulary","coworking-space-1","The Coworking Space 1","0","0","src/app/data/usage/coworking-space.usage.json"
"vocabulary","coworking-space-2","The Coworking Space 2","0","0","src/app/data/usage/coworking-space.usage.json"
"vocabulary","coworking-space-3","The Coworking Space 3","0","0","src/app/data/usage/coworking-space.usage.json"
"study-materials","coworking-space","The Coworking Space","0","0","src/app/learning/units/coworking-space.ts"
"vocabulary","startup-culture-1","Startup Culture 1","0","0","src/app/data/usage/startup-culture.usage.json"
"vocabulary","startup-culture-2","Startup Culture 2","0","0","src/app/data/usage/startup-culture.usage.json"
"vocabulary","startup-culture-3","Startup Culture 3","0","0","src/app/data/usage/startup-culture.usage.json"
"study-materials","startup-culture","Startup Culture","0","0","src/app/learning/units/startup-culture.ts"
"vocabulary","freelancing-remote-work-1","Freelancing & Remote Work 1","0","0","src/app/data/usage/freelancing-remote-work.usage.json"
"vocabulary","freelancing-remote-work-2","Freelancing & Remote Work 2","0","0","src/app/data/usage/freelancing-remote-work.usage.json"
"vocabulary","freelancing-remote-work-3","Freelancing & Remote Work 3","0","0","src/app/data/usage/freelancing-remote-work.usage.json"
"vocabulary","freelancing-remote-work-4","Freelancing & Remote Work 4","0","0","src/app/data/usage/freelancing-remote-work.usage.json"
"study-materials","freelancing-remote-work","Freelancing & Remote Work","0","0","src/app/learning/units/freelancing-remote-work.ts"
"vocabulary","formal-business-wear-1","Formal & Business Wear 1","0","0","src/app/data/usage/formal-business-wear.usage.json"
"vocabulary","formal-business-wear-2","Formal & Business Wear 2","0","0","src/app/data/usage/formal-business-wear.usage.json"
"vocabulary","formal-business-wear-3","Formal & Business Wear 3","0","0","src/app/data/usage/formal-business-wear.usage.json"
"study-materials","formal-business-wear","Formal & Business Wear","0","0","src/app/learning/units/formal-business-wear.ts"
"vocabulary","bank-1","The Bank 1","0","0","src/app/data/usage/bank.usage.json"
"vocabulary","bank-2","The Bank 2","0","0","src/app/data/usage/bank.usage.json"
"vocabulary","bank-3","The Bank 3","0","0","src/app/data/usage/bank.usage.json"
"study-materials","bank","The Bank","0","0","src/app/learning/units/bank.ts"
"vocabulary","financial-services-1","Financial Services 1","0","0","src/app/data/usage/financial-services.usage.json"
"vocabulary","financial-services-2","Financial Services 2","0","0","src/app/data/usage/financial-services.usage.json"
"vocabulary","financial-services-3","Financial Services 3","0","0","src/app/data/usage/financial-services.usage.json"
"study-materials","financial-services","Financial Services","0","0","src/app/learning/units/financial-services.ts"
"vocabulary","currency-payment-1","Currency & Payment 1","0","0","src/app/data/usage/currency-payment.usage.json"
"vocabulary","currency-payment-2","Currency & Payment 2","0","0","src/app/data/usage/currency-payment.usage.json"
"vocabulary","currency-payment-3","Currency & Payment 3","0","0","src/app/data/usage/currency-payment.usage.json"
"study-materials","currency-payment","Currency & Payment","0","0","src/app/learning/units/currency-payment.ts"
"vocabulary","stock-exchange-1","The Stock Exchange 1","0","0","src/app/data/usage/stock-exchange.usage.json"
"vocabulary","stock-exchange-2","The Stock Exchange 2","0","0","src/app/data/usage/stock-exchange.usage.json"
"vocabulary","stock-exchange-3","The Stock Exchange 3","0","0","src/app/data/usage/stock-exchange.usage.json"
"study-materials","stock-exchange","The Stock Exchange","0","0","src/app/learning/units/stock-exchange.ts"
"vocabulary","university-campus-1","The University Campus 1","0","0","src/app/data/usage/university-campus.usage.json"
"vocabulary","university-campus-2","The University Campus 2","0","0","src/app/data/usage/university-campus.usage.json"
"vocabulary","university-campus-3","The University Campus 3","0","0","src/app/data/usage/university-campus.usage.json"
"study-materials","university-campus","The University Campus","0","0","src/app/learning/units/university-campus.ts"
"vocabulary","academic-life-1","Academic Life 1","0","0","src/app/data/usage/academic-life.usage.json"
"vocabulary","academic-life-2","Academic Life 2","0","0","src/app/data/usage/academic-life.usage.json"
"vocabulary","academic-life-3","Academic Life 3","0","0","src/app/data/usage/academic-life.usage.json"
"study-materials","academic-life","Academic Life","0","0","src/app/learning/units/academic-life.ts"
"vocabulary","research-study-1","Research & Study 1","0","0","src/app/data/usage/research-study.usage.json"
"vocabulary","research-study-2","Research & Study 2","0","0","src/app/data/usage/research-study.usage.json"
"vocabulary","research-study-3","Research & Study 3","0","0","src/app/data/usage/research-study.usage.json"
"study-materials","research-study","Research & Study","0","0","src/app/learning/units/research-study.ts"
"vocabulary","student-life-1","Student Life 1","0","0","src/app/data/usage/student-life.usage.json"
"vocabulary","student-life-2","Student Life 2","0","0","src/app/data/usage/student-life.usage.json"
"vocabulary","student-life-3","Student Life 3","0","0","src/app/data/usage/student-life.usage.json"
"study-materials","student-life","Student Life","0","0","src/app/learning/units/student-life.ts"
"vocabulary","property-types-1","Property Types 1","0","0","src/app/data/usage/property-types.usage.json"
"vocabulary","property-types-2","Property Types 2","0","0","src/app/data/usage/property-types.usage.json"
"vocabulary","property-types-3","Property Types 3","0","0","src/app/data/usage/property-types.usage.json"
"study-materials","property-types","Property Types","0","0","src/app/learning/units/property-types.ts"
"vocabulary","real-estate-agency-1","The Real Estate Agency 1","0","0","src/app/data/usage/real-estate-agency.usage.json"
"vocabulary","real-estate-agency-2","The Real Estate Agency 2","0","0","src/app/data/usage/real-estate-agency.usage.json"
"vocabulary","real-estate-agency-3","The Real Estate Agency 3","0","0","src/app/data/usage/real-estate-agency.usage.json"
"study-materials","real-estate-agency","The Real Estate Agency","0","0","src/app/learning/units/real-estate-agency.ts"
"vocabulary","home-features-1","Home Features 1","0","0","src/app/data/usage/home-features.usage.json"
"vocabulary","home-features-2","Home Features 2","0","0","src/app/data/usage/home-features.usage.json"
"vocabulary","home-features-3","Home Features 3","0","0","src/app/data/usage/home-features.usage.json"
"study-materials","home-features","Home Features","0","0","src/app/learning/units/home-features.ts"
"vocabulary","moving-settling-in-1","Moving & Settling In 1","0","0","src/app/data/usage/moving-settling-in.usage.json"
"vocabulary","moving-settling-in-2","Moving & Settling In 2","0","0","src/app/data/usage/moving-settling-in.usage.json"
"vocabulary","moving-settling-in-3","Moving & Settling In 3","0","0","src/app/data/usage/moving-settling-in.usage.json"
"study-materials","moving-settling-in","Moving & Settling In","0","0","src/app/learning/units/moving-settling-in.ts"
"vocabulary","car-types-1","Car Types 1","0","0","src/app/data/usage/car-types.usage.json"
"vocabulary","car-types-2","Car Types 2","0","0","src/app/data/usage/car-types.usage.json"
"vocabulary","car-types-3","Car Types 3","0","0","src/app/data/usage/car-types.usage.json"
"study-materials","car-types","Car Types","0","0","src/app/learning/units/car-types.ts"
"vocabulary","car-parts-mechanics-1","Car Parts & Mechanics 1","0","0","src/app/data/usage/car-parts-mechanics.usage.json"
"vocabulary","car-parts-mechanics-2","Car Parts & Mechanics 2","0","0","src/app/data/usage/car-parts-mechanics.usage.json"
"vocabulary","car-parts-mechanics-3","Car Parts & Mechanics 3","0","0","src/app/data/usage/car-parts-mechanics.usage.json"
"vocabulary","car-parts-mechanics-4","Car Parts & Mechanics 4","0","0","src/app/data/usage/car-parts-mechanics.usage.json"
"study-materials","car-parts-mechanics","Car Parts & Mechanics","0","0","src/app/learning/units/car-parts-mechanics.ts"
"vocabulary","auto-dealership-1","The Auto Dealership 1","0","0","src/app/data/usage/auto-dealership.usage.json"
"vocabulary","auto-dealership-2","The Auto Dealership 2","0","0","src/app/data/usage/auto-dealership.usage.json"
"vocabulary","auto-dealership-3","The Auto Dealership 3","0","0","src/app/data/usage/auto-dealership.usage.json"
"study-materials","auto-dealership","The Auto Dealership","0","0","src/app/learning/units/auto-dealership.ts"
"vocabulary","driving-road-rules-1","Driving & Road Rules 1","0","0","src/app/data/usage/driving-road-rules.usage.json"
"vocabulary","driving-road-rules-2","Driving & Road Rules 2","0","0","src/app/data/usage/driving-road-rules.usage.json"
"vocabulary","driving-road-rules-3","Driving & Road Rules 3","0","0","src/app/data/usage/driving-road-rules.usage.json"
"study-materials","driving-road-rules","Driving & Road Rules","0","0","src/app/learning/units/driving-road-rules.ts"
"vocabulary","smart-home-1","The Smart Home 1","0","0","src/app/data/usage/smart-home.usage.json"
"vocabulary","smart-home-2","The Smart Home 2","0","0","src/app/data/usage/smart-home.usage.json"
"vocabulary","smart-home-3","The Smart Home 3","0","0","src/app/data/usage/smart-home.usage.json"
"vocabulary","smart-home-4","The Smart Home 4","0","0","src/app/data/usage/smart-home.usage.json"
"study-materials","smart-home","The Smart Home","0","0","src/app/learning/units/smart-home.ts"
"vocabulary","tech-gadgets-1","Tech & Gadgets 1","0","0","src/app/data/usage/tech-gadgets.usage.json"
"vocabulary","tech-gadgets-2","Tech & Gadgets 2","0","0","src/app/data/usage/tech-gadgets.usage.json"
"vocabulary","tech-gadgets-3","Tech & Gadgets 3","0","0","src/app/data/usage/tech-gadgets.usage.json"
"study-materials","tech-gadgets","Tech & Gadgets","0","0","src/app/learning/units/tech-gadgets.ts"
"vocabulary","data-center-1","The Data Center 1","0","0","src/app/data/usage/data-center.usage.json"
"vocabulary","data-center-2","The Data Center 2","0","0","src/app/data/usage/data-center.usage.json"
"vocabulary","data-center-3","The Data Center 3","0","0","src/app/data/usage/data-center.usage.json"
"vocabulary","data-center-4","The Data Center 4","0","0","src/app/data/usage/data-center.usage.json"
"study-materials","data-center","The Data Center","0","0","src/app/learning/units/data-center.ts"
"vocabulary","drone-workshop-1","The Drone Workshop 1","0","0","src/app/data/usage/drone-workshop.usage.json"
"vocabulary","drone-workshop-2","The Drone Workshop 2","0","0","src/app/data/usage/drone-workshop.usage.json"
"vocabulary","drone-workshop-3","The Drone Workshop 3","0","0","src/app/data/usage/drone-workshop.usage.json"
"vocabulary","drone-workshop-4","The Drone Workshop 4","0","0","src/app/data/usage/drone-workshop.usage.json"
"study-materials","drone-workshop","The Drone Workshop","0","0","src/app/learning/units/drone-workshop.ts"
"vocabulary","electric-vehicle-station-1","The Electric Vehicle Station 1","0","0","src/app/data/usage/electric-vehicle-station.usage.json"
"vocabulary","electric-vehicle-station-2","The Electric Vehicle Station 2","0","0","src/app/data/usage/electric-vehicle-station.usage.json"
"vocabulary","electric-vehicle-station-3","The Electric Vehicle Station 3","0","0","src/app/data/usage/electric-vehicle-station.usage.json"
"vocabulary","electric-vehicle-station-4","The Electric Vehicle Station 4","0","0","src/app/data/usage/electric-vehicle-station.usage.json"
"study-materials","electric-vehicle-station","The Electric Vehicle Station","0","0","src/app/learning/units/electric-vehicle-station.ts"
"vocabulary","3d-printer-lab-1","The 3D Printer Lab 1","0","0","src/app/data/usage/3d-printer-lab.usage.json"
"vocabulary","3d-printer-lab-2","The 3D Printer Lab 2","0","0","src/app/data/usage/3d-printer-lab.usage.json"
"vocabulary","3d-printer-lab-3","The 3D Printer Lab 3","0","0","src/app/data/usage/3d-printer-lab.usage.json"
"vocabulary","3d-printer-lab-4","The 3D Printer Lab 4","0","0","src/app/data/usage/3d-printer-lab.usage.json"
"vocabulary","3d-printer-lab-5","The 3D Printer Lab 5","0","0","src/app/data/usage/3d-printer-lab.usage.json"
"vocabulary","3d-printer-lab-6","The 3D Printer Lab 6","0","0","src/app/data/usage/3d-printer-lab.usage.json"
"study-materials","3d-printer-lab","The 3D Printer Lab","0","0","src/app/learning/units/3d-printer-lab.ts"
"vocabulary","robotics-lab-1","The Robotics Lab 1","0","0","src/app/data/usage/robotics-lab.usage.json"
"vocabulary","robotics-lab-2","The Robotics Lab 2","0","0","src/app/data/usage/robotics-lab.usage.json"
"vocabulary","robotics-lab-3","The Robotics Lab 3","0","0","src/app/data/usage/robotics-lab.usage.json"
"vocabulary","robotics-lab-4","The Robotics Lab 4","0","0","src/app/data/usage/robotics-lab.usage.json"
"vocabulary","robotics-lab-5","The Robotics Lab 5","0","0","src/app/data/usage/robotics-lab.usage.json"
"study-materials","robotics-lab","The Robotics Lab","0","0","src/app/learning/units/robotics-lab.ts"
"vocabulary","solar-farm-1","The Solar Farm 1","0","0","src/app/data/usage/solar-farm.usage.json"
"vocabulary","solar-farm-2","The Solar Farm 2","0","0","src/app/data/usage/solar-farm.usage.json"
"vocabulary","solar-farm-3","The Solar Farm 3","0","0","src/app/data/usage/solar-farm.usage.json"
"vocabulary","solar-farm-4","The Solar Farm 4","0","0","src/app/data/usage/solar-farm.usage.json"
"vocabulary","solar-farm-5","The Solar Farm 5","0","0","src/app/data/usage/solar-farm.usage.json"
"study-materials","solar-farm","The Solar Farm","0","0","src/app/learning/units/solar-farm.ts"
"vocabulary","embassy-1","The Embassy 1","0","0","src/app/data/usage/embassy.usage.json"
"vocabulary","embassy-2","The Embassy 2","0","0","src/app/data/usage/embassy.usage.json"
"vocabulary","embassy-3","The Embassy 3","0","0","src/app/data/usage/embassy.usage.json"
"vocabulary","embassy-4","The Embassy 4","0","0","src/app/data/usage/embassy.usage.json"
"vocabulary","embassy-5","The Embassy 5","0","0","src/app/data/usage/embassy.usage.json"
"study-materials","embassy","The Embassy","0","0","src/app/learning/units/embassy.ts"
"vocabulary","courtroom-1","The Courtroom 1","0","0","src/app/data/usage/courtroom.usage.json"
"vocabulary","courtroom-2","The Courtroom 2","0","0","src/app/data/usage/courtroom.usage.json"
"vocabulary","courtroom-3","The Courtroom 3","0","0","src/app/data/usage/courtroom.usage.json"
"vocabulary","courtroom-4","The Courtroom 4","0","0","src/app/data/usage/courtroom.usage.json"
"vocabulary","courtroom-5","The Courtroom 5","0","0","src/app/data/usage/courtroom.usage.json"
"study-materials","courtroom","The Courtroom","0","0","src/app/learning/units/courtroom.ts"
"vocabulary","laboratory-1","The Laboratory 1","0","0","src/app/data/usage/laboratory.usage.json"
"vocabulary","laboratory-2","The Laboratory 2","0","0","src/app/data/usage/laboratory.usage.json"
"vocabulary","laboratory-3","The Laboratory 3","0","0","src/app/data/usage/laboratory.usage.json"
"vocabulary","laboratory-4","The Laboratory 4","0","0","src/app/data/usage/laboratory.usage.json"
"vocabulary","laboratory-5","The Laboratory 5","0","0","src/app/data/usage/laboratory.usage.json"
"study-materials","laboratory","The Laboratory","0","0","src/app/learning/units/laboratory.ts"
"vocabulary","submarine-1","The Submarine 1","0","0","src/app/data/usage/submarine.usage.json"
"vocabulary","submarine-2","The Submarine 2","0","0","src/app/data/usage/submarine.usage.json"
"vocabulary","submarine-3","The Submarine 3","0","0","src/app/data/usage/submarine.usage.json"
"vocabulary","submarine-4","The Submarine 4","0","0","src/app/data/usage/submarine.usage.json"
"vocabulary","submarine-5","The Submarine 5","0","0","src/app/data/usage/submarine.usage.json"
"study-materials","submarine","The Submarine","0","0","src/app/learning/units/submarine.ts"
"vocabulary","arctic-1","The Arctic 1","0","0","src/app/data/usage/arctic.usage.json"
"vocabulary","arctic-2","The Arctic 2","0","0","src/app/data/usage/arctic.usage.json"
"vocabulary","arctic-3","The Arctic 3","0","0","src/app/data/usage/arctic.usage.json"
"vocabulary","arctic-4","The Arctic 4","0","0","src/app/data/usage/arctic.usage.json"
"vocabulary","arctic-5","The Arctic 5","0","0","src/app/data/usage/arctic.usage.json"
"study-materials","arctic","The Arctic","0","0","src/app/learning/units/arctic.ts"
"vocabulary","space-station-1","The Space Station 1","0","0","src/app/data/usage/space-station.usage.json"
"vocabulary","space-station-2","The Space Station 2","0","0","src/app/data/usage/space-station.usage.json"
"vocabulary","space-station-3","The Space Station 3","0","0","src/app/data/usage/space-station.usage.json"
"vocabulary","space-station-4","The Space Station 4","0","0","src/app/data/usage/space-station.usage.json"
"vocabulary","space-station-5","The Space Station 5","0","0","src/app/data/usage/space-station.usage.json"
"vocabulary","space-station-6","The Space Station 6","0","0","src/app/data/usage/space-station.usage.json"
"study-materials","space-station","The Space Station","0","0","src/app/learning/units/space-station.ts"
"vocabulary","law-firm-1","The Law Firm 1","0","0","src/app/data/usage/law-firm.usage.json"
"vocabulary","law-firm-2","The Law Firm 2","0","0","src/app/data/usage/law-firm.usage.json"
"vocabulary","law-firm-3","The Law Firm 3","0","0","src/app/data/usage/law-firm.usage.json"
"study-materials","law-firm","The Law Firm","0","0","src/app/learning/units/law-firm.ts"
"vocabulary","courtroom-trial-1","The Courtroom Trial 1","0","0","src/app/data/usage/courtroom-trial.usage.json"
"vocabulary","courtroom-trial-2","The Courtroom Trial 2","0","0","src/app/data/usage/courtroom-trial.usage.json"
"vocabulary","courtroom-trial-3","The Courtroom Trial 3","0","0","src/app/data/usage/courtroom-trial.usage.json"
"study-materials","courtroom-trial","The Courtroom Trial","0","0","src/app/learning/units/courtroom-trial.ts"
"vocabulary","legal-documents-1","Legal Documents 1","0","0","src/app/data/usage/legal-documents.usage.json"
"vocabulary","legal-documents-2","Legal Documents 2","0","0","src/app/data/usage/legal-documents.usage.json"
"vocabulary","legal-documents-3","Legal Documents 3","0","0","src/app/data/usage/legal-documents.usage.json"
"study-materials","legal-documents","Legal Documents","0","0","src/app/learning/units/legal-documents.ts"
"vocabulary","rights-regulations-1","Rights & Regulations 1","0","0","src/app/data/usage/rights-regulations.usage.json"
"vocabulary","rights-regulations-2","Rights & Regulations 2","0","0","src/app/data/usage/rights-regulations.usage.json"
"vocabulary","rights-regulations-3","Rights & Regulations 3","0","0","src/app/data/usage/rights-regulations.usage.json"
"study-materials","rights-regulations","Rights & Regulations","0","0","src/app/learning/units/rights-regulations.ts"
"vocabulary","architect-s-studio-1","The Architect's Studio 1","0","0","src/app/data/usage/architect-s-studio.usage.json"
"vocabulary","architect-s-studio-2","The Architect's Studio 2","0","0","src/app/data/usage/architect-s-studio.usage.json"
"vocabulary","architect-s-studio-3","The Architect's Studio 3","0","0","src/app/data/usage/architect-s-studio.usage.json"
"study-materials","architect-s-studio","The Architect's Studio","0","0","src/app/learning/units/architect-s-studio.ts"
"vocabulary","building-construction-1","Building & Construction 1","0","0","src/app/data/usage/building-construction.usage.json"
"vocabulary","building-construction-2","Building & Construction 2","0","0","src/app/data/usage/building-construction.usage.json"
"vocabulary","building-construction-3","Building & Construction 3","0","0","src/app/data/usage/building-construction.usage.json"
"study-materials","building-construction","Building & Construction","0","0","src/app/learning/units/building-construction.ts"
"vocabulary","architecture-styles-1","Architecture Styles 1","0","0","src/app/data/usage/architecture-styles.usage.json"
"vocabulary","architecture-styles-2","Architecture Styles 2","0","0","src/app/data/usage/architecture-styles.usage.json"
"vocabulary","architecture-styles-3","Architecture Styles 3","0","0","src/app/data/usage/architecture-styles.usage.json"
"study-materials","architecture-styles","Architecture Styles","0","0","src/app/learning/units/architecture-styles.ts"
"vocabulary","interior-design-1","Interior Design 1","0","0","src/app/data/usage/interior-design.usage.json"
"vocabulary","interior-design-2","Interior Design 2","0","0","src/app/data/usage/interior-design.usage.json"
"vocabulary","interior-design-3","Interior Design 3","0","0","src/app/data/usage/interior-design.usage.json"
"study-materials","interior-design","Interior Design","0","0","src/app/learning/units/interior-design.ts"
"vocabulary","fashion-atelier-1","The Fashion Atelier 1","0","0","src/app/data/usage/fashion-atelier.usage.json"
"vocabulary","fashion-atelier-2","The Fashion Atelier 2","0","0","src/app/data/usage/fashion-atelier.usage.json"
"vocabulary","fashion-atelier-3","The Fashion Atelier 3","0","0","src/app/data/usage/fashion-atelier.usage.json"
"study-materials","fashion-atelier","The Fashion Atelier","0","0","src/app/learning/units/fashion-atelier.ts"
"vocabulary","fabrics-textiles-1","Fabrics & Textiles 1","0","0","src/app/data/usage/fabrics-textiles.usage.json"
"vocabulary","fabrics-textiles-2","Fabrics & Textiles 2","0","0","src/app/data/usage/fabrics-textiles.usage.json"
"vocabulary","fabrics-textiles-3","Fabrics & Textiles 3","0","0","src/app/data/usage/fabrics-textiles.usage.json"
"vocabulary","fabrics-textiles-4","Fabrics & Textiles 4","0","0","src/app/data/usage/fabrics-textiles.usage.json"
"study-materials","fabrics-textiles","Fabrics & Textiles","0","0","src/app/learning/units/fabrics-textiles.ts"
"vocabulary","fashion-design-1","Fashion Design 1","0","0","src/app/data/usage/fashion-design.usage.json"
"vocabulary","fashion-design-2","Fashion Design 2","0","0","src/app/data/usage/fashion-design.usage.json"
"vocabulary","fashion-design-3","Fashion Design 3","0","0","src/app/data/usage/fashion-design.usage.json"
"study-materials","fashion-design","Fashion Design","0","0","src/app/learning/units/fashion-design.ts"
"vocabulary","runway-show-1","The Runway Show 1","0","0","src/app/data/usage/runway-show.usage.json"
"vocabulary","runway-show-2","The Runway Show 2","0","0","src/app/data/usage/runway-show.usage.json"
"vocabulary","runway-show-3","The Runway Show 3","0","0","src/app/data/usage/runway-show.usage.json"
"study-materials","runway-show","The Runway Show","0","0","src/app/learning/units/runway-show.ts"
"vocabulary","vineyard-1","The Vineyard 1","0","0","src/app/data/usage/vineyard.usage.json"
"vocabulary","vineyard-2","The Vineyard 2","0","0","src/app/data/usage/vineyard.usage.json"
"vocabulary","vineyard-3","The Vineyard 3","0","0","src/app/data/usage/vineyard.usage.json"
"study-materials","vineyard","The Vineyard","0","0","src/app/learning/units/vineyard.ts"
"vocabulary","winemaking-1","Winemaking 1","0","0","src/app/data/usage/winemaking.usage.json"
"vocabulary","winemaking-2","Winemaking 2","0","0","src/app/data/usage/winemaking.usage.json"
"vocabulary","winemaking-3","Winemaking 3","0","0","src/app/data/usage/winemaking.usage.json"
"study-materials","winemaking","Winemaking","0","0","src/app/learning/units/winemaking.ts"
"vocabulary","wine-tasting-1","Wine Tasting 1","0","0","src/app/data/usage/wine-tasting.usage.json"
"vocabulary","wine-tasting-2","Wine Tasting 2","0","0","src/app/data/usage/wine-tasting.usage.json"
"vocabulary","wine-tasting-3","Wine Tasting 3","0","0","src/app/data/usage/wine-tasting.usage.json"
"vocabulary","wine-tasting-4","Wine Tasting 4","0","0","src/app/data/usage/wine-tasting.usage.json"
"study-materials","wine-tasting","Wine Tasting","0","0","src/app/learning/units/wine-tasting.ts"
"vocabulary","wine-cellar-1","The Wine Cellar 1","0","0","src/app/data/usage/wine-cellar.usage.json"
"vocabulary","wine-cellar-2","The Wine Cellar 2","0","0","src/app/data/usage/wine-cellar.usage.json"
"vocabulary","wine-cellar-3","The Wine Cellar 3","0","0","src/app/data/usage/wine-cellar.usage.json"
"study-materials","wine-cellar","The Wine Cellar","0","0","src/app/learning/units/wine-cellar.ts"
"vocabulary","cocktail-bar-1","The Cocktail Bar 1","0","0","src/app/data/usage/cocktail-bar.usage.json"
"vocabulary","cocktail-bar-2","The Cocktail Bar 2","0","0","src/app/data/usage/cocktail-bar.usage.json"
"vocabulary","cocktail-bar-3","The Cocktail Bar 3","0","0","src/app/data/usage/cocktail-bar.usage.json"
"study-materials","cocktail-bar","The Cocktail Bar","0","0","src/app/learning/units/cocktail-bar.ts"
"vocabulary","spirits-liqueurs-1","Spirits & Liqueurs 1","0","0","src/app/data/usage/spirits-liqueurs.usage.json"
"vocabulary","spirits-liqueurs-2","Spirits & Liqueurs 2","0","0","src/app/data/usage/spirits-liqueurs.usage.json"
"vocabulary","spirits-liqueurs-3","Spirits & Liqueurs 3","0","0","src/app/data/usage/spirits-liqueurs.usage.json"
"study-materials","spirits-liqueurs","Spirits & Liqueurs","0","0","src/app/learning/units/spirits-liqueurs.ts"
"vocabulary","classic-cocktails-1","Classic Cocktails 1","0","0","src/app/data/usage/classic-cocktails.usage.json"
"vocabulary","classic-cocktails-2","Classic Cocktails 2","0","0","src/app/data/usage/classic-cocktails.usage.json"
"vocabulary","classic-cocktails-3","Classic Cocktails 3","0","0","src/app/data/usage/classic-cocktails.usage.json"
"study-materials","classic-cocktails","Classic Cocktails","0","0","src/app/learning/units/classic-cocktails.ts"
"vocabulary","bar-culture-1","Bar Culture 1","0","0","src/app/data/usage/bar-culture.usage.json"
"vocabulary","bar-culture-2","Bar Culture 2","0","0","src/app/data/usage/bar-culture.usage.json"
"vocabulary","bar-culture-3","Bar Culture 3","0","0","src/app/data/usage/bar-culture.usage.json"
"study-materials","bar-culture","Bar Culture","0","0","src/app/learning/units/bar-culture.ts"
"vocabulary","space-center-1","L7 Space Center 1","0","0","src/app/data/usage/space-center.usage.json"
"vocabulary","space-center-2","L7 Space Center 2","0","0","src/app/data/usage/space-center.usage.json"
"vocabulary","space-center-3","L7 Space Center 3","0","0","src/app/data/usage/space-center.usage.json"
"vocabulary","space-center-4","L7 Space Center 4","0","0","src/app/data/usage/space-center.usage.json"
"study-materials","space-center","L7 Space Center","0","0","src/app/learning/units/space-center.ts"
"business","unit-01","Introducing Yourself Professionally","0","0","src/app/learning/business/businessCatalog.units-01-20.json"
"business","unit-02","Roles, Teams & Responsibilities","0","0","src/app/learning/business/businessCatalog.units-01-20.json"
"business","unit-03","Clarifying & Checking Understanding","0","0","src/app/learning/business/businessCatalog.units-01-20.json"
"business","unit-04","Participating In Meetings","0","0","src/app/learning/business/businessCatalog.units-01-20.json"
"business","unit-05","Giving Progress Updates","0","0","src/app/learning/business/businessCatalog.units-01-20.json"
"business","unit-06","Deadlines & Priorities","0","0","src/app/learning/business/businessCatalog.units-01-20.json"
"business","unit-07","Customer Service Conversations","0","0","src/app/learning/business/businessCatalog.units-01-20.json"
"business","unit-08","Mistakes & Professional Apologies","0","0","src/app/learning/business/businessCatalog.units-01-20.json"
"business","unit-09","Teamwork & Asking For Help","0","0","src/app/learning/business/businessCatalog.units-01-20.json"
"business","unit-10","Pitching A Simple Business Idea","0","0","src/app/learning/business/businessCatalog.units-01-20.json"
"business","unit-11","Effective Meetings","0","0","src/app/learning/business/businessCatalog.units-01-20.json"
"business","unit-12","Feedback","0","0","src/app/learning/business/businessCatalog.units-01-20.json"
"business","unit-13","Workplace Conflict","0","0","src/app/learning/business/businessCatalog.units-01-20.json"
"business","unit-14","Negotiating Agreements","0","0","src/app/learning/business/businessCatalog.units-01-20.json"
"business","unit-15","Building Buy In","0","0","src/app/learning/business/businessCatalog.units-01-20.json"
"business","unit-16","Consultative Sales","0","0","src/app/learning/business/businessCatalog.units-01-20.json"
"business","unit-17","Brand Positioning","0","0","src/app/learning/business/businessCatalog.units-01-20.json"
"business","unit-18","Recruitment Interviews","0","0","src/app/learning/business/businessCatalog.units-01-20.json"
"business","unit-19","Hybrid Teamwork","0","0","src/app/learning/business/businessCatalog.units-01-20.json"
"business","unit-20","Project Tradeoffs","0","0","src/app/learning/business/businessCatalog.units-01-20.json"
"business","unit-21","Leadership Styles","0","0","src/app/learning/business/businessCatalog.units-21-40.json"
"business","unit-22","Management Conversations","0","0","src/app/learning/business/businessCatalog.units-21-40.json"
"business","unit-23","Organisational Change","0","0","src/app/learning/business/businessCatalog.units-21-40.json"
"business","unit-24","Cross Cultural Communication","0","0","src/app/learning/business/businessCatalog.units-21-40.json"
"business","unit-25","Influencing Without Authority","0","0","src/app/learning/business/businessCatalog.units-21-40.json"
"business","unit-26","Business Ethics","0","0","src/app/learning/business/businessCatalog.units-21-40.json"
"business","unit-27","Ai Workplace","0","0","src/app/learning/business/businessCatalog.units-21-40.json"
"business","unit-28","Data Insights","0","0","src/app/learning/business/businessCatalog.units-21-40.json"
"business","unit-29","Scaling Business","0","0","src/app/learning/business/businessCatalog.units-21-40.json"
"business","unit-30","Crisis Communication","0","0","src/app/learning/business/businessCatalog.units-21-40.json"
"business","unit-31","Complex Negotiation","0","0","src/app/learning/business/businessCatalog.units-21-40.json"
"business","unit-32","Stakeholder Trade Offs","0","0","src/app/learning/business/businessCatalog.units-21-40.json"
"business","unit-33","Pricing Perceived Fairness","0","0","src/app/learning/business/businessCatalog.units-21-40.json"
"business","unit-34","Mergers Cultural Integration","0","0","src/app/learning/business/businessCatalog.units-21-40.json"
"business","unit-35","Supply Chain Resilience","0","0","src/app/learning/business/businessCatalog.units-21-40.json"
"business","unit-36","Disagreement In The Boardroom","0","0","src/app/learning/business/businessCatalog.units-21-40.json"
"business","unit-37","Trust Reputation Corporate Communication","0","0","src/app/learning/business/businessCatalog.units-21-40.json"
"business","unit-38","Ai Automation Workforce Redesign","0","0","src/app/learning/business/businessCatalog.units-21-40.json"
"business","unit-39","Strategy Under Uncertainty","0","0","src/app/learning/business/businessCatalog.units-21-40.json"
"business","unit-40","Executive Capstone The Company At A Crossroads","0","0","src/app/learning/business/businessCatalog.units-21-40.json"
"conversation","unit-01","Could You Live Without Your Smartphone for a Month?","0","0","src/app/learning/conversation/conversationCatalog.units-01-20.json"
"conversation","unit-02","Is It Better to Live Alone or With Other People?","0","0","src/app/learning/conversation/conversationCatalog.units-01-20.json"
"conversation","unit-03","Is Online Shopping Better Than Shopping in Stores?","0","0","src/app/learning/conversation/conversationCatalog.units-01-20.json"
"conversation","unit-04","Should We Spend More Money on Experiences Than Possessions?","0","0","src/app/learning/conversation/conversationCatalog.units-01-20.json"
"conversation","unit-05","Is Working From Home Better Than Working in an Office?","0","0","src/app/learning/conversation/conversationCatalog.units-01-20.json"
"conversation","unit-06","Should Children Have Their Own Smartphones?","0","0","src/app/learning/conversation/conversationCatalog.units-01-20.json"
"conversation","unit-07","Does Social Media Make Friendships Stronger?","0","0","src/app/learning/conversation/conversationCatalog.units-01-20.json"
"conversation","unit-08","Is It Better to Plan Everything or Be Spontaneous?","0","0","src/app/learning/conversation/conversationCatalog.units-01-20.json"
"conversation","unit-09","Should People Work Fewer Hours Even If They Earn Less?","0","0","src/app/learning/conversation/conversationCatalog.units-01-20.json"
"conversation","unit-10","Does Convenience Always Make Our Lives Better?","0","0","src/app/learning/conversation/conversationCatalog.units-01-20.json"
"conversation","unit-11","Should Students Be Allowed to Use AI for Schoolwork?","0","0","src/app/learning/conversation/conversationCatalog.units-01-20.json"
"conversation","unit-12","Should Social Media Have a Minimum Age?","0","0","src/app/learning/conversation/conversationCatalog.units-01-20.json"
"conversation","unit-13","Is University Still Worth the Cost?","0","0","src/app/learning/conversation/conversationCatalog.units-01-20.json"
"conversation","unit-14","Should Edited and AI-Generated Images Be Labelled?","0","0","src/app/learning/conversation/conversationCatalog.units-01-20.json"
"conversation","unit-15","Are Recommendation Algorithms Helping Us or Controlling Us?","0","0","src/app/learning/conversation/conversationCatalog.units-01-20.json"
"conversation","unit-16","Should We Exchange Personal Data for Free Digital Services?","0","0","src/app/learning/conversation/conversationCatalog.units-01-20.json"
"conversation","unit-17","Could Self-Driving Cars Become Safer Than Human Drivers?","0","0","src/app/learning/conversation/conversationCatalog.units-01-20.json"
"conversation","unit-18","Should We Eat Less Meat?","0","0","src/app/learning/conversation/conversationCatalog.units-01-20.json"
"conversation","unit-19","Are Exams a Fair Way to Measure Ability?","0","0","src/app/learning/conversation/conversationCatalog.units-01-20.json"
"conversation","unit-20","Does Technology Save Us Time—or Simply Give Us More Things to Do?","0","0","src/app/learning/conversation/conversationCatalog.units-01-20.json"
"conversation","unit-21","Does AI Threaten Human Creativity or Expand It?","0","0","src/app/learning/conversation/conversationCatalog.units-21-40.json"
"conversation","unit-22","Should Facial Recognition Be Used in Public Places?","0","0","src/app/learning/conversation/conversationCatalog.units-21-40.json"
"conversation","unit-23","Does the Gig Economy Create Freedom or Insecurity?","0","0","src/app/learning/conversation/conversationCatalog.units-21-40.json"
"conversation","unit-24","Should Employees Have a Right to Disconnect From Work?","0","0","src/app/learning/conversation/conversationCatalog.units-21-40.json"
"conversation","unit-25","Should Gene Editing Be Used to Prevent Serious Inherited Diseases?","0","0","src/app/learning/conversation/conversationCatalog.units-21-40.json"
"conversation","unit-26","Do Personalised Algorithms Trap Us in Our Existing Beliefs?","0","0","src/app/learning/conversation/conversationCatalog.units-21-40.json"
"conversation","unit-27","Can Economic Growth Continue Without Harming the Environment?","0","0","src/app/learning/conversation/conversationCatalog.units-21-40.json"
"conversation","unit-28","Does Technology Reduce Inequality—or Increase It?","0","0","src/app/learning/conversation/conversationCatalog.units-21-40.json"
"conversation","unit-29","Who Should Be Responsible When AI Makes a Harmful Decision?","0","0","src/app/learning/conversation/conversationCatalog.units-21-40.json"
"conversation","unit-30","Should Convenience Ever Be Sacrificed for Privacy?","0","0","src/app/learning/conversation/conversationCatalog.units-21-40.json"
"conversation","unit-31","Can a Truly Meritocratic Society Exist?","0","0","src/app/learning/conversation/conversationCatalog.units-21-40.json"
"conversation","unit-32","Could an Advanced AI Ever Deserve Rights?","0","0","src/app/learning/conversation/conversationCatalog.units-21-40.json"
"conversation","unit-33","Is Privacy Becoming a Luxury?","0","0","src/app/learning/conversation/conversationCatalog.units-21-40.json"
"conversation","unit-34","When Does Persuasion Become Manipulation?","0","0","src/app/learning/conversation/conversationCatalog.units-21-40.json"
"conversation","unit-35","Could Society Function If Most People No Longer Needed to Work?","0","0","src/app/learning/conversation/conversationCatalog.units-21-40.json"
"conversation","unit-36","Will AI Make Authenticity More Valuable—or Meaningless?","0","0","src/app/learning/conversation/conversationCatalog.units-21-40.json"
"conversation","unit-37","Is Giving People More Choice Always a Good Thing?","0","0","src/app/learning/conversation/conversationCatalog.units-21-40.json"
"conversation","unit-38","What Do We Owe People Who Haven’t Been Born Yet?","0","0","src/app/learning/conversation/conversationCatalog.units-21-40.json"
"conversation","unit-39","Can Information Ever Be Completely Neutral?","0","0","src/app/learning/conversation/conversationCatalog.units-21-40.json"
"conversation","unit-40","Does Technological Progress Necessarily Mean Human Progress?","0","0","src/app/learning/conversation/conversationCatalog.units-21-40.json"
"hadith","hadith-01","Actions and Intentions","0","0","src/app/learning/hadith/figmaHadithContent.json"
"hadith","hadith-02","Questions That Teach Religion","0","0","src/app/learning/hadith/figmaHadithContent.json"
"hadith","hadith-03","The Five Pillars of Islam","0","0","src/app/learning/hadith/figmaHadithContent.json"
"hadith","hadith-04","Creation, Life, and Human Actions","0","0","src/app/learning/hadith/figmaHadithContent.json"
"hadith","hadith-05","Following Established Guidance","0","0","src/app/learning/hadith/figmaHadithContent.json"
"hadith","hadith-06","Clear Choices and Doubtful Matters","0","0","src/app/learning/hadith/figmaHadithContent.json"
"hadith","hadith-07","Sincere Advice and Respectful Communication","0","0","src/app/learning/hadith/figmaHadithContent.json"
"hadith","hadith-08","Authority, Public Duties, and Accountability","0","0","src/app/learning/hadith/figmaHadithContent.json"
"hadith","hadith-09","Following Guidance Within Our Ability","0","0","src/app/learning/hadith/figmaHadithContent.json"
"hadith","hadith-10","Choosing What Is Lawful and Good","0","0","src/app/learning/hadith/figmaHadithContent.json"
"hadith","hadith-11","Moving From Doubt to Clarity","0","0","src/app/learning/hadith/figmaHadithContent.json"
"hadith","hadith-12","Focusing on What Concerns Us","0","0","src/app/learning/hadith/figmaHadithContent.json"
"hadith","hadith-13","Wanting Good for Others","0","0","src/app/learning/hadith/figmaHadithContent.json"
"hadith","hadith-14","The Sanctity of Life and Due Process","0","0","src/app/learning/hadith/figmaHadithContent.json"
"hadith","hadith-15","Speaking Well and Welcoming Others","0","0","src/app/learning/hadith/figmaHadithContent.json"
"hadith","hadith-16","Responding to Anger Wisely","0","0","src/app/learning/hadith/figmaHadithContent.json"
"hadith","hadith-17","Excellence With Mercy","0","0","src/app/learning/hadith/figmaHadithContent.json"
"hadith","hadith-18","Repairing a Mistake With Good","0","0","src/app/learning/hadith/figmaHadithContent.json"
"hadith","hadith-19","Trust, Help, and Divine Decree","0","0","src/app/learning/hadith/figmaHadithContent.json"
"hadith","hadith-20","Modesty as Moral Awareness","0","0","src/app/learning/hadith/figmaHadithContent.json"
"hadith","hadith-21","Believe and Remain Steadfast","0","0","src/app/learning/hadith/figmaHadithContent.json"
"hadith","hadith-22","Obligatory Practice and Paradise","0","0","src/app/learning/hadith/figmaHadithContent.json"
"hadith","hadith-23","Purity, Patience, and Daily Choice","0","0","src/app/learning/hadith/figmaHadithContent.json"
"hadith","hadith-24","Do Not Oppress One Another","0","0","src/app/learning/hadith/figmaHadithContent.json"
"hadith","hadith-25","Many Forms of Charity","0","0","src/app/learning/hadith/figmaHadithContent.json"
"hadith","hadith-26","Everyday Acts of Charity","0","0","src/app/learning/hadith/figmaHadithContent.json"
"hadith","hadith-27","Character, Conscience, and Wrongdoing","0","0","src/app/learning/hadith/figmaHadithContent.json"
"hadith","hadith-28","Farewell Counsel and Received Practice","0","0","src/app/learning/hadith/figmaHadithContent.json"
"hadith","hadith-29","Paths of Good and Restraint of Speech","0","0","src/app/learning/hadith/figmaHadithContent.json"
"hadith","hadith-30","Duties, Limits, and Silence","0","0","src/app/learning/hadith/figmaHadithContent.json"
"hadith","hadith-31","Renouncing Possessions","0","0","src/app/learning/hadith/figmaHadithContent.json"
"hadith","hadith-32","Neither Harm nor Return of Harm","0","0","src/app/learning/hadith/figmaHadithContent.json"
"hadith","hadith-33","Claims, Proof, and Oaths","0","0","src/app/learning/hadith/figmaHadithContent.json"
"hadith","hadith-34","Responding to Wrongdoing","0","0","src/app/learning/hadith/figmaHadithContent.json"
"hadith","hadith-35","Respect, Fair Trade, and Protection","0","0","src/app/learning/hadith/figmaHadithContent.json"
"hadith","hadith-36","Helping Others and Seeking Knowledge","0","0","src/app/learning/hadith/figmaHadithContent.json"
"hadith","hadith-37","Intentions and Recorded Deeds","0","0","src/app/learning/hadith/figmaHadithContent.json"
"hadith","hadith-38","Drawing Near Through Worship","0","0","src/app/learning/hadith/figmaHadithContent.json"
"hadith","hadith-39","Mistakes, Forgetfulness, and Duress","0","0","src/app/learning/hadith/figmaHadithContent.json"
"hadith","hadith-40","A Traveler in This World","0","0","src/app/learning/hadith/figmaHadithContent.json"
"hadith","hadith-41","Guiding Desires by Revelation","0","0","src/app/learning/hadith/figmaHadithContent.json"
"hadith","hadith-42","Hope, Prayer, and Forgiveness","0","0","src/app/learning/hadith/figmaHadithContent.json"
"pronunciation","pronunciation-1","Same or Different?","0","0","src/app/learning/foundations/figmaPronunciationContent.json"
"pronunciation","pronunciation-2","Sheep or Ship? (/iː/ vs /ɪ/)","0","0","src/app/learning/foundations/figmaPronunciationContent.json"
"pronunciation","pronunciation-3","Pin or Pen? (/ɪ/ vs /ɛ/)","0","0","src/app/learning/foundations/figmaPronunciationContent.json"
"pronunciation","pronunciation-4","Pen or Pan? (/ɛ/ vs /æ/)","0","0","src/app/learning/foundations/figmaPronunciationContent.json"
"pronunciation","pronunciation-5","Cap or Cup? (/æ/ vs /ʌ/)","0","0","src/app/learning/foundations/figmaPronunciationContent.json"
"pronunciation","pronunciation-6","Full or Fool? (/ʊ/ vs /uː/)","0","0","src/app/learning/foundations/figmaPronunciationContent.json"
"pronunciation","pronunciation-7","Pig or Big? (/p/ vs /b/)","0","0","src/app/learning/foundations/figmaPronunciationContent.json"
"pronunciation","pronunciation-8","Sound Detective Challenge (Final L1 Integration)","0","0","src/app/learning/foundations/figmaPronunciationContent.json"
"pronunciation","pronunciation-9","Air and Voice: Make /p/ and /b/","0","0","src/app/learning/foundations/figmaPronunciationContent.json"
"pronunciation","pronunciation-10","Air and Voice: Make /f/ and /v/","0","0","src/app/learning/foundations/figmaPronunciationContent.json"
"pronunciation","pronunciation-11","Oral Production of Stop Consonants /t/ and /d/","0","0","src/app/learning/foundations/figmaPronunciationContent.json"
"pronunciation","pronunciation-12","Oral Production of Velar Stops /k/ and /g/","0","0","src/app/learning/foundations/figmaPronunciationContent.json"
"pronunciation","pronunciation-13","Oral Production of Alveolar Fricatives /s/ and /z/","0","0","src/app/learning/foundations/figmaPronunciationContent.json"
"pronunciation","pronunciation-14","Mouth Shape: Palato-Alveolar /ʃ/ and /tʃ/","0","0","src/app/learning/foundations/figmaPronunciationContent.json"
"pronunciation","pronunciation-15","Tongue and Air: /θ/ versus /s/ contrasts","0","0","src/app/learning/foundations/figmaPronunciationContent.json"
"pronunciation","pronunciation-16","Voice and Tongue: Make /ð/ and /z/","0","0","src/app/learning/foundations/figmaPronunciationContent.json"
"pronunciation","pronunciation-17","Tongue Direction: Make /l/ and /r/","0","0","src/app/learning/foundations/figmaPronunciationContent.json"
"pronunciation","pronunciation-18","Lips and Voice: Make /w/ and /v/","0","0","src/app/learning/foundations/figmaPronunciationContent.json"
"pronunciation","pronunciation-19","Nose and Ending: Make /n/ and /ŋ/","0","0","src/app/learning/foundations/figmaPronunciationContent.json"
"pronunciation","pronunciation-20","Consonant Control Challenge","0","0","src/app/learning/foundations/figmaPronunciationContent.json"
"pronunciation","pronunciation-21","Vowel Contrast: /iː/ (Tense) versus /ɪ/ (Lax)","0","0","src/app/learning/foundations/figmaPronunciationContent.json"
"pronunciation","pronunciation-22","Front Vowel Map: /ɪ/ vs /ɛ/ vs /æ/","0","0","src/app/learning/foundations/figmaPronunciationContent.json"
"pronunciation","pronunciation-23","Vowel Space: Central /ʌ/ versus Back /ʊ/ and /uː/","0","0","src/app/learning/foundations/figmaPronunciationContent.json"
"pronunciation","pronunciation-24","Capstone: Comprehensive Production Diagnostic","0","0","src/app/learning/foundations/figmaPronunciationContent.json"
"pronunciation","pronunciation-25","Contrast Lab: Deep-Dive /iː/ vs /ɪ/","0","0","src/app/learning/foundations/figmaPronunciationContent.json"
"pronunciation","pronunciation-26","Contrast Lab: /ɪ/ (Lax High-Mid) versus /ɛ/ (Lax Mid-Low)","0","0","src/app/learning/foundations/figmaPronunciationContent.json"
"pronunciation","pronunciation-27","Contrast Lab: /ɛ/ (Lax Mid-Low) versus /æ/ (Lax Low)","0","0","src/app/learning/foundations/figmaPronunciationContent.json"
"pronunciation","pronunciation-28","Contrast Lab: /æ/ (Lax Front Low) versus /ʌ/ (Lax Central Mid-Low)","0","0","src/app/learning/foundations/figmaPronunciationContent.json"
"pronunciation","pronunciation-29","Contrast Lab: /ʊ/ (Lax High-Back) versus /uː/ (Tense High-Back)","0","0","src/app/learning/foundations/figmaPronunciationContent.json"
"pronunciation","pronunciation-30","Capstone: Mixed Vowel Capstone Challenge","0","0","src/app/learning/foundations/figmaPronunciationContent.json"
"pronunciation","pronunciation-31","Contrast Lab: /p/ (Voiceless) versus /b/ (Voiced)","0","0","src/app/learning/foundations/figmaPronunciationContent.json"
"pronunciation","pronunciation-32","Contrast Lab: /t/ (Voiceless) versus /d/ (Voiced)","0","0","src/app/learning/foundations/figmaPronunciationContent.json"
"pronunciation","pronunciation-33","Contrast Lab: /k/ (Voiceless) versus /g/ (Voiced)","0","0","src/app/learning/foundations/figmaPronunciationContent.json"
"pronunciation","pronunciation-34","Contrast Lab: /f/ (Voiceless) versus /v/ (Voiced)","0","0","src/app/learning/foundations/figmaPronunciationContent.json"
"pronunciation","pronunciation-35","Contrast Lab: /s/ (Voiceless) versus /z/ (Voiced)","0","0","src/app/learning/foundations/figmaPronunciationContent.json"
"pronunciation","pronunciation-36","Contrast Lab: /ʃ/ (Voiceless Fricative) versus /tʃ/ (Voiceless Affricate)","0","0","src/app/learning/foundations/figmaPronunciationContent.json"
"pronunciation","pronunciation-37","Contrast Lab: /θ/ (Voiceless Interdental) versus /s/ (Voiceless Alveolar)","0","0","src/app/learning/foundations/figmaPronunciationContent.json"
"pronunciation","pronunciation-38","Category Lab: Voiced /ð/ versus Voiced /z/","0","0","src/app/learning/foundations/figmaPronunciationContent.json"
"pronunciation","pronunciation-39","Build the Word: Syllable Beats","0","0","src/app/learning/foundations/figmaPronunciationContent.json"
"pronunciation","pronunciation-40","Build the Word: Hear Schwa in Unstressed Syllables","0","0","src/app/learning/foundations/figmaPronunciationContent.json"
"pronunciation","pronunciation-41","Contrast Lab: Strong Beat in Two-Syllable Words","0","0","src/app/learning/foundations/figmaPronunciationContent.json"
"pronunciation","pronunciation-42","Contrast Lab: Strong Beat in Longer Words","0","0","src/app/learning/foundations/figmaPronunciationContent.json"
"pronunciation","pronunciation-43","Contrast Lab: Produce Schwa in Weak Syllables","0","0","src/app/learning/foundations/figmaPronunciationContent.json"
"pronunciation","pronunciation-44","Contrast Lab: Stress Changes Meaning and Word Class","0","0","src/app/learning/foundations/figmaPronunciationContent.json"
"pronunciation","pronunciation-45","Contrast Lab: Build Initial Consonant Clusters","0","0","src/app/learning/foundations/figmaPronunciationContent.json"
"pronunciation","pronunciation-46","Contrast Lab: Final Consonants and Clusters","0","0","src/app/learning/foundations/figmaPronunciationContent.json"
"pronunciation","pronunciation-47","Contrast Lab: Build Words with Chunks","0","0","src/app/learning/foundations/figmaPronunciationContent.json"
"pronunciation","pronunciation-48","Capstone Lab: Build the Word Capstone","0","0","src/app/learning/foundations/figmaPronunciationContent.json"
"pronunciation","pronunciation-49","Contrast Lab: Speak the Sentence: Content Word Stress","0","0","src/app/learning/foundations/figmaPronunciationContent.json"
"pronunciation","pronunciation-50","Contrast Lab: Speak the Sentence: Contrastive Stress","0","0","src/app/learning/foundations/figmaPronunciationContent.json"
"pronunciation","pronunciation-51","English Beat: Sentence Rhythm","0","0","src/app/learning/foundations/figmaPronunciationContent.json"
"pronunciation","pronunciation-52","Weak Forms in Sentences","0","0","src/app/learning/foundations/figmaPronunciationContent.json"
"pronunciation","pronunciation-53","Thought Groups and Pausing","0","0","src/app/learning/foundations/figmaPronunciationContent.json"
"pronunciation","pronunciation-54","Voice Melody: Statements and Questions","0","0","src/app/learning/foundations/figmaPronunciationContent.json"
"pronunciation","pronunciation-55","Voice Melody: Yes/No and Wh-Questions","0","0","src/app/learning/foundations/figmaPronunciationContent.json"
"pronunciation","pronunciation-56","Intonation for Attitude and Emotion","0","0","src/app/learning/foundations/figmaPronunciationContent.json"
"pronunciation","pronunciation-57","Dialogue Focus and Correction","0","0","src/app/learning/foundations/figmaPronunciationContent.json"
"pronunciation","pronunciation-58","Speak the Sentence Capstone","0","0","src/app/learning/foundations/figmaPronunciationContent.json"
"pronunciation","pronunciation-59","Understand Real Speech: Linking Consonant to Vowel","0","0","src/app/learning/foundations/figmaPronunciationContent.json"
"pronunciation","pronunciation-60","Understand Real Speech: Weak Forms in Natural Listening","0","0","src/app/learning/foundations/figmaPronunciationContent.json"
"pronunciation","pronunciation-61","Smooth Transitions: Vowel-to-Vowel Linking","0","0","src/app/learning/foundations/figmaPronunciationContent.json"
"pronunciation","pronunciation-62","Natural Delivery: Contractions in Conversation","0","0","src/app/learning/foundations/figmaPronunciationContent.json"
"pronunciation","pronunciation-63","Vowel Reduction: Unstressed Syllables and Particles","0","0","src/app/learning/foundations/figmaPronunciationContent.json"
"pronunciation","pronunciation-64","Conversational Flow: Assimilation in Everyday Speech","0","0","src/app/learning/foundations/figmaPronunciationContent.json"
"pronunciation","pronunciation-65","Elision and Simplified Clusters","0","0","src/app/learning/foundations/figmaPronunciationContent.json"
"pronunciation","pronunciation-66","Listen Across Speakers and Accents","0","0","src/app/learning/foundations/figmaPronunciationContent.json"
"pronunciation","pronunciation-67","Everyday Real Speech","0","0","src/app/learning/foundations/figmaPronunciationContent.json"
"pronunciation","pronunciation-68","Final Real-Speech Capstone and Adaptive Route","0","0","src/app/learning/foundations/figmaPronunciationContent.json"
"skill-practice","listen-word-match","Word Match: Listening Definition","0","0","src/app/exercises/content"
"skill-practice","listen-audio-scene-match","Audio Scene Match","0","0","src/app/exercises/content"
"skill-practice","listen-vocab-spotting","Vocabulary Spotting","0","0","src/app/exercises/content"
"skill-practice","listen-dialogue-roleplay","Dialogue Role-Play","0","0","src/app/exercises/content"
"skill-practice","listen-selective-shadowing","Selective Shadowing","0","0","src/app/exercises/content"
"skill-practice","listen-warmup-review","Warm-up Refresher","0","0","src/app/exercises/content"
"skill-practice","listen-podcast-comprehension","Podcast Comprehension","0","0","src/app/exercises/content"
"skill-practice","read-progressive-reveal","Progressive Reveal Reading","0","0","src/app/exercises/content"
"skill-practice","read-error-detection","Error Detection Proofreading","0","0","src/app/exercises/content"
"skill-practice","read-comic-strip","Comic Strip Sequencing","0","0","src/app/exercises/content"
"skill-practice","read-infographic","Infographic Reading","0","0","src/app/exercises/content"
"skill-practice","read-category-sort","Category Sort","0","0","src/app/exercises/content"
"skill-practice","read-subtitle-correction","Subtitle Correction","0","0","src/app/exercises/content"
"skill-practice","read-confidence-check","Confidence Check","0","0","src/app/exercises/content"
"skill-practice","speak-scenario-response","Scenario Response","0","0","src/app/exercises/content"
"skill-practice","speak-photo-narration","Photo Narration","0","0","src/app/exercises/content"
"skill-practice","speak-video-roleplay","Video Roleplay","0","0","src/app/exercises/content"
"skill-practice","speak-compare-contrast","Compare & Contrast","0","0","src/app/exercises/content"
"skill-practice","speak-word-chain","Word Chain","0","0","src/app/exercises/content"
"skill-practice","speak-self-repair","Self-Repair","0","0","src/app/exercises/content"
"skill-practice","write-caption-builder","Caption Builder","0","0","src/app/exercises/content"
"skill-practice","write-sentence-assembly","Sentence Assembly","0","0","src/app/exercises/content"
"skill-practice","write-photo-journal","Photo Journal","0","0","src/app/exercises/content"
"skill-practice","write-video-summary","Video Summary","0","0","src/app/exercises/content"
"skill-practice","write-error-correction","Error Correction","0","0","src/app/exercises/content"
"skill-practice","write-paraphrase-challenge","Paraphrase Challenge","0","0","src/app/exercises/content"
"skill-practice","write-image-story-chain","Image Story Chain","0","0","src/app/exercises/content"
