"priority","unit","image_name","asset_path","finding"
"replace","basic-emotions","happy.avif","/word-images/basic-emotions/happy.avif","cartoon or illustration; not photorealistic"
"replace","basic-emotions","joyful.avif","/word-images/basic-emotions/joyful.avif","cartoon or illustration; not photorealistic"
"replace","basic-emotions","excited.avif","/word-images/basic-emotions/excited.avif","cartoon or illustration; not photorealistic"
"replace","basic-emotions","proud.avif","/word-images/basic-emotions/proud.avif","cartoon or illustration; not photorealistic"
"replace","basic-emotions","grateful.avif","/word-images/basic-emotions/grateful.avif","cartoon or illustration; not photorealistic"
"replace","basic-emotions","content.avif","/word-images/basic-emotions/content.avif","cartoon or illustration; not photorealistic"
"replace","basic-emotions","amused.avif","/word-images/basic-emotions/amused.avif","cartoon or illustration; not photorealistic"
"replace","basic-emotions","delighted.avif","/word-images/basic-emotions/delighted.avif","cartoon or illustration; not photorealistic"
"replace","basic-emotions","cheerful.avif","/word-images/basic-emotions/cheerful.avif","cartoon or illustration; not photorealistic"
"replace","basic-emotions","hopeful.avif","/word-images/basic-emotions/hopeful.avif","cartoon or illustration; not photorealistic"
"replace","basic-emotions","sad.avif","/word-images/basic-emotions/sad.avif","cartoon or illustration; not photorealistic"
"replace","basic-emotions","angry.avif","/word-images/basic-emotions/angry.avif","cartoon or illustration; not photorealistic"
"replace","basic-emotions","scared.avif","/word-images/basic-emotions/scared.avif","cartoon or illustration; not photorealistic"
"replace","basic-emotions","worried.avif","/word-images/basic-emotions/worried.avif","cartoon or illustration; not photorealistic"
"replace","basic-emotions","frustrated.avif","/word-images/basic-emotions/frustrated.avif","cartoon or illustration; not photorealistic"
"replace","basic-emotions","disappointed.avif","/word-images/basic-emotions/disappointed.avif","cartoon or illustration; not photorealistic"
"replace","basic-emotions","upset.avif","/word-images/basic-emotions/upset.avif","cartoon or illustration; not photorealistic"
"replace","basic-emotions","annoyed.avif","/word-images/basic-emotions/annoyed.avif","cartoon or illustration; not photorealistic"
"replace","basic-emotions","bored.avif","/word-images/basic-emotions/bored.avif","cartoon or illustration; not photorealistic"
"replace","basic-emotions","lonely.avif","/word-images/basic-emotions/lonely.avif","cartoon or illustration; not photorealistic"
"replace","basic-emotions","calm.avif","/word-images/basic-emotions/calm.avif","cartoon or illustration; not photorealistic"
"replace","basic-emotions","tired.avif","/word-images/basic-emotions/tired.avif","cartoon or illustration; not photorealistic"
"replace","basic-emotions","surprised.avif","/word-images/basic-emotions/surprised.avif","cartoon or illustration; not photorealistic"
"replace","basic-emotions","confused.avif","/word-images/basic-emotions/confused.avif","cartoon or illustration; not photorealistic"
"replace","basic-emotions","curious.avif","/word-images/basic-emotions/curious.avif","cartoon or illustration; not photorealistic"
"replace","basic-emotions","thoughtful.avif","/word-images/basic-emotions/thoughtful.avif","cartoon or illustration; not photorealistic"
"replace","basic-emotions","relaxed.avif","/word-images/basic-emotions/relaxed.avif","cartoon or illustration; not photorealistic"
"replace","basic-emotions","indifferent.avif","/word-images/basic-emotions/indifferent.avif","cartoon or illustration; not photorealistic"
"replace","basic-emotions","sleepy.avif","/word-images/basic-emotions/sleepy.avif","cartoon or illustration; not photorealistic"
"replace","basic-emotions","alert.avif","/word-images/basic-emotions/alert.avif","cartoon or illustration; not photorealistic"
"replace","basic-emotions","hungry.avif","/word-images/basic-emotions/hungry.avif","cartoon or illustration; not photorealistic"
"replace","basic-emotions","thirsty.avif","/word-images/basic-emotions/thirsty.avif","cartoon or illustration; not photorealistic"
"replace","basic-emotions","full.avif","/word-images/basic-emotions/full.avif","cartoon or illustration; not photorealistic"
"replace","basic-emotions","cold.avif","/word-images/basic-emotions/cold.avif","cartoon or illustration; not photorealistic"
"replace","basic-emotions","hot.avif","/word-images/basic-emotions/hot.avif","cartoon or illustration; not photorealistic"
"replace","basic-emotions","dizzy.avif","/word-images/basic-emotions/dizzy.avif","cartoon or illustration; not photorealistic"
"replace","basic-emotions","nauseous.avif","/word-images/basic-emotions/nauseous.avif","cartoon or illustration; not photorealistic"
"replace","basic-emotions","exhausted.avif","/word-images/basic-emotions/exhausted.avif","cartoon or illustration; not photorealistic"
"replace","basic-emotions","energetic.avif","/word-images/basic-emotions/energetic.avif","cartoon or illustration; not photorealistic"
"replace","basic-emotions","comfortable.avif","/word-images/basic-emotions/comfortable.avif","cartoon or illustration; not photorealistic"
"replace","communication-verbs","talk.avif","/word-images/communication-verbs/talk.avif","cartoon or illustration; not photorealistic"
"replace","communication-verbs","speak.avif","/word-images/communication-verbs/speak.avif","cartoon or illustration; not photorealistic"
"replace","communication-verbs","say.avif","/word-images/communication-verbs/say.avif","cartoon or illustration; not photorealistic"
"replace","communication-verbs","tell.avif","/word-images/communication-verbs/tell.avif","cartoon or illustration; not photorealistic"
"replace","communication-verbs","ask.avif","/word-images/communication-verbs/ask.avif","cartoon or illustration; not photorealistic"
"replace","communication-verbs","answer.avif","/word-images/communication-verbs/answer.avif","cartoon or illustration; not photorealistic"
"replace","communication-verbs","explain.avif","/word-images/communication-verbs/explain.avif","cartoon or illustration; not photorealistic"
"replace","communication-verbs","describe.avif","/word-images/communication-verbs/describe.avif","cartoon or illustration; not photorealistic"
"replace","communication-verbs","announce.avif","/word-images/communication-verbs/announce.avif","cartoon or illustration; not photorealistic"
"replace","communication-verbs","declare.avif","/word-images/communication-verbs/declare.avif","cartoon or illustration; not photorealistic"
"replace","communication-verbs","whisper.avif","/word-images/communication-verbs/whisper.avif","cartoon or illustration; not photorealistic"
"replace","communication-verbs","shout.avif","/word-images/communication-verbs/shout.avif","cartoon or illustration; not photorealistic"
"replace","communication-verbs","yell.avif","/word-images/communication-verbs/yell.avif","cartoon or illustration; not photorealistic"
"replace","communication-verbs","scream.avif","/word-images/communication-verbs/scream.avif","cartoon or illustration; not photorealistic"
"replace","communication-verbs","murmur.avif","/word-images/communication-verbs/murmur.avif","cartoon or illustration; not photorealistic"
"replace","communication-verbs","mumble.avif","/word-images/communication-verbs/mumble.avif","cartoon or illustration; not photorealistic"
"replace","communication-verbs","stutter.avif","/word-images/communication-verbs/stutter.avif","cartoon or illustration; not photorealistic"
"replace","communication-verbs","stammer.avif","/word-images/communication-verbs/stammer.avif","cartoon or illustration; not photorealistic"
"replace","communication-verbs","sing.avif","/word-images/communication-verbs/sing.avif","cartoon or illustration; not photorealistic"
"replace","communication-verbs","chant.avif","/word-images/communication-verbs/chant.avif","cartoon or illustration; not photorealistic"
"replace","communication-verbs","discuss.avif","/word-images/communication-verbs/discuss.avif","cartoon or illustration; not photorealistic"
"replace","communication-verbs","debate.avif","/word-images/communication-verbs/debate.avif","cartoon or illustration; not photorealistic"
"replace","communication-verbs","argue.avif","/word-images/communication-verbs/argue.avif","cartoon or illustration; not photorealistic"
"replace","communication-verbs","agree.avif","/word-images/communication-verbs/agree.avif","cartoon or illustration; not photorealistic"
"replace","communication-verbs","disagree.avif","/word-images/communication-verbs/disagree.avif","cartoon or illustration; not photorealistic"
"replace","communication-verbs","negotiate.avif","/word-images/communication-verbs/negotiate.avif","cartoon or illustration; not photorealistic"
"replace","communication-verbs","persuade.avif","/word-images/communication-verbs/persuade.avif","cartoon or illustration; not photorealistic"
"replace","communication-verbs","convince.avif","/word-images/communication-verbs/convince.avif","cartoon or illustration; not photorealistic"
"replace","communication-verbs","suggest.avif","/word-images/communication-verbs/suggest.avif","cartoon or illustration; not photorealistic"
"replace","communication-verbs","propose.avif","/word-images/communication-verbs/propose.avif","cartoon or illustration; not photorealistic"
"replace","communication-verbs","write.avif","/word-images/communication-verbs/write.avif","cartoon or illustration; not photorealistic"
"replace","communication-verbs","read.avif","/word-images/communication-verbs/read.avif","cartoon or illustration; not photorealistic"
"replace","communication-verbs","type.avif","/word-images/communication-verbs/type.avif","cartoon or illustration; not photorealistic"
"replace","communication-verbs","email.avif","/word-images/communication-verbs/email.avif","cartoon or illustration; not photorealistic"
"replace","communication-verbs","text.avif","/word-images/communication-verbs/text.avif","cartoon or illustration; not photorealistic"
"replace","communication-verbs","print.avif","/word-images/communication-verbs/print.avif","cartoon or illustration; not photorealistic"
"replace","communication-verbs","publish.avif","/word-images/communication-verbs/publish.avif","cartoon or illustration; not photorealistic"
"replace","communication-verbs","edit.avif","/word-images/communication-verbs/edit.avif","cartoon or illustration; not photorealistic"
"replace","communication-verbs","draft.avif","/word-images/communication-verbs/draft.avif","cartoon or illustration; not photorealistic"
"replace","communication-verbs","revise.avif","/word-images/communication-verbs/revise.avif","cartoon or illustration; not photorealistic"
"replace","communication-verbs","gesture.avif","/word-images/communication-verbs/gesture.avif","cartoon or illustration; not photorealistic"
"replace","communication-verbs","nod.avif","/word-images/communication-verbs/nod.avif","cartoon or illustration; not photorealistic"
"replace","communication-verbs","shake-head.avif","/word-images/communication-verbs/shake-head.avif","cartoon or illustration; not photorealistic"
"replace","communication-verbs","point.avif","/word-images/communication-verbs/point.avif","cartoon or illustration; not photorealistic"
"replace","communication-verbs","wave.avif","/word-images/communication-verbs/wave.avif","cartoon or illustration; not photorealistic"
"replace","communication-verbs","shrug.avif","/word-images/communication-verbs/shrug.avif","cartoon or illustration; not photorealistic"
"replace","communication-verbs","signal.avif","/word-images/communication-verbs/signal.avif","cartoon or illustration; not photorealistic"
"replace","communication-verbs","mime.avif","/word-images/communication-verbs/mime.avif","cartoon or illustration; not photorealistic"
"replace","communication-verbs","sign.avif","/word-images/communication-verbs/sign.avif","cartoon or illustration; not photorealistic"
"replace","communication-verbs","wink.avif","/word-images/communication-verbs/wink.avif","cartoon or illustration; not photorealistic"
"replace","complex-feelings","embarrassed.avif","/word-images/complex-feelings/embarrassed.avif","cartoon or illustration; not photorealistic"
"replace","complex-feelings","jealous.avif","/word-images/complex-feelings/jealous.avif","cartoon or illustration; not photorealistic"
"replace","complex-feelings","envious.avif","/word-images/complex-feelings/envious.avif","cartoon or illustration; not photorealistic"
"replace","complex-feelings","guilty.avif","/word-images/complex-feelings/guilty.avif","cartoon or illustration; not photorealistic"
"replace","complex-feelings","ashamed.avif","/word-images/complex-feelings/ashamed.avif","cartoon or illustration; not photorealistic"
"replace","complex-feelings","humiliated.avif","/word-images/complex-feelings/humiliated.avif","cartoon or illustration; not photorealistic"
"replace","complex-feelings","proud.avif","/word-images/complex-feelings/proud.avif","cartoon or illustration; not photorealistic"
"replace","complex-feelings","humble.avif","/word-images/complex-feelings/humble.avif","cartoon or illustration; not photorealistic"
"replace","complex-feelings","sympathetic.avif","/word-images/complex-feelings/sympathetic.avif","cartoon or illustration; not photorealistic"
"replace","complex-feelings","empathetic.avif","/word-images/complex-feelings/empathetic.avif","cartoon or illustration; not photorealistic"
"replace","complex-feelings","nostalgic.avif","/word-images/complex-feelings/nostalgic.avif","cartoon or illustration; not photorealistic"
"replace","complex-feelings","melancholic.avif","/word-images/complex-feelings/melancholic.avif","cartoon or illustration; not photorealistic"
"replace","complex-feelings","overwhelmed.avif","/word-images/complex-feelings/overwhelmed.avif","cartoon or illustration; not photorealistic"
"replace","complex-feelings","vulnerable.avif","/word-images/complex-feelings/vulnerable.avif","cartoon or illustration; not photorealistic"
"replace","complex-feelings","insecure.avif","/word-images/complex-feelings/insecure.avif","cartoon or illustration; not photorealistic"
"replace","complex-feelings","conflicted.avif","/word-images/complex-feelings/conflicted.avif","cartoon or illustration; not photorealistic"
"replace","complex-feelings","ambivalent.avif","/word-images/complex-feelings/ambivalent.avif","cartoon or illustration; not photorealistic"
"replace","complex-feelings","bittersweet.avif","/word-images/complex-feelings/bittersweet.avif","cartoon or illustration; not photorealistic"
"replace","complex-feelings","wistful.avif","/word-images/complex-feelings/wistful.avif","cartoon or illustration; not photorealistic"
"replace","complex-feelings","longing.avif","/word-images/complex-feelings/longing.avif","cartoon or illustration; not photorealistic"
"replace","complex-feelings","anxious.avif","/word-images/complex-feelings/anxious.avif","cartoon or illustration; not photorealistic"
"replace","complex-feelings","nervous.avif","/word-images/complex-feelings/nervous.avif","cartoon or illustration; not photorealistic"
"replace","complex-feelings","panicked.avif","/word-images/complex-feelings/panicked.avif","cartoon or illustration; not photorealistic"
"replace","complex-feelings","stressed.avif","/word-images/complex-feelings/stressed.avif","cartoon or illustration; not photorealistic"
"replace","complex-feelings","tense.avif","/word-images/complex-feelings/tense.avif","cartoon or illustration; not photorealistic"
"replace","complex-feelings","uneasy.avif","/word-images/complex-feelings/uneasy.avif","cartoon or illustration; not photorealistic"
"replace","complex-feelings","restless.avif","/word-images/complex-feelings/restless.avif","cartoon or illustration; not photorealistic"
"replace","complex-feelings","paranoid.avif","/word-images/complex-feelings/paranoid.avif","cartoon or illustration; not photorealistic"
"replace","complex-feelings","apprehensive.avif","/word-images/complex-feelings/apprehensive.avif","cartoon or illustration; not photorealistic"
"replace","complex-feelings","dread.avif","/word-images/complex-feelings/dread.avif","cartoon or illustration; not photorealistic"
"replace","complex-feelings","inspired.avif","/word-images/complex-feelings/inspired.avif","cartoon or illustration; not photorealistic"
"replace","complex-feelings","motivated.avif","/word-images/complex-feelings/motivated.avif","cartoon or illustration; not photorealistic"
"replace","complex-feelings","determined.avif","/word-images/complex-feelings/determined.avif","cartoon or illustration; not photorealistic"
"replace","complex-feelings","resilient.avif","/word-images/complex-feelings/resilient.avif","cartoon or illustration; not photorealistic"
"replace","complex-feelings","courageous.avif","/word-images/complex-feelings/courageous.avif","cartoon or illustration; not photorealistic"
"replace","complex-feelings","confident.avif","/word-images/complex-feelings/confident.avif","cartoon or illustration; not photorealistic"
"replace","complex-feelings","empowered.avif","/word-images/complex-feelings/empowered.avif","cartoon or illustration; not photorealistic"
"replace","complex-feelings","fulfilled.avif","/word-images/complex-feelings/fulfilled.avif","cartoon or illustration; not photorealistic"
"replace","complex-feelings","accomplished.avif","/word-images/complex-feelings/accomplished.avif","cartoon or illustration; not photorealistic"
"replace","complex-feelings","liberated.avif","/word-images/complex-feelings/liberated.avif","cartoon or illustration; not photorealistic"
"replace","complex-feelings","love.avif","/word-images/complex-feelings/love.avif","cartoon or illustration; not photorealistic"
"replace","complex-feelings","affection.avif","/word-images/complex-feelings/affection.avif","cartoon or illustration; not photorealistic"
"replace","complex-feelings","compassion.avif","/word-images/complex-feelings/compassion.avif","cartoon or illustration; not photorealistic"
"replace","complex-feelings","tenderness.avif","/word-images/complex-feelings/tenderness.avif","cartoon or illustration; not photorealistic"
"replace","complex-feelings","devotion.avif","/word-images/complex-feelings/devotion.avif","cartoon or illustration; not photorealistic"
"replace","complex-feelings","admiration.avif","/word-images/complex-feelings/admiration.avif","cartoon or illustration; not photorealistic"
"replace","complex-feelings","trust.avif","/word-images/complex-feelings/trust.avif","cartoon or illustration; not photorealistic"
"replace","complex-feelings","belonging.avif","/word-images/complex-feelings/belonging.avif","cartoon or illustration; not photorealistic"
"replace","complex-feelings","intimacy.avif","/word-images/complex-feelings/intimacy.avif","cartoon or illustration; not photorealistic"
"replace","complex-feelings","warmth.avif","/word-images/complex-feelings/warmth.avif","cartoon or illustration; not photorealistic"
"replace","daily-action-verbs","wake-up.avif","/word-images/daily-action-verbs/wake-up.avif","cartoon or illustration; not photorealistic"
"replace","daily-action-verbs","get-up.avif","/word-images/daily-action-verbs/get-up.avif","cartoon or illustration; not photorealistic"
"replace","daily-action-verbs","yawn.avif","/word-images/daily-action-verbs/yawn.avif","cartoon or illustration; not photorealistic"
"replace","daily-action-verbs","stretch.avif","/word-images/daily-action-verbs/stretch.avif","cartoon or illustration; not photorealistic"
"replace","daily-action-verbs","shower.avif","/word-images/daily-action-verbs/shower.avif","cartoon or illustration; not photorealistic"
"replace","daily-action-verbs","brush-teeth.avif","/word-images/daily-action-verbs/brush-teeth.avif","cartoon or illustration; not photorealistic"
"replace","daily-action-verbs","get-dressed.avif","/word-images/daily-action-verbs/get-dressed.avif","cartoon or illustration; not photorealistic"
"replace","daily-action-verbs","eat-breakfast.avif","/word-images/daily-action-verbs/eat-breakfast.avif","cartoon or illustration; not photorealistic"
"replace","daily-action-verbs","pack-lunch.avif","/word-images/daily-action-verbs/pack-lunch.avif","cartoon or illustration; not photorealistic"
"replace","daily-action-verbs","leave-home.avif","/word-images/daily-action-verbs/leave-home.avif","cartoon or illustration; not photorealistic"
"replace","daily-action-verbs","eat.avif","/word-images/daily-action-verbs/eat.avif","cartoon or illustration; not photorealistic"
"replace","daily-action-verbs","drink.avif","/word-images/daily-action-verbs/drink.avif","cartoon or illustration; not photorealistic"
"replace","daily-action-verbs","chew.avif","/word-images/daily-action-verbs/chew.avif","cartoon or illustration; not photorealistic"
"replace","daily-action-verbs","swallow.avif","/word-images/daily-action-verbs/swallow.avif","cartoon or illustration; not photorealistic"
"replace","daily-action-verbs","sip.avif","/word-images/daily-action-verbs/sip.avif","cartoon or illustration; not photorealistic"
"replace","daily-action-verbs","gulp.avif","/word-images/daily-action-verbs/gulp.avif","cartoon or illustration; not photorealistic"
"replace","daily-action-verbs","bite.avif","/word-images/daily-action-verbs/bite.avif","cartoon or illustration; not photorealistic"
"replace","daily-action-verbs","taste.avif","/word-images/daily-action-verbs/taste.avif","cartoon or illustration; not photorealistic"
"replace","daily-action-verbs","lick.avif","/word-images/daily-action-verbs/lick.avif","cartoon or illustration; not photorealistic"
"replace","daily-action-verbs","slurp.avif","/word-images/daily-action-verbs/slurp.avif","cartoon or illustration; not photorealistic"
"replace","daily-action-verbs","cook.avif","/word-images/daily-action-verbs/cook.avif","cartoon or illustration; not photorealistic"
"replace","daily-action-verbs","clean.avif","/word-images/daily-action-verbs/clean.avif","cartoon or illustration; not photorealistic"
"replace","daily-action-verbs","wash.avif","/word-images/daily-action-verbs/wash.avif","cartoon or illustration; not photorealistic"
"replace","daily-action-verbs","sweep.avif","/word-images/daily-action-verbs/sweep.avif","cartoon or illustration; not photorealistic"
"replace","daily-action-verbs","vacuum.avif","/word-images/daily-action-verbs/vacuum.avif","cartoon or illustration; not photorealistic"
"replace","daily-action-verbs","iron.avif","/word-images/daily-action-verbs/iron.avif","cartoon or illustration; not photorealistic"
"replace","daily-action-verbs","fold.avif","/word-images/daily-action-verbs/fold.avif","cartoon or illustration; not photorealistic"
"replace","daily-action-verbs","organize.avif","/word-images/daily-action-verbs/organize.avif","cartoon or illustration; not photorealistic"
"replace","daily-action-verbs","repair.avif","/word-images/daily-action-verbs/repair.avif","cartoon or illustration; not photorealistic"
"replace","daily-action-verbs","decorate.avif","/word-images/daily-action-verbs/decorate.avif","cartoon or illustration; not photorealistic"
"replace","daily-action-verbs","bathe.avif","/word-images/daily-action-verbs/bathe.avif","cartoon or illustration; not photorealistic"
"replace","daily-action-verbs","shave.avif","/word-images/daily-action-verbs/shave.avif","cartoon or illustration; not photorealistic"
"replace","daily-action-verbs","comb.avif","/word-images/daily-action-verbs/comb.avif","cartoon or illustration; not photorealistic"
"replace","daily-action-verbs","style.avif","/word-images/daily-action-verbs/style.avif","cartoon or illustration; not photorealistic"
"replace","daily-action-verbs","apply.avif","/word-images/daily-action-verbs/apply.avif","cartoon or illustration; not photorealistic"
"replace","daily-action-verbs","moisturize.avif","/word-images/daily-action-verbs/moisturize.avif","cartoon or illustration; not photorealistic"
"replace","daily-action-verbs","trim.avif","/word-images/daily-action-verbs/trim.avif","cartoon or illustration; not photorealistic"
"replace","daily-action-verbs","floss.avif","/word-images/daily-action-verbs/floss.avif","cartoon or illustration; not photorealistic"
"replace","daily-action-verbs","gargle.avif","/word-images/daily-action-verbs/gargle.avif","cartoon or illustration; not photorealistic"
"replace","daily-action-verbs","dry-off.avif","/word-images/daily-action-verbs/dry-off.avif","cartoon or illustration; not photorealistic"
"replace","daily-action-verbs","rest.avif","/word-images/daily-action-verbs/rest.avif","cartoon or illustration; not photorealistic"
"replace","daily-action-verbs","relax.avif","/word-images/daily-action-verbs/relax.avif","cartoon or illustration; not photorealistic"
"replace","daily-action-verbs","nap.avif","/word-images/daily-action-verbs/nap.avif","cartoon or illustration; not photorealistic"
"replace","daily-action-verbs","sleep.avif","/word-images/daily-action-verbs/sleep.avif","cartoon or illustration; not photorealistic"
"replace","daily-action-verbs","dream.avif","/word-images/daily-action-verbs/dream.avif","cartoon or illustration; not photorealistic"
"replace","daily-action-verbs","snore.avif","/word-images/daily-action-verbs/snore.avif","cartoon or illustration; not photorealistic"
"replace","daily-action-verbs","doze.avif","/word-images/daily-action-verbs/doze.avif","cartoon or illustration; not photorealistic"
"replace","daily-action-verbs","meditate.avif","/word-images/daily-action-verbs/meditate.avif","cartoon or illustration; not photorealistic"
"replace","daily-action-verbs","unwind.avif","/word-images/daily-action-verbs/unwind.avif","cartoon or illustration; not photorealistic"
"replace","daily-action-verbs","recharge.avif","/word-images/daily-action-verbs/recharge.avif","cartoon or illustration; not photorealistic"
"replace","daily-routines","wake-up.avif","/word-images/daily-routines/wake-up.avif","cartoon or illustration; not photorealistic"
"replace","daily-routines","alarm-clock.avif","/word-images/daily-routines/alarm-clock.avif","cartoon or illustration; not photorealistic"
"replace","daily-routines","get-out-of-bed.avif","/word-images/daily-routines/get-out-of-bed.avif","cartoon or illustration; not photorealistic"
"replace","daily-routines","stretch.avif","/word-images/daily-routines/stretch.avif","cartoon or illustration; not photorealistic"
"replace","daily-routines","brush-teeth.avif","/word-images/daily-routines/brush-teeth.avif","cartoon or illustration; not photorealistic"
"replace","daily-routines","wash-face.avif","/word-images/daily-routines/wash-face.avif","cartoon or illustration; not photorealistic"
"replace","daily-routines","take-a-shower.avif","/word-images/daily-routines/take-a-shower.avif","cartoon or illustration; not photorealistic"
"replace","daily-routines","get-dressed.avif","/word-images/daily-routines/get-dressed.avif","cartoon or illustration; not photorealistic"
"replace","daily-routines","eat-breakfast.avif","/word-images/daily-routines/eat-breakfast.avif","cartoon or illustration; not photorealistic"
"replace","daily-routines","pack-bag.avif","/word-images/daily-routines/pack-bag.avif","cartoon or illustration; not photorealistic"
"replace","daily-routines","commute.avif","/word-images/daily-routines/commute.avif","cartoon or illustration; not photorealistic"
"replace","daily-routines","arrive.avif","/word-images/daily-routines/arrive.avif","cartoon or illustration; not photorealistic"
"replace","daily-routines","start-work.avif","/word-images/daily-routines/start-work.avif","cartoon or illustration; not photorealistic"
"replace","daily-routines","attend-class.avif","/word-images/daily-routines/attend-class.avif","cartoon or illustration; not photorealistic"
"replace","daily-routines","take-notes.avif","/word-images/daily-routines/take-notes.avif","cartoon or illustration; not photorealistic"
"replace","daily-routines","have-a-meeting.avif","/word-images/daily-routines/have-a-meeting.avif","cartoon or illustration; not photorealistic"
"replace","daily-routines","lunch-break.avif","/word-images/daily-routines/lunch-break.avif","cartoon or illustration; not photorealistic"
"replace","daily-routines","collaborate.avif","/word-images/daily-routines/collaborate.avif","cartoon or illustration; not photorealistic"
"replace","daily-routines","submit-work.avif","/word-images/daily-routines/submit-work.avif","cartoon or illustration; not photorealistic"
"replace","daily-routines","leave-office.avif","/word-images/daily-routines/leave-office.avif","cartoon or illustration; not photorealistic"
"replace","daily-routines","after-school.avif","/word-images/daily-routines/after-school.avif","cartoon or illustration; not photorealistic"
"replace","daily-routines","homework.avif","/word-images/daily-routines/homework.avif","cartoon or illustration; not photorealistic"
"replace","daily-routines","exercise.avif","/word-images/daily-routines/exercise.avif","cartoon or illustration; not photorealistic"
"replace","daily-routines","practice.avif","/word-images/daily-routines/practice.avif","cartoon or illustration; not photorealistic"
"replace","daily-routines","grocery-shop.avif","/word-images/daily-routines/grocery-shop.avif","cartoon or illustration; not photorealistic"
"replace","daily-routines","cook-dinner.avif","/word-images/daily-routines/cook-dinner.avif","cartoon or illustration; not photorealistic"
"replace","daily-routines","walk-the-dog.avif","/word-images/daily-routines/walk-the-dog.avif","cartoon or illustration; not photorealistic"
"replace","daily-routines","play-outside.avif","/word-images/daily-routines/play-outside.avif","cartoon or illustration; not photorealistic"
"replace","daily-routines","read-a-book.avif","/word-images/daily-routines/read-a-book.avif","cartoon or illustration; not photorealistic"
"replace","daily-routines","watch-tv.avif","/word-images/daily-routines/watch-tv.avif","cartoon or illustration; not photorealistic"
"replace","daily-routines","eat-dinner.avif","/word-images/daily-routines/eat-dinner.avif","cartoon or illustration; not photorealistic"
"replace","daily-routines","wash-dishes.avif","/word-images/daily-routines/wash-dishes.avif","cartoon or illustration; not photorealistic"
"replace","daily-routines","relax.avif","/word-images/daily-routines/relax.avif","cartoon or illustration; not photorealistic"
"replace","daily-routines","take-a-bath.avif","/word-images/daily-routines/take-a-bath.avif","cartoon or illustration; not photorealistic"
"replace","daily-routines","put-on-pajamas.avif","/word-images/daily-routines/put-on-pajamas.avif","cartoon or illustration; not photorealistic"
"replace","daily-routines","read.avif","/word-images/daily-routines/read.avif","cartoon or illustration; not photorealistic"
"replace","daily-routines","set-alarm.avif","/word-images/daily-routines/set-alarm.avif","cartoon or illustration; not photorealistic"
"replace","daily-routines","go-to-bed.avif","/word-images/daily-routines/go-to-bed.avif","cartoon or illustration; not photorealistic"
"replace","daily-routines","fall-asleep.avif","/word-images/daily-routines/fall-asleep.avif","cartoon or illustration; not photorealistic"
"replace","daily-routines","sleep-in.avif","/word-images/daily-routines/sleep-in.avif","cartoon or illustration; not photorealistic"
"replace","daily-routines","brunch.avif","/word-images/daily-routines/brunch.avif","cartoon or illustration; not photorealistic"
"replace","daily-routines","go-shopping.avif","/word-images/daily-routines/go-shopping.avif","cartoon or illustration; not photorealistic"
"replace","daily-routines","visit-friends.avif","/word-images/daily-routines/visit-friends.avif","cartoon or illustration; not photorealistic"
"replace","daily-routines","go-to-the-park.avif","/word-images/daily-routines/go-to-the-park.avif","cartoon or illustration; not photorealistic"
"replace","daily-routines","play-sports.avif","/word-images/daily-routines/play-sports.avif","cartoon or illustration; not photorealistic"
"replace","daily-routines","clean-house.avif","/word-images/daily-routines/clean-house.avif","cartoon or illustration; not photorealistic"
"replace","daily-routines","do-laundry.avif","/word-images/daily-routines/do-laundry.avif","cartoon or illustration; not photorealistic"
"replace","daily-routines","go-out.avif","/word-images/daily-routines/go-out.avif","cartoon or illustration; not photorealistic"
"replace","daily-routines","stay-home.avif","/word-images/daily-routines/stay-home.avif","cartoon or illustration; not photorealistic"
"replace","facial-expressions","smile.avif","/word-images/facial-expressions/smile.avif","cartoon or illustration; not photorealistic"
"replace","facial-expressions","grin.avif","/word-images/facial-expressions/grin.avif","cartoon or illustration; not photorealistic"
"replace","facial-expressions","beam.avif","/word-images/facial-expressions/beam.avif","cartoon or illustration; not photorealistic"
"replace","facial-expressions","smirk.avif","/word-images/facial-expressions/smirk.avif","cartoon or illustration; not photorealistic"
"replace","facial-expressions","laugh.avif","/word-images/facial-expressions/laugh.avif","cartoon or illustration; not photorealistic"
"replace","facial-expressions","giggle.avif","/word-images/facial-expressions/giggle.avif","cartoon or illustration; not photorealistic"
"replace","facial-expressions","chuckle.avif","/word-images/facial-expressions/chuckle.avif","cartoon or illustration; not photorealistic"
"replace","facial-expressions","wink.avif","/word-images/facial-expressions/wink.avif","cartoon or illustration; not photorealistic"
"replace","facial-expressions","twinkle.avif","/word-images/facial-expressions/twinkle.avif","cartoon or illustration; not photorealistic"
"replace","facial-expressions","dimple.avif","/word-images/facial-expressions/dimple.avif","cartoon or illustration; not photorealistic"
"replace","facial-expressions","frown.avif","/word-images/facial-expressions/frown.avif","cartoon or illustration; not photorealistic"
"replace","facial-expressions","pout.avif","/word-images/facial-expressions/pout.avif","cartoon or illustration; not photorealistic"
"replace","facial-expressions","tear.avif","/word-images/facial-expressions/tear.avif","cartoon or illustration; not photorealistic"
"replace","facial-expressions","cry.avif","/word-images/facial-expressions/cry.avif","cartoon or illustration; not photorealistic"
"replace","facial-expressions","sob.avif","/word-images/facial-expressions/sob.avif","cartoon or illustration; not photorealistic"
"replace","facial-expressions","whimper.avif","/word-images/facial-expressions/whimper.avif","cartoon or illustration; not photorealistic"
"replace","facial-expressions","grimace.avif","/word-images/facial-expressions/grimace.avif","cartoon or illustration; not photorealistic"
"replace","facial-expressions","quiver.avif","/word-images/facial-expressions/quiver.avif","cartoon or illustration; not photorealistic"
"replace","facial-expressions","droop.avif","/word-images/facial-expressions/droop.avif","cartoon or illustration; not photorealistic"
"replace","facial-expressions","gloom.avif","/word-images/facial-expressions/gloom.avif","cartoon or illustration; not photorealistic"
"replace","facial-expressions","scowl.avif","/word-images/facial-expressions/scowl.avif","cartoon or illustration; not photorealistic"
"replace","facial-expressions","glare.avif","/word-images/facial-expressions/glare.avif","cartoon or illustration; not photorealistic"
"replace","facial-expressions","snarl.avif","/word-images/facial-expressions/snarl.avif","cartoon or illustration; not photorealistic"
"replace","facial-expressions","clench-jaw.avif","/word-images/facial-expressions/clench-jaw.avif","cartoon or illustration; not photorealistic"
"replace","facial-expressions","furrow-brow.avif","/word-images/facial-expressions/furrow-brow.avif","cartoon or illustration; not photorealistic"
"replace","facial-expressions","flare-nostrils.avif","/word-images/facial-expressions/flare-nostrils.avif","cartoon or illustration; not photorealistic"
"replace","facial-expressions","sneer.avif","/word-images/facial-expressions/sneer.avif","cartoon or illustration; not photorealistic"
"replace","facial-expressions","grit-teeth.avif","/word-images/facial-expressions/grit-teeth.avif","cartoon or illustration; not photorealistic"
"replace","facial-expressions","stare.avif","/word-images/facial-expressions/stare.avif","cartoon or illustration; not photorealistic"
"replace","facial-expressions","squint.avif","/word-images/facial-expressions/squint.avif","cartoon or illustration; not photorealistic"
"replace","facial-expressions","gasp.avif","/word-images/facial-expressions/gasp.avif","cartoon or illustration; not photorealistic"
"replace","facial-expressions","wide-eyes.avif","/word-images/facial-expressions/wide-eyes.avif","cartoon or illustration; not photorealistic"
"replace","facial-expressions","dropped-jaw.avif","/word-images/facial-expressions/dropped-jaw.avif","cartoon or illustration; not photorealistic"
"replace","facial-expressions","raised-eyebrows.avif","/word-images/facial-expressions/raised-eyebrows.avif","cartoon or illustration; not photorealistic"
"replace","facial-expressions","startle.avif","/word-images/facial-expressions/startle.avif","cartoon or illustration; not photorealistic"
"replace","facial-expressions","pale-face.avif","/word-images/facial-expressions/pale-face.avif","cartoon or illustration; not photorealistic"
"replace","facial-expressions","frozen.avif","/word-images/facial-expressions/frozen.avif","cartoon or illustration; not photorealistic"
"replace","facial-expressions","shudder.avif","/word-images/facial-expressions/shudder.avif","cartoon or illustration; not photorealistic"
"replace","facial-expressions","tremble.avif","/word-images/facial-expressions/tremble.avif","cartoon or illustration; not photorealistic"
"replace","facial-expressions","blink.avif","/word-images/facial-expressions/blink.avif","cartoon or illustration; not photorealistic"
"replace","facial-expressions","yawn.avif","/word-images/facial-expressions/yawn.avif","cartoon or illustration; not photorealistic"
"replace","facial-expressions","blush.avif","/word-images/facial-expressions/blush.avif","cartoon or illustration; not photorealistic"
"replace","facial-expressions","eye-roll.avif","/word-images/facial-expressions/eye-roll.avif","cartoon or illustration; not photorealistic"
"replace","facial-expressions","nod.avif","/word-images/facial-expressions/nod.avif","cartoon or illustration; not photorealistic"
"replace","facial-expressions","shake-head.avif","/word-images/facial-expressions/shake-head.avif","cartoon or illustration; not photorealistic"
"replace","facial-expressions","bite-lip.avif","/word-images/facial-expressions/bite-lip.avif","cartoon or illustration; not photorealistic"
"replace","facial-expressions","stick-out-tongue.avif","/word-images/facial-expressions/stick-out-tongue.avif","cartoon or illustration; not photorealistic"
"replace","facial-expressions","raise-hand.avif","/word-images/facial-expressions/raise-hand.avif","cartoon or illustration; not photorealistic"
"replace","facial-expressions","shrug.avif","/word-images/facial-expressions/shrug.avif","cartoon or illustration; not photorealistic"
"replace","facial-expressions","thumbs-up.avif","/word-images/facial-expressions/thumbs-up.avif","cartoon or illustration; not photorealistic"
"replace","hand-actions","grab.avif","/word-images/hand-actions/grab.avif","cartoon or illustration; not photorealistic"
"replace","hand-actions","hold.avif","/word-images/hand-actions/hold.avif","cartoon or illustration; not photorealistic"
"replace","hand-actions","grip.avif","/word-images/hand-actions/grip.avif","cartoon or illustration; not photorealistic"
"replace","hand-actions","clutch.avif","/word-images/hand-actions/clutch.avif","cartoon or illustration; not photorealistic"
"replace","hand-actions","grasp.avif","/word-images/hand-actions/grasp.avif","cartoon or illustration; not photorealistic"
"replace","hand-actions","squeeze.avif","/word-images/hand-actions/squeeze.avif","cartoon or illustration; not photorealistic"
"replace","hand-actions","clench.avif","/word-images/hand-actions/clench.avif","cartoon or illustration; not photorealistic"
"replace","hand-actions","pinch.avif","/word-images/hand-actions/pinch.avif","cartoon or illustration; not photorealistic"
"replace","hand-actions","carry.avif","/word-images/hand-actions/carry.avif","cartoon or illustration; not photorealistic"
"replace","hand-actions","lift.avif","/word-images/hand-actions/lift.avif","cartoon or illustration; not photorealistic"
"replace","hand-actions","push.avif","/word-images/hand-actions/push.avif","cartoon or illustration; not photorealistic"
"replace","hand-actions","pull.avif","/word-images/hand-actions/pull.avif","cartoon or illustration; not photorealistic"
"replace","hand-actions","drag.avif","/word-images/hand-actions/drag.avif","cartoon or illustration; not photorealistic"
"replace","hand-actions","shove.avif","/word-images/hand-actions/shove.avif","cartoon or illustration; not photorealistic"
"replace","hand-actions","tug.avif","/word-images/hand-actions/tug.avif","cartoon or illustration; not photorealistic"
"replace","hand-actions","yank.avif","/word-images/hand-actions/yank.avif","cartoon or illustration; not photorealistic"
"replace","hand-actions","press.avif","/word-images/hand-actions/press.avif","cartoon or illustration; not photorealistic"
"replace","hand-actions","twist.avif","/word-images/hand-actions/twist.avif","cartoon or illustration; not photorealistic"
"replace","hand-actions","turn.avif","/word-images/hand-actions/turn.avif","cartoon or illustration; not photorealistic"
"replace","hand-actions","wring.avif","/word-images/hand-actions/wring.avif","cartoon or illustration; not photorealistic"
"replace","hand-actions","throw.avif","/word-images/hand-actions/throw.avif","cartoon or illustration; not photorealistic"
"replace","hand-actions","catch.avif","/word-images/hand-actions/catch.avif","cartoon or illustration; not photorealistic"
"replace","hand-actions","toss.avif","/word-images/hand-actions/toss.avif","cartoon or illustration; not photorealistic"
"replace","hand-actions","pitch.avif","/word-images/hand-actions/pitch.avif","cartoon or illustration; not photorealistic"
"replace","hand-actions","fling.avif","/word-images/hand-actions/fling.avif","cartoon or illustration; not photorealistic"
"replace","hand-actions","hurl.avif","/word-images/hand-actions/hurl.avif","cartoon or illustration; not photorealistic"
"replace","hand-actions","lob.avif","/word-images/hand-actions/lob.avif","cartoon or illustration; not photorealistic"
"replace","hand-actions","pass.avif","/word-images/hand-actions/pass.avif","cartoon or illustration; not photorealistic"
"replace","hand-actions","drop.avif","/word-images/hand-actions/drop.avif","cartoon or illustration; not photorealistic"
"replace","hand-actions","juggle.avif","/word-images/hand-actions/juggle.avif","cartoon or illustration; not photorealistic"
"replace","hand-actions","touch.avif","/word-images/hand-actions/touch.avif","cartoon or illustration; not photorealistic"
"replace","hand-actions","tap.avif","/word-images/hand-actions/tap.avif","cartoon or illustration; not photorealistic"
"replace","hand-actions","poke.avif","/word-images/hand-actions/poke.avif","cartoon or illustration; not photorealistic"
"replace","hand-actions","stroke.avif","/word-images/hand-actions/stroke.avif","cartoon or illustration; not photorealistic"
"replace","hand-actions","pat.avif","/word-images/hand-actions/pat.avif","cartoon or illustration; not photorealistic"
"replace","hand-actions","rub.avif","/word-images/hand-actions/rub.avif","cartoon or illustration; not photorealistic"
"replace","hand-actions","scratch.avif","/word-images/hand-actions/scratch.avif","cartoon or illustration; not photorealistic"
"replace","hand-actions","tickle.avif","/word-images/hand-actions/tickle.avif","cartoon or illustration; not photorealistic"
"replace","hand-actions","caress.avif","/word-images/hand-actions/caress.avif","cartoon or illustration; not photorealistic"
"replace","hand-actions","massage.avif","/word-images/hand-actions/massage.avif","cartoon or illustration; not photorealistic"
"replace","hand-actions","write.avif","/word-images/hand-actions/write.avif","cartoon or illustration; not photorealistic"
"replace","hand-actions","draw.avif","/word-images/hand-actions/draw.avif","cartoon or illustration; not photorealistic"
"replace","hand-actions","paint.avif","/word-images/hand-actions/paint.avif","cartoon or illustration; not photorealistic"
"replace","hand-actions","type.avif","/word-images/hand-actions/type.avif","cartoon or illustration; not photorealistic"
"replace","hand-actions","fold.avif","/word-images/hand-actions/fold.avif","cartoon or illustration; not photorealistic"
"replace","hand-actions","tear.avif","/word-images/hand-actions/tear.avif","cartoon or illustration; not photorealistic"
"replace","hand-actions","cut.avif","/word-images/hand-actions/cut.avif","cartoon or illustration; not photorealistic"
"replace","hand-actions","glue.avif","/word-images/hand-actions/glue.avif","cartoon or illustration; not photorealistic"
"replace","hand-actions","sew.avif","/word-images/hand-actions/sew.avif","cartoon or illustration; not photorealistic"
"replace","hand-actions","knit.avif","/word-images/hand-actions/knit.avif","cartoon or illustration; not photorealistic"
"replace","movement-verbs","walk.avif","/word-images/movement-verbs/walk.avif","cartoon or illustration; not photorealistic"
"replace","movement-verbs","run.avif","/word-images/movement-verbs/run.avif","cartoon or illustration; not photorealistic"
"replace","movement-verbs","jog.avif","/word-images/movement-verbs/jog.avif","cartoon or illustration; not photorealistic"
"replace","movement-verbs","sprint.avif","/word-images/movement-verbs/sprint.avif","cartoon or illustration; not photorealistic"
"replace","movement-verbs","march.avif","/word-images/movement-verbs/march.avif","cartoon or illustration; not photorealistic"
"replace","movement-verbs","stroll.avif","/word-images/movement-verbs/stroll.avif","cartoon or illustration; not photorealistic"
"replace","movement-verbs","hike.avif","/word-images/movement-verbs/hike.avif","cartoon or illustration; not photorealistic"
"replace","movement-verbs","trek.avif","/word-images/movement-verbs/trek.avif","cartoon or illustration; not photorealistic"
"replace","movement-verbs","pace.avif","/word-images/movement-verbs/pace.avif","cartoon or illustration; not photorealistic"
"replace","movement-verbs","stride.avif","/word-images/movement-verbs/stride.avif","cartoon or illustration; not photorealistic"
"replace","movement-verbs","jump.avif","/word-images/movement-verbs/jump.avif","cartoon or illustration; not photorealistic"
"replace","movement-verbs","hop.avif","/word-images/movement-verbs/hop.avif","cartoon or illustration; not photorealistic"
"replace","movement-verbs","skip.avif","/word-images/movement-verbs/skip.avif","cartoon or illustration; not photorealistic"
"replace","movement-verbs","leap.avif","/word-images/movement-verbs/leap.avif","cartoon or illustration; not photorealistic"
"replace","movement-verbs","bounce.avif","/word-images/movement-verbs/bounce.avif","cartoon or illustration; not photorealistic"
"replace","movement-verbs","climb.avif","/word-images/movement-verbs/climb.avif","cartoon or illustration; not photorealistic"
"replace","movement-verbs","crawl.avif","/word-images/movement-verbs/crawl.avif","cartoon or illustration; not photorealistic"
"replace","movement-verbs","scale.avif","/word-images/movement-verbs/scale.avif","cartoon or illustration; not photorealistic"
"replace","movement-verbs","vault.avif","/word-images/movement-verbs/vault.avif","cartoon or illustration; not photorealistic"
"replace","movement-verbs","hurdle.avif","/word-images/movement-verbs/hurdle.avif","cartoon or illustration; not photorealistic"
"replace","movement-verbs","swim.avif","/word-images/movement-verbs/swim.avif","cartoon or illustration; not photorealistic"
"replace","movement-verbs","float.avif","/word-images/movement-verbs/float.avif","cartoon or illustration; not photorealistic"
"replace","movement-verbs","dive.avif","/word-images/movement-verbs/dive.avif","cartoon or illustration; not photorealistic"
"replace","movement-verbs","paddle.avif","/word-images/movement-verbs/paddle.avif","cartoon or illustration; not photorealistic"
"replace","movement-verbs","wade.avif","/word-images/movement-verbs/wade.avif","cartoon or illustration; not photorealistic"
"replace","movement-verbs","splash.avif","/word-images/movement-verbs/splash.avif","cartoon or illustration; not photorealistic"
"replace","movement-verbs","surf.avif","/word-images/movement-verbs/surf.avif","cartoon or illustration; not photorealistic"
"replace","movement-verbs","row.avif","/word-images/movement-verbs/row.avif","cartoon or illustration; not photorealistic"
"replace","movement-verbs","sail.avif","/word-images/movement-verbs/sail.avif","cartoon or illustration; not photorealistic"
"replace","movement-verbs","snorkel.avif","/word-images/movement-verbs/snorkel.avif","cartoon or illustration; not photorealistic"
"replace","movement-verbs","dance.avif","/word-images/movement-verbs/dance.avif","cartoon or illustration; not photorealistic"
"replace","movement-verbs","spin.avif","/word-images/movement-verbs/spin.avif","cartoon or illustration; not photorealistic"
"replace","movement-verbs","twirl.avif","/word-images/movement-verbs/twirl.avif","cartoon or illustration; not photorealistic"
"replace","movement-verbs","slide.avif","/word-images/movement-verbs/slide.avif","cartoon or illustration; not photorealistic"
"replace","movement-verbs","roll.avif","/word-images/movement-verbs/roll.avif","cartoon or illustration; not photorealistic"
"replace","movement-verbs","tumble.avif","/word-images/movement-verbs/tumble.avif","cartoon or illustration; not photorealistic"
"replace","movement-verbs","swing.avif","/word-images/movement-verbs/swing.avif","cartoon or illustration; not photorealistic"
"replace","movement-verbs","somersault.avif","/word-images/movement-verbs/somersault.avif","cartoon or illustration; not photorealistic"
"replace","movement-verbs","cartwheel.avif","/word-images/movement-verbs/cartwheel.avif","cartoon or illustration; not photorealistic"
"replace","movement-verbs","pirouette.avif","/word-images/movement-verbs/pirouette.avif","cartoon or illustration; not photorealistic"
"replace","movement-verbs","stand.avif","/word-images/movement-verbs/stand.avif","cartoon or illustration; not photorealistic"
"replace","movement-verbs","sit.avif","/word-images/movement-verbs/sit.avif","cartoon or illustration; not photorealistic"
"replace","movement-verbs","lie-down.avif","/word-images/movement-verbs/lie-down.avif","cartoon or illustration; not photorealistic"
"replace","movement-verbs","kneel.avif","/word-images/movement-verbs/kneel.avif","cartoon or illustration; not photorealistic"
"replace","movement-verbs","crouch.avif","/word-images/movement-verbs/crouch.avif","cartoon or illustration; not photorealistic"
"replace","movement-verbs","bend.avif","/word-images/movement-verbs/bend.avif","cartoon or illustration; not photorealistic"
"replace","movement-verbs","stretch.avif","/word-images/movement-verbs/stretch.avif","cartoon or illustration; not photorealistic"
"replace","movement-verbs","lean.avif","/word-images/movement-verbs/lean.avif","cartoon or illustration; not photorealistic"
"replace","movement-verbs","squat.avif","/word-images/movement-verbs/squat.avif","cartoon or illustration; not photorealistic"
"replace","movement-verbs","balance.avif","/word-images/movement-verbs/balance.avif","cartoon or illustration; not photorealistic"
"replace","numbers-counting","one.avif","/word-images/numbers-counting/one.avif","cartoon or illustration; not photorealistic"
"replace","numbers-counting","two.avif","/word-images/numbers-counting/two.avif","cartoon or illustration; not photorealistic"
"replace","numbers-counting","three.avif","/word-images/numbers-counting/three.avif","cartoon or illustration; not photorealistic"
"replace","numbers-counting","four.avif","/word-images/numbers-counting/four.avif","cartoon or illustration; not photorealistic"
"replace","numbers-counting","five.avif","/word-images/numbers-counting/five.avif","cartoon or illustration; not photorealistic"
"replace","numbers-counting","six.avif","/word-images/numbers-counting/six.avif","cartoon or illustration; not photorealistic"
"replace","numbers-counting","seven.avif","/word-images/numbers-counting/seven.avif","cartoon or illustration; not photorealistic"
"replace","numbers-counting","eight.avif","/word-images/numbers-counting/eight.avif","cartoon or illustration; not photorealistic"
"replace","numbers-counting","nine.avif","/word-images/numbers-counting/nine.avif","cartoon or illustration; not photorealistic"
"replace","numbers-counting","ten.avif","/word-images/numbers-counting/ten.avif","cartoon or illustration; not photorealistic"
"replace","numbers-counting","eleven.avif","/word-images/numbers-counting/eleven.avif","cartoon or illustration; not photorealistic"
"replace","numbers-counting","twelve.avif","/word-images/numbers-counting/twelve.avif","cartoon or illustration; not photorealistic"
"replace","numbers-counting","thirteen.avif","/word-images/numbers-counting/thirteen.avif","cartoon or illustration; not photorealistic"
"replace","numbers-counting","fourteen.avif","/word-images/numbers-counting/fourteen.avif","cartoon or illustration; not photorealistic"
"replace","numbers-counting","fifteen.avif","/word-images/numbers-counting/fifteen.avif","cartoon or illustration; not photorealistic"
"replace","numbers-counting","sixteen.avif","/word-images/numbers-counting/sixteen.avif","cartoon or illustration; not photorealistic"
"replace","numbers-counting","seventeen.avif","/word-images/numbers-counting/seventeen.avif","cartoon or illustration; not photorealistic"
"replace","numbers-counting","eighteen.avif","/word-images/numbers-counting/eighteen.avif","cartoon or illustration; not photorealistic"
"replace","numbers-counting","nineteen.avif","/word-images/numbers-counting/nineteen.avif","cartoon or illustration; not photorealistic"
"replace","numbers-counting","twenty.avif","/word-images/numbers-counting/twenty.avif","cartoon or illustration; not photorealistic"
"replace","numbers-counting","thirty.avif","/word-images/numbers-counting/thirty.avif","cartoon or illustration; not photorealistic"
"replace","numbers-counting","forty.avif","/word-images/numbers-counting/forty.avif","cartoon or illustration; not photorealistic"
"replace","numbers-counting","fifty.avif","/word-images/numbers-counting/fifty.avif","cartoon or illustration; not photorealistic"
"replace","numbers-counting","sixty.avif","/word-images/numbers-counting/sixty.avif","cartoon or illustration; not photorealistic"
"replace","numbers-counting","seventy.avif","/word-images/numbers-counting/seventy.avif","cartoon or illustration; not photorealistic"
"replace","numbers-counting","eighty.avif","/word-images/numbers-counting/eighty.avif","cartoon or illustration; not photorealistic"
"replace","numbers-counting","ninety.avif","/word-images/numbers-counting/ninety.avif","cartoon or illustration; not photorealistic"
"replace","numbers-counting","hundred.avif","/word-images/numbers-counting/hundred.avif","cartoon or illustration; not photorealistic"
"replace","numbers-counting","thousand.avif","/word-images/numbers-counting/thousand.avif","cartoon or illustration; not photorealistic"
"replace","numbers-counting","million.avif","/word-images/numbers-counting/million.avif","cartoon or illustration; not photorealistic"
"replace","numbers-counting","first.avif","/word-images/numbers-counting/first.avif","cartoon or illustration; not photorealistic"
"replace","numbers-counting","second.avif","/word-images/numbers-counting/second.avif","cartoon or illustration; not photorealistic"
"replace","numbers-counting","third.avif","/word-images/numbers-counting/third.avif","cartoon or illustration; not photorealistic"
"replace","numbers-counting","fourth.avif","/word-images/numbers-counting/fourth.avif","cartoon or illustration; not photorealistic"
"replace","numbers-counting","fifth.avif","/word-images/numbers-counting/fifth.avif","cartoon or illustration; not photorealistic"
"replace","numbers-counting","sixth.avif","/word-images/numbers-counting/sixth.avif","cartoon or illustration; not photorealistic"
"replace","numbers-counting","seventh.avif","/word-images/numbers-counting/seventh.avif","cartoon or illustration; not photorealistic"
"replace","numbers-counting","eighth.avif","/word-images/numbers-counting/eighth.avif","cartoon or illustration; not photorealistic"
"replace","numbers-counting","ninth.avif","/word-images/numbers-counting/ninth.avif","cartoon or illustration; not photorealistic"
"replace","numbers-counting","tenth.avif","/word-images/numbers-counting/tenth.avif","cartoon or illustration; not photorealistic"
"replace","numbers-counting","addition.avif","/word-images/numbers-counting/addition.avif","cartoon or illustration; not photorealistic"
"replace","numbers-counting","subtraction.avif","/word-images/numbers-counting/subtraction.avif","cartoon or illustration; not photorealistic"
"replace","numbers-counting","multiplication.avif","/word-images/numbers-counting/multiplication.avif","cartoon or illustration; not photorealistic"
"replace","numbers-counting","division.avif","/word-images/numbers-counting/division.avif","cartoon or illustration; not photorealistic"
"replace","numbers-counting","equals.avif","/word-images/numbers-counting/equals.avif","cartoon or illustration; not photorealistic"
"replace","numbers-counting","plus.avif","/word-images/numbers-counting/plus.avif","cartoon or illustration; not photorealistic"
"replace","numbers-counting","minus.avif","/word-images/numbers-counting/minus.avif","cartoon or illustration; not photorealistic"
"replace","numbers-counting","times.avif","/word-images/numbers-counting/times.avif","cartoon or illustration; not photorealistic"
"replace","numbers-counting","divided-by.avif","/word-images/numbers-counting/divided-by.avif","cartoon or illustration; not photorealistic"
"replace","numbers-counting","percentage.avif","/word-images/numbers-counting/percentage.avif","cartoon or illustration; not photorealistic"
"replace","personality-character","kind.avif","/word-images/personality-character/kind.avif","cartoon or illustration; not photorealistic"
"replace","personality-character","generous.avif","/word-images/personality-character/generous.avif","cartoon or illustration; not photorealistic"
"replace","personality-character","honest.avif","/word-images/personality-character/honest.avif","cartoon or illustration; not photorealistic"
"replace","personality-character","brave.avif","/word-images/personality-character/brave.avif","cartoon or illustration; not photorealistic"
"replace","personality-character","patient.avif","/word-images/personality-character/patient.avif","cartoon or illustration; not photorealistic"
"replace","personality-character","loyal.avif","/word-images/personality-character/loyal.avif","cartoon or illustration; not photorealistic"
"replace","personality-character","humble.avif","/word-images/personality-character/humble.avif","cartoon or illustration; not photorealistic"
"replace","personality-character","cheerful.avif","/word-images/personality-character/cheerful.avif","cartoon or illustration; not photorealistic"
"replace","personality-character","reliable.avif","/word-images/personality-character/reliable.avif","cartoon or illustration; not photorealistic"
"replace","personality-character","compassionate.avif","/word-images/personality-character/compassionate.avif","cartoon or illustration; not photorealistic"
"replace","personality-character","stubborn.avif","/word-images/personality-character/stubborn.avif","cartoon or illustration; not photorealistic"
"replace","personality-character","impatient.avif","/word-images/personality-character/impatient.avif","cartoon or illustration; not photorealistic"
"replace","personality-character","shy.avif","/word-images/personality-character/shy.avif","cartoon or illustration; not photorealistic"
"replace","personality-character","moody.avif","/word-images/personality-character/moody.avif","cartoon or illustration; not photorealistic"
"replace","personality-character","selfish.avif","/word-images/personality-character/selfish.avif","cartoon or illustration; not photorealistic"
"replace","personality-character","lazy.avif","/word-images/personality-character/lazy.avif","cartoon or illustration; not photorealistic"
"replace","personality-character","reckless.avif","/word-images/personality-character/reckless.avif","cartoon or illustration; not photorealistic"
"replace","personality-character","jealous.avif","/word-images/personality-character/jealous.avif","cartoon or illustration; not photorealistic"
"replace","personality-character","arrogant.avif","/word-images/personality-character/arrogant.avif","cartoon or illustration; not photorealistic"
"replace","personality-character","pessimistic.avif","/word-images/personality-character/pessimistic.avif","cartoon or illustration; not photorealistic"
"replace","personality-character","friendly.avif","/word-images/personality-character/friendly.avif","cartoon or illustration; not photorealistic"
"replace","personality-character","outgoing.avif","/word-images/personality-character/outgoing.avif","cartoon or illustration; not photorealistic"
"replace","personality-character","introverted.avif","/word-images/personality-character/introverted.avif","cartoon or illustration; not photorealistic"
"replace","personality-character","extroverted.avif","/word-images/personality-character/extroverted.avif","cartoon or illustration; not photorealistic"
"replace","personality-character","talkative.avif","/word-images/personality-character/talkative.avif","cartoon or illustration; not photorealistic"
"replace","personality-character","quiet.avif","/word-images/personality-character/quiet.avif","cartoon or illustration; not photorealistic"
"replace","personality-character","charismatic.avif","/word-images/personality-character/charismatic.avif","cartoon or illustration; not photorealistic"
"replace","personality-character","charming.avif","/word-images/personality-character/charming.avif","cartoon or illustration; not photorealistic"
"replace","personality-character","sociable.avif","/word-images/personality-character/sociable.avif","cartoon or illustration; not photorealistic"
"replace","personality-character","reserved.avif","/word-images/personality-character/reserved.avif","cartoon or illustration; not photorealistic"
"replace","personality-character","hardworking.avif","/word-images/personality-character/hardworking.avif","cartoon or illustration; not photorealistic"
"replace","personality-character","creative.avif","/word-images/personality-character/creative.avif","cartoon or illustration; not photorealistic"
"replace","personality-character","organized.avif","/word-images/personality-character/organized.avif","cartoon or illustration; not photorealistic"
"replace","personality-character","ambitious.avif","/word-images/personality-character/ambitious.avif","cartoon or illustration; not photorealistic"
"replace","personality-character","punctual.avif","/word-images/personality-character/punctual.avif","cartoon or illustration; not photorealistic"
"replace","personality-character","determined.avif","/word-images/personality-character/determined.avif","cartoon or illustration; not photorealistic"
"replace","personality-character","dedicated.avif","/word-images/personality-character/dedicated.avif","cartoon or illustration; not photorealistic"
"replace","personality-character","innovative.avif","/word-images/personality-character/innovative.avif","cartoon or illustration; not photorealistic"
"replace","personality-character","focused.avif","/word-images/personality-character/focused.avif","cartoon or illustration; not photorealistic"
"replace","personality-character","resourceful.avif","/word-images/personality-character/resourceful.avif","cartoon or illustration; not photorealistic"
"replace","personality-character","sensitive.avif","/word-images/personality-character/sensitive.avif","cartoon or illustration; not photorealistic"
"replace","personality-character","empathetic.avif","/word-images/personality-character/empathetic.avif","cartoon or illustration; not photorealistic"
"replace","personality-character","calm.avif","/word-images/personality-character/calm.avif","cartoon or illustration; not photorealistic"
"replace","personality-character","anxious.avif","/word-images/personality-character/anxious.avif","cartoon or illustration; not photorealistic"
"replace","personality-character","optimistic.avif","/word-images/personality-character/optimistic.avif","cartoon or illustration; not photorealistic"
"replace","personality-character","confident.avif","/word-images/personality-character/confident.avif","cartoon or illustration; not photorealistic"
"replace","personality-character","insecure.avif","/word-images/personality-character/insecure.avif","cartoon or illustration; not photorealistic"
"replace","personality-character","passionate.avif","/word-images/personality-character/passionate.avif","cartoon or illustration; not photorealistic"
"replace","personality-character","thoughtful.avif","/word-images/personality-character/thoughtful.avif","cartoon or illustration; not photorealistic"
"replace","personality-character","dramatic.avif","/word-images/personality-character/dramatic.avif","cartoon or illustration; not photorealistic"
"replace","prepositions-of-place","in.avif","/word-images/prepositions-of-place/in.avif","cartoon or illustration; not photorealistic"
"replace","prepositions-of-place","on.avif","/word-images/prepositions-of-place/on.avif","cartoon or illustration; not photorealistic"
"replace","prepositions-of-place","under.avif","/word-images/prepositions-of-place/under.avif","cartoon or illustration; not photorealistic"
"replace","prepositions-of-place","behind.avif","/word-images/prepositions-of-place/behind.avif","cartoon or illustration; not photorealistic"
"replace","prepositions-of-place","in-front-of.avif","/word-images/prepositions-of-place/in-front-of.avif","cartoon or illustration; not photorealistic"
"replace","prepositions-of-place","next-to.avif","/word-images/prepositions-of-place/next-to.avif","cartoon or illustration; not photorealistic"
"replace","prepositions-of-place","between.avif","/word-images/prepositions-of-place/between.avif","cartoon or illustration; not photorealistic"
"replace","prepositions-of-place","above.avif","/word-images/prepositions-of-place/above.avif","cartoon or illustration; not photorealistic"
"replace","prepositions-of-place","below.avif","/word-images/prepositions-of-place/below.avif","cartoon or illustration; not photorealistic"
"replace","prepositions-of-place","inside.avif","/word-images/prepositions-of-place/inside.avif","cartoon or illustration; not photorealistic"
"replace","prepositions-of-place","outside.avif","/word-images/prepositions-of-place/outside.avif","cartoon or illustration; not photorealistic"
"replace","prepositions-of-place","beside.avif","/word-images/prepositions-of-place/beside.avif","cartoon or illustration; not photorealistic"
"replace","prepositions-of-place","near.avif","/word-images/prepositions-of-place/near.avif","cartoon or illustration; not photorealistic"
"replace","prepositions-of-place","far.avif","/word-images/prepositions-of-place/far.avif","cartoon or illustration; not photorealistic"
"replace","prepositions-of-place","opposite.avif","/word-images/prepositions-of-place/opposite.avif","cartoon or illustration; not photorealistic"
"replace","prepositions-of-place","against.avif","/word-images/prepositions-of-place/against.avif","cartoon or illustration; not photorealistic"
"replace","prepositions-of-place","around.avif","/word-images/prepositions-of-place/around.avif","cartoon or illustration; not photorealistic"
"replace","prepositions-of-place","among.avif","/word-images/prepositions-of-place/among.avif","cartoon or illustration; not photorealistic"
"replace","prepositions-of-place","within.avif","/word-images/prepositions-of-place/within.avif","cartoon or illustration; not photorealistic"
"replace","prepositions-of-place","beyond.avif","/word-images/prepositions-of-place/beyond.avif","cartoon or illustration; not photorealistic"
"replace","prepositions-of-place","into.avif","/word-images/prepositions-of-place/into.avif","cartoon or illustration; not photorealistic"
"replace","prepositions-of-place","out-of.avif","/word-images/prepositions-of-place/out-of.avif","cartoon or illustration; not photorealistic"
"replace","prepositions-of-place","onto.avif","/word-images/prepositions-of-place/onto.avif","cartoon or illustration; not photorealistic"
"replace","prepositions-of-place","off.avif","/word-images/prepositions-of-place/off.avif","cartoon or illustration; not photorealistic"
"replace","prepositions-of-place","through.avif","/word-images/prepositions-of-place/through.avif","cartoon or illustration; not photorealistic"
"replace","prepositions-of-place","across.avif","/word-images/prepositions-of-place/across.avif","cartoon or illustration; not photorealistic"
"replace","prepositions-of-place","along.avif","/word-images/prepositions-of-place/along.avif","cartoon or illustration; not photorealistic"
"replace","prepositions-of-place","over.avif","/word-images/prepositions-of-place/over.avif","cartoon or illustration; not photorealistic"
"replace","prepositions-of-place","past.avif","/word-images/prepositions-of-place/past.avif","cartoon or illustration; not photorealistic"
"replace","prepositions-of-place","toward.avif","/word-images/prepositions-of-place/toward.avif","cartoon or illustration; not photorealistic"
"replace","prepositions-of-place","top.avif","/word-images/prepositions-of-place/top.avif","cartoon or illustration; not photorealistic"
"replace","prepositions-of-place","bottom.avif","/word-images/prepositions-of-place/bottom.avif","cartoon or illustration; not photorealistic"
"replace","prepositions-of-place","left.avif","/word-images/prepositions-of-place/left.avif","cartoon or illustration; not photorealistic"
"replace","prepositions-of-place","right.avif","/word-images/prepositions-of-place/right.avif","cartoon or illustration; not photorealistic"
"replace","prepositions-of-place","center.avif","/word-images/prepositions-of-place/center.avif","cartoon or illustration; not photorealistic"
"replace","prepositions-of-place","middle.avif","/word-images/prepositions-of-place/middle.avif","cartoon or illustration; not photorealistic"
"replace","prepositions-of-place","corner.avif","/word-images/prepositions-of-place/corner.avif","cartoon or illustration; not photorealistic"
"replace","prepositions-of-place","edge.avif","/word-images/prepositions-of-place/edge.avif","cartoon or illustration; not photorealistic"
"replace","prepositions-of-place","side.avif","/word-images/prepositions-of-place/side.avif","cartoon or illustration; not photorealistic"
"replace","prepositions-of-place","end.avif","/word-images/prepositions-of-place/end.avif","cartoon or illustration; not photorealistic"
"replace","social-situations","hello.avif","/word-images/social-situations/hello.avif","cartoon or illustration; not photorealistic"
"replace","social-situations","goodbye.avif","/word-images/social-situations/goodbye.avif","cartoon or illustration; not photorealistic"
"replace","social-situations","nice-to-meet-you.avif","/word-images/social-situations/nice-to-meet-you.avif","cartoon or illustration; not photorealistic"
"replace","social-situations","how-are-you.avif","/word-images/social-situations/how-are-you.avif","cartoon or illustration; not photorealistic"
"replace","social-situations","see-you-later.avif","/word-images/social-situations/see-you-later.avif","cartoon or illustration; not photorealistic"
"replace","social-situations","good-morning.avif","/word-images/social-situations/good-morning.avif","cartoon or illustration; not photorealistic"
"replace","social-situations","good-night.avif","/word-images/social-situations/good-night.avif","cartoon or illustration; not photorealistic"
"replace","social-situations","welcome.avif","/word-images/social-situations/welcome.avif","cartoon or illustration; not photorealistic"
"replace","social-situations","take-care.avif","/word-images/social-situations/take-care.avif","cartoon or illustration; not photorealistic"
"replace","social-situations","cheers.avif","/word-images/social-situations/cheers.avif","cartoon or illustration; not photorealistic"
"replace","social-situations","please.avif","/word-images/social-situations/please.avif","cartoon or illustration; not photorealistic"
"replace","social-situations","thank-you.avif","/word-images/social-situations/thank-you.avif","cartoon or illustration; not photorealistic"
"replace","social-situations","you-re-welcome.avif","/word-images/social-situations/you-re-welcome.avif","cartoon or illustration; not photorealistic"
"replace","social-situations","excuse-me.avif","/word-images/social-situations/excuse-me.avif","cartoon or illustration; not photorealistic"
"replace","social-situations","sorry.avif","/word-images/social-situations/sorry.avif","cartoon or illustration; not photorealistic"
"replace","social-situations","pardon.avif","/word-images/social-situations/pardon.avif","cartoon or illustration; not photorealistic"
"replace","social-situations","after-you.avif","/word-images/social-situations/after-you.avif","cartoon or illustration; not photorealistic"
"replace","social-situations","no-problem.avif","/word-images/social-situations/no-problem.avif","cartoon or illustration; not photorealistic"
"replace","social-situations","my-pleasure.avif","/word-images/social-situations/my-pleasure.avif","cartoon or illustration; not photorealistic"
"replace","social-situations","bless-you.avif","/word-images/social-situations/bless-you.avif","cartoon or illustration; not photorealistic"
"replace","social-situations","apology.avif","/word-images/social-situations/apology.avif","cartoon or illustration; not photorealistic"
"replace","social-situations","forgiveness.avif","/word-images/social-situations/forgiveness.avif","cartoon or illustration; not photorealistic"
"replace","social-situations","compromise.avif","/word-images/social-situations/compromise.avif","cartoon or illustration; not photorealistic"
"replace","social-situations","mediation.avif","/word-images/social-situations/mediation.avif","cartoon or illustration; not photorealistic"
"replace","social-situations","negotiation.avif","/word-images/social-situations/negotiation.avif","cartoon or illustration; not photorealistic"
"replace","social-situations","understanding.avif","/word-images/social-situations/understanding.avif","cartoon or illustration; not photorealistic"
"replace","social-situations","empathy.avif","/word-images/social-situations/empathy.avif","cartoon or illustration; not photorealistic"
"replace","social-situations","resolution.avif","/word-images/social-situations/resolution.avif","cartoon or illustration; not photorealistic"
"replace","social-situations","peace.avif","/word-images/social-situations/peace.avif","cartoon or illustration; not photorealistic"
"replace","social-situations","reconciliation.avif","/word-images/social-situations/reconciliation.avif","cartoon or illustration; not photorealistic"
"replace","social-situations","listening.avif","/word-images/social-situations/listening.avif","cartoon or illustration; not photorealistic"
"replace","social-situations","sharing.avif","/word-images/social-situations/sharing.avif","cartoon or illustration; not photorealistic"
"replace","social-situations","taking-turns.avif","/word-images/social-situations/taking-turns.avif","cartoon or illustration; not photorealistic"
"replace","social-situations","cooperation.avif","/word-images/social-situations/cooperation.avif","cartoon or illustration; not photorealistic"
"replace","social-situations","respect.avif","/word-images/social-situations/respect.avif","cartoon or illustration; not photorealistic"
"replace","social-situations","honesty.avif","/word-images/social-situations/honesty.avif","cartoon or illustration; not photorealistic"
"replace","social-situations","kindness.avif","/word-images/social-situations/kindness.avif","cartoon or illustration; not photorealistic"
"replace","social-situations","patience.avif","/word-images/social-situations/patience.avif","cartoon or illustration; not photorealistic"
"replace","social-situations","tolerance.avif","/word-images/social-situations/tolerance.avif","cartoon or illustration; not photorealistic"
"replace","social-situations","encouragement.avif","/word-images/social-situations/encouragement.avif","cartoon or illustration; not photorealistic"
"replace","spatial-relations","big.avif","/word-images/spatial-relations/big.avif","cartoon or illustration; not photorealistic"
"replace","spatial-relations","small.avif","/word-images/spatial-relations/small.avif","cartoon or illustration; not photorealistic"
"replace","spatial-relations","large.avif","/word-images/spatial-relations/large.avif","cartoon or illustration; not photorealistic"
"replace","spatial-relations","tiny.avif","/word-images/spatial-relations/tiny.avif","cartoon or illustration; not photorealistic"
"replace","spatial-relations","huge.avif","/word-images/spatial-relations/huge.avif","cartoon or illustration; not photorealistic"
"replace","spatial-relations","enormous.avif","/word-images/spatial-relations/enormous.avif","cartoon or illustration; not photorealistic"
"replace","spatial-relations","miniature.avif","/word-images/spatial-relations/miniature.avif","cartoon or illustration; not photorealistic"
"replace","spatial-relations","medium.avif","/word-images/spatial-relations/medium.avif","cartoon or illustration; not photorealistic"
"replace","spatial-relations","wide.avif","/word-images/spatial-relations/wide.avif","cartoon or illustration; not photorealistic"
"replace","spatial-relations","narrow.avif","/word-images/spatial-relations/narrow.avif","cartoon or illustration; not photorealistic"
"replace","spatial-relations","close.avif","/word-images/spatial-relations/close.avif","cartoon or illustration; not photorealistic"
"replace","spatial-relations","far-away.avif","/word-images/spatial-relations/far-away.avif","cartoon or illustration; not photorealistic"
"replace","spatial-relations","adjacent.avif","/word-images/spatial-relations/adjacent.avif","cartoon or illustration; not photorealistic"
"replace","spatial-relations","distant.avif","/word-images/spatial-relations/distant.avif","cartoon or illustration; not photorealistic"
"replace","spatial-relations","nearby.avif","/word-images/spatial-relations/nearby.avif","cartoon or illustration; not photorealistic"
"replace","spatial-relations","remote.avif","/word-images/spatial-relations/remote.avif","cartoon or illustration; not photorealistic"
"replace","spatial-relations","proximate.avif","/word-images/spatial-relations/proximate.avif","cartoon or illustration; not photorealistic"
"replace","spatial-relations","within-reach.avif","/word-images/spatial-relations/within-reach.avif","cartoon or illustration; not photorealistic"
"replace","spatial-relations","out-of-reach.avif","/word-images/spatial-relations/out-of-reach.avif","cartoon or illustration; not photorealistic"
"replace","spatial-relations","arm-s-length.avif","/word-images/spatial-relations/arm-s-length.avif","cartoon or illustration; not photorealistic"
"replace","spatial-relations","high.avif","/word-images/spatial-relations/high.avif","cartoon or illustration; not photorealistic"
"replace","spatial-relations","low.avif","/word-images/spatial-relations/low.avif","cartoon or illustration; not photorealistic"
"replace","spatial-relations","tall.avif","/word-images/spatial-relations/tall.avif","cartoon or illustration; not photorealistic"
"replace","spatial-relations","short.avif","/word-images/spatial-relations/short.avif","cartoon or illustration; not photorealistic"
"replace","spatial-relations","deep.avif","/word-images/spatial-relations/deep.avif","cartoon or illustration; not photorealistic"
"replace","spatial-relations","shallow.avif","/word-images/spatial-relations/shallow.avif","cartoon or illustration; not photorealistic"
"replace","spatial-relations","elevated.avif","/word-images/spatial-relations/elevated.avif","cartoon or illustration; not photorealistic"
"replace","spatial-relations","sunken.avif","/word-images/spatial-relations/sunken.avif","cartoon or illustration; not photorealistic"
"replace","spatial-relations","level.avif","/word-images/spatial-relations/level.avif","cartoon or illustration; not photorealistic"
"replace","spatial-relations","flat.avif","/word-images/spatial-relations/flat.avif","cartoon or illustration; not photorealistic"
"replace","spatial-relations","horizontal.avif","/word-images/spatial-relations/horizontal.avif","cartoon or illustration; not photorealistic"
"replace","spatial-relations","vertical.avif","/word-images/spatial-relations/vertical.avif","cartoon or illustration; not photorealistic"
"replace","spatial-relations","diagonal.avif","/word-images/spatial-relations/diagonal.avif","cartoon or illustration; not photorealistic"
"replace","spatial-relations","parallel.avif","/word-images/spatial-relations/parallel.avif","cartoon or illustration; not photorealistic"
"replace","spatial-relations","perpendicular.avif","/word-images/spatial-relations/perpendicular.avif","cartoon or illustration; not photorealistic"
"replace","spatial-relations","aligned.avif","/word-images/spatial-relations/aligned.avif","cartoon or illustration; not photorealistic"
"replace","spatial-relations","scattered.avif","/word-images/spatial-relations/scattered.avif","cartoon or illustration; not photorealistic"
"replace","spatial-relations","clustered.avif","/word-images/spatial-relations/clustered.avif","cartoon or illustration; not photorealistic"
"replace","spatial-relations","stacked.avif","/word-images/spatial-relations/stacked.avif","cartoon or illustration; not photorealistic"
"replace","spatial-relations","layered.avif","/word-images/spatial-relations/layered.avif","cartoon or illustration; not photorealistic"
"review","business-communication","email.avif","/word-images/business-communication/email.avif","non-photographic diagram, infographic, illustration, or mixed visual style"
"review","business-communication","memo.avif","/word-images/business-communication/memo.avif","non-photographic diagram, infographic, illustration, or mixed visual style"
"review","business-communication","report.avif","/word-images/business-communication/report.avif","non-photographic diagram, infographic, illustration, or mixed visual style"
"review","business-communication","proposal.avif","/word-images/business-communication/proposal.avif","non-photographic diagram, infographic, illustration, or mixed visual style"
"review","business-communication","invoice.avif","/word-images/business-communication/invoice.avif","non-photographic diagram, infographic, illustration, or mixed visual style"
"review","business-communication","contract.avif","/word-images/business-communication/contract.avif","non-photographic diagram, infographic, illustration, or mixed visual style"
"review","business-communication","letter.avif","/word-images/business-communication/letter.avif","non-photographic diagram, infographic, illustration, or mixed visual style"
"review","business-communication","newsletter.avif","/word-images/business-communication/newsletter.avif","non-photographic diagram, infographic, illustration, or mixed visual style"
"review","business-communication","press-release.avif","/word-images/business-communication/press-release.avif","non-photographic diagram, infographic, illustration, or mixed visual style"
"review","business-communication","minutes.avif","/word-images/business-communication/minutes.avif","non-photographic diagram, infographic, illustration, or mixed visual style"
"review","business-communication","deadline.avif","/word-images/business-communication/deadline.avif","non-photographic diagram, infographic, illustration, or mixed visual style"
"review","business-communication","milestone.avif","/word-images/business-communication/milestone.avif","non-photographic diagram, infographic, illustration, or mixed visual style"
"review","business-communication","deliverable.avif","/word-images/business-communication/deliverable.avif","non-photographic diagram, infographic, illustration, or mixed visual style"
"review","business-communication","stakeholder.avif","/word-images/business-communication/stakeholder.avif","non-photographic diagram, infographic, illustration, or mixed visual style"
"review","business-communication","benchmark.avif","/word-images/business-communication/benchmark.avif","non-photographic diagram, infographic, illustration, or mixed visual style"
"review","business-communication","kpi.avif","/word-images/business-communication/kpi.avif","non-photographic diagram, infographic, illustration, or mixed visual style"
"review","business-communication","roi.avif","/word-images/business-communication/roi.avif","non-photographic diagram, infographic, illustration, or mixed visual style"
"review","business-communication","strategy.avif","/word-images/business-communication/strategy.avif","non-photographic diagram, infographic, illustration, or mixed visual style"
"review","business-communication","objective.avif","/word-images/business-communication/objective.avif","non-photographic diagram, infographic, illustration, or mixed visual style"
"review","business-communication","initiative.avif","/word-images/business-communication/initiative.avif","non-photographic diagram, infographic, illustration, or mixed visual style"
"review","business-communication","teamwork.avif","/word-images/business-communication/teamwork.avif","non-photographic diagram, infographic, illustration, or mixed visual style"
"review","business-communication","brainstorm.avif","/word-images/business-communication/brainstorm.avif","non-photographic diagram, infographic, illustration, or mixed visual style"
"review","business-communication","feedback.avif","/word-images/business-communication/feedback.avif","non-photographic diagram, infographic, illustration, or mixed visual style"
"review","business-communication","review.avif","/word-images/business-communication/review.avif","non-photographic diagram, infographic, illustration, or mixed visual style"
"review","business-communication","approval.avif","/word-images/business-communication/approval.avif","non-photographic diagram, infographic, illustration, or mixed visual style"
"review","business-communication","delegation.avif","/word-images/business-communication/delegation.avif","non-photographic diagram, infographic, illustration, or mixed visual style"
"review","business-communication","coordination.avif","/word-images/business-communication/coordination.avif","non-photographic diagram, infographic, illustration, or mixed visual style"
"review","business-communication","synergy.avif","/word-images/business-communication/synergy.avif","non-photographic diagram, infographic, illustration, or mixed visual style"
"review","business-communication","consensus.avif","/word-images/business-communication/consensus.avif","non-photographic diagram, infographic, illustration, or mixed visual style"
"review","business-communication","alignment.avif","/word-images/business-communication/alignment.avif","non-photographic diagram, infographic, illustration, or mixed visual style"
"review","business-communication","follow-up.avif","/word-images/business-communication/follow-up.avif","non-photographic diagram, infographic, illustration, or mixed visual style"
"review","business-communication","touch-base.avif","/word-images/business-communication/touch-base.avif","non-photographic diagram, infographic, illustration, or mixed visual style"
"review","business-communication","circle-back.avif","/word-images/business-communication/circle-back.avif","non-photographic diagram, infographic, illustration, or mixed visual style"
"review","business-communication","moving-forward.avif","/word-images/business-communication/moving-forward.avif","non-photographic diagram, infographic, illustration, or mixed visual style"
"review","business-communication","action-items.avif","/word-images/business-communication/action-items.avif","non-photographic diagram, infographic, illustration, or mixed visual style"
"review","business-communication","best-practice.avif","/word-images/business-communication/best-practice.avif","non-photographic diagram, infographic, illustration, or mixed visual style"
"review","business-communication","takeaway.avif","/word-images/business-communication/takeaway.avif","non-photographic diagram, infographic, illustration, or mixed visual style"
"review","business-communication","bottleneck.avif","/word-images/business-communication/bottleneck.avif","non-photographic diagram, infographic, illustration, or mixed visual style"
"review","business-communication","scalable.avif","/word-images/business-communication/scalable.avif","non-photographic diagram, infographic, illustration, or mixed visual style"
"review","business-communication","leverage.avif","/word-images/business-communication/leverage.avif","non-photographic diagram, infographic, illustration, or mixed visual style"
"review","currency-payment","us-dollar.avif","/word-images/currency-payment/us-dollar.avif","non-photographic diagram, infographic, illustration, or mixed visual style"
"review","currency-payment","euro.avif","/word-images/currency-payment/euro.avif","non-photographic diagram, infographic, illustration, or mixed visual style"
"review","currency-payment","british-pound.avif","/word-images/currency-payment/british-pound.avif","non-photographic diagram, infographic, illustration, or mixed visual style"
"review","currency-payment","japanese-yen.avif","/word-images/currency-payment/japanese-yen.avif","non-photographic diagram, infographic, illustration, or mixed visual style"
"review","currency-payment","chinese-yuan.avif","/word-images/currency-payment/chinese-yuan.avif","non-photographic diagram, infographic, illustration, or mixed visual style"
"review","currency-payment","swiss-franc.avif","/word-images/currency-payment/swiss-franc.avif","non-photographic diagram, infographic, illustration, or mixed visual style"
"review","currency-payment","canadian-dollar.avif","/word-images/currency-payment/canadian-dollar.avif","non-photographic diagram, infographic, illustration, or mixed visual style"
"review","currency-payment","australian-dollar.avif","/word-images/currency-payment/australian-dollar.avif","non-photographic diagram, infographic, illustration, or mixed visual style"
"review","currency-payment","indian-rupee.avif","/word-images/currency-payment/indian-rupee.avif","non-photographic diagram, infographic, illustration, or mixed visual style"
"review","currency-payment","brazilian-real.avif","/word-images/currency-payment/brazilian-real.avif","non-photographic diagram, infographic, illustration, or mixed visual style"
"review","currency-payment","cash.avif","/word-images/currency-payment/cash.avif","non-photographic diagram, infographic, illustration, or mixed visual style"
"review","currency-payment","credit-card.avif","/word-images/currency-payment/credit-card.avif","non-photographic diagram, infographic, illustration, or mixed visual style"
"review","currency-payment","debit-card.avif","/word-images/currency-payment/debit-card.avif","non-photographic diagram, infographic, illustration, or mixed visual style"
"review","currency-payment","check.avif","/word-images/currency-payment/check.avif","non-photographic diagram, infographic, illustration, or mixed visual style"
"review","currency-payment","wire-transfer.avif","/word-images/currency-payment/wire-transfer.avif","non-photographic diagram, infographic, illustration, or mixed visual style"
"review","currency-payment","mobile-payment.avif","/word-images/currency-payment/mobile-payment.avif","non-photographic diagram, infographic, illustration, or mixed visual style"
"review","currency-payment","contactless.avif","/word-images/currency-payment/contactless.avif","non-photographic diagram, infographic, illustration, or mixed visual style"
"review","currency-payment","apple-pay.avif","/word-images/currency-payment/apple-pay.avif","non-photographic diagram, infographic, illustration, or mixed visual style"
"review","currency-payment","paypal.avif","/word-images/currency-payment/paypal.avif","non-photographic diagram, infographic, illustration, or mixed visual style"
"review","currency-payment","cryptocurrency.avif","/word-images/currency-payment/cryptocurrency.avif","non-photographic diagram, infographic, illustration, or mixed visual style"
"review","currency-payment","receipt.avif","/word-images/currency-payment/receipt.avif","non-photographic diagram, infographic, illustration, or mixed visual style"
"review","currency-payment","invoice.avif","/word-images/currency-payment/invoice.avif","non-photographic diagram, infographic, illustration, or mixed visual style"
"review","currency-payment","statement.avif","/word-images/currency-payment/statement.avif","non-photographic diagram, infographic, illustration, or mixed visual style"
"review","currency-payment","balance.avif","/word-images/currency-payment/balance.avif","non-photographic diagram, infographic, illustration, or mixed visual style"
"review","currency-payment","overdraft.avif","/word-images/currency-payment/overdraft.avif","non-photographic diagram, infographic, illustration, or mixed visual style"
"review","currency-payment","minimum-payment.avif","/word-images/currency-payment/minimum-payment.avif","non-photographic diagram, infographic, illustration, or mixed visual style"
"review","currency-payment","due-date.avif","/word-images/currency-payment/due-date.avif","non-photographic diagram, infographic, illustration, or mixed visual style"
"review","currency-payment","late-fee.avif","/word-images/currency-payment/late-fee.avif","non-photographic diagram, infographic, illustration, or mixed visual style"
"review","currency-payment","refund.avif","/word-images/currency-payment/refund.avif","non-photographic diagram, infographic, illustration, or mixed visual style"
"review","currency-payment","chargeback.avif","/word-images/currency-payment/chargeback.avif","non-photographic diagram, infographic, illustration, or mixed visual style"
"review","currency-payment","online-banking.avif","/word-images/currency-payment/online-banking.avif","non-photographic diagram, infographic, illustration, or mixed visual style"
"review","currency-payment","mobile-app.avif","/word-images/currency-payment/mobile-app.avif","non-photographic diagram, infographic, illustration, or mixed visual style"
"review","currency-payment","digital-wallet.avif","/word-images/currency-payment/digital-wallet.avif","non-photographic diagram, infographic, illustration, or mixed visual style"
"review","currency-payment","blockchain.avif","/word-images/currency-payment/blockchain.avif","non-photographic diagram, infographic, illustration, or mixed visual style"
"review","currency-payment","bitcoin.avif","/word-images/currency-payment/bitcoin.avif","non-photographic diagram, infographic, illustration, or mixed visual style"
"review","currency-payment","ethereum.avif","/word-images/currency-payment/ethereum.avif","non-photographic diagram, infographic, illustration, or mixed visual style"
"review","currency-payment","nft.avif","/word-images/currency-payment/nft.avif","non-photographic diagram, infographic, illustration, or mixed visual style"
"review","currency-payment","fintech.avif","/word-images/currency-payment/fintech.avif","non-photographic diagram, infographic, illustration, or mixed visual style"
"review","currency-payment","peer-to-peer.avif","/word-images/currency-payment/peer-to-peer.avif","non-photographic diagram, infographic, illustration, or mixed visual style"
"review","currency-payment","crowdfunding.avif","/word-images/currency-payment/crowdfunding.avif","non-photographic diagram, infographic, illustration, or mixed visual style"
"review","days-months","monday.avif","/word-images/days-months/monday.avif","non-photographic diagram, infographic, illustration, or mixed visual style"
"review","days-months","tuesday.avif","/word-images/days-months/tuesday.avif","non-photographic diagram, infographic, illustration, or mixed visual style"
"review","days-months","wednesday.avif","/word-images/days-months/wednesday.avif","non-photographic diagram, infographic, illustration, or mixed visual style"
"review","days-months","thursday.avif","/word-images/days-months/thursday.avif","non-photographic diagram, infographic, illustration, or mixed visual style"
"review","days-months","friday.avif","/word-images/days-months/friday.avif","non-photographic diagram, infographic, illustration, or mixed visual style"
"review","days-months","saturday.avif","/word-images/days-months/saturday.avif","non-photographic diagram, infographic, illustration, or mixed visual style"
"review","days-months","sunday.avif","/word-images/days-months/sunday.avif","non-photographic diagram, infographic, illustration, or mixed visual style"
"review","days-months","weekday.avif","/word-images/days-months/weekday.avif","non-photographic diagram, infographic, illustration, or mixed visual style"
"review","days-months","weekend.avif","/word-images/days-months/weekend.avif","non-photographic diagram, infographic, illustration, or mixed visual style"
"review","days-months","day-off.avif","/word-images/days-months/day-off.avif","non-photographic diagram, infographic, illustration, or mixed visual style"
"review","days-months","january.avif","/word-images/days-months/january.avif","non-photographic diagram, infographic, illustration, or mixed visual style"
"review","days-months","february.avif","/word-images/days-months/february.avif","non-photographic diagram, infographic, illustration, or mixed visual style"
"review","days-months","march.avif","/word-images/days-months/march.avif","non-photographic diagram, infographic, illustration, or mixed visual style"
"review","days-months","april.avif","/word-images/days-months/april.avif","non-photographic diagram, infographic, illustration, or mixed visual style"
"review","days-months","may.avif","/word-images/days-months/may.avif","non-photographic diagram, infographic, illustration, or mixed visual style"
"review","days-months","june.avif","/word-images/days-months/june.avif","non-photographic diagram, infographic, illustration, or mixed visual style"
"review","days-months","july.avif","/word-images/days-months/july.avif","non-photographic diagram, infographic, illustration, or mixed visual style"
"review","days-months","august.avif","/word-images/days-months/august.avif","non-photographic diagram, infographic, illustration, or mixed visual style"
"review","days-months","september.avif","/word-images/days-months/september.avif","non-photographic diagram, infographic, illustration, or mixed visual style"
"review","days-months","october.avif","/word-images/days-months/october.avif","non-photographic diagram, infographic, illustration, or mixed visual style"
"review","days-months","november.avif","/word-images/days-months/november.avif","non-photographic diagram, infographic, illustration, or mixed visual style"
"review","days-months","december.avif","/word-images/days-months/december.avif","non-photographic diagram, infographic, illustration, or mixed visual style"
"review","days-months","leap-year.avif","/word-images/days-months/leap-year.avif","non-photographic diagram, infographic, illustration, or mixed visual style"
"review","days-months","fiscal-year.avif","/word-images/days-months/fiscal-year.avif","non-photographic diagram, infographic, illustration, or mixed visual style"
"review","days-months","academic-year.avif","/word-images/days-months/academic-year.avif","non-photographic diagram, infographic, illustration, or mixed visual style"
"review","days-months","calendar-year.avif","/word-images/days-months/calendar-year.avif","non-photographic diagram, infographic, illustration, or mixed visual style"
"review","days-months","quarter.avif","/word-images/days-months/quarter.avif","non-photographic diagram, infographic, illustration, or mixed visual style"
"review","days-months","semester.avif","/word-images/days-months/semester.avif","non-photographic diagram, infographic, illustration, or mixed visual style"
"review","days-months","trimester.avif","/word-images/days-months/trimester.avif","non-photographic diagram, infographic, illustration, or mixed visual style"
"review","days-months","biannual.avif","/word-images/days-months/biannual.avif","non-photographic diagram, infographic, illustration, or mixed visual style"
"review","days-months","today.avif","/word-images/days-months/today.avif","non-photographic diagram, infographic, illustration, or mixed visual style"
"review","days-months","tomorrow.avif","/word-images/days-months/tomorrow.avif","non-photographic diagram, infographic, illustration, or mixed visual style"
"review","days-months","yesterday.avif","/word-images/days-months/yesterday.avif","non-photographic diagram, infographic, illustration, or mixed visual style"
"review","days-months","this-week.avif","/word-images/days-months/this-week.avif","non-photographic diagram, infographic, illustration, or mixed visual style"
"review","days-months","next-week.avif","/word-images/days-months/next-week.avif","non-photographic diagram, infographic, illustration, or mixed visual style"
"review","days-months","last-week.avif","/word-images/days-months/last-week.avif","non-photographic diagram, infographic, illustration, or mixed visual style"
"review","days-months","this-month.avif","/word-images/days-months/this-month.avif","non-photographic diagram, infographic, illustration, or mixed visual style"
"review","days-months","next-month.avif","/word-images/days-months/next-month.avif","non-photographic diagram, infographic, illustration, or mixed visual style"
"review","days-months","last-month.avif","/word-images/days-months/last-month.avif","non-photographic diagram, infographic, illustration, or mixed visual style"
"review","days-months","this-year.avif","/word-images/days-months/this-year.avif","non-photographic diagram, infographic, illustration, or mixed visual style"
"review","days-months","calendar.avif","/word-images/days-months/calendar.avif","non-photographic diagram, infographic, illustration, or mixed visual style"
"review","days-months","date.avif","/word-images/days-months/date.avif","non-photographic diagram, infographic, illustration, or mixed visual style"
"review","days-months","appointment.avif","/word-images/days-months/appointment.avif","non-photographic diagram, infographic, illustration, or mixed visual style"
"review","days-months","schedule.avif","/word-images/days-months/schedule.avif","non-photographic diagram, infographic, illustration, or mixed visual style"
"review","days-months","planner.avif","/word-images/days-months/planner.avif","non-photographic diagram, infographic, illustration, or mixed visual style"
"review","days-months","diary.avif","/word-images/days-months/diary.avif","non-photographic diagram, infographic, illustration, or mixed visual style"
"review","days-months","agenda.avif","/word-images/days-months/agenda.avif","non-photographic diagram, infographic, illustration, or mixed visual style"
"review","days-months","deadline.avif","/word-images/days-months/deadline.avif","non-photographic diagram, infographic, illustration, or mixed visual style"
"review","days-months","reminder.avif","/word-images/days-months/reminder.avif","non-photographic diagram, infographic, illustration, or mixed visual style"
"review","days-months","event.avif","/word-images/days-months/event.avif","non-photographic diagram, infographic, illustration, or mixed visual style"
"review","financial-services","mortgage.avif","/word-images/financial-services/mortgage.avif","non-photographic diagram, infographic, illustration, or mixed visual style"
"review","financial-services","auto-loan.avif","/word-images/financial-services/auto-loan.avif","non-photographic diagram, infographic, illustration, or mixed visual style"
"review","financial-services","personal-loan.avif","/word-images/financial-services/personal-loan.avif","non-photographic diagram, infographic, illustration, or mixed visual style"
"review","financial-services","student-loan.avif","/word-images/financial-services/student-loan.avif","non-photographic diagram, infographic, illustration, or mixed visual style"
"review","financial-services","line-of-credit.avif","/word-images/financial-services/line-of-credit.avif","non-photographic diagram, infographic, illustration, or mixed visual style"
"review","financial-services","credit-score.avif","/word-images/financial-services/credit-score.avif","non-photographic diagram, infographic, illustration, or mixed visual style"
"review","financial-services","interest-rate.avif","/word-images/financial-services/interest-rate.avif","non-photographic diagram, infographic, illustration, or mixed visual style"
"review","financial-services","principal.avif","/word-images/financial-services/principal.avif","non-photographic diagram, infographic, illustration, or mixed visual style"
"review","financial-services","collateral.avif","/word-images/financial-services/collateral.avif","non-photographic diagram, infographic, illustration, or mixed visual style"
"review","financial-services","co-signer.avif","/word-images/financial-services/co-signer.avif","non-photographic diagram, infographic, illustration, or mixed visual style"
"review","financial-services","health-insurance.avif","/word-images/financial-services/health-insurance.avif","non-photographic diagram, infographic, illustration, or mixed visual style"
"review","financial-services","car-insurance.avif","/word-images/financial-services/car-insurance.avif","non-photographic diagram, infographic, illustration, or mixed visual style"
"review","financial-services","life-insurance.avif","/word-images/financial-services/life-insurance.avif","non-photographic diagram, infographic, illustration, or mixed visual style"
"review","financial-services","home-insurance.avif","/word-images/financial-services/home-insurance.avif","non-photographic diagram, infographic, illustration, or mixed visual style"
"review","financial-services","travel-insurance.avif","/word-images/financial-services/travel-insurance.avif","non-photographic diagram, infographic, illustration, or mixed visual style"
"review","financial-services","premium.avif","/word-images/financial-services/premium.avif","non-photographic diagram, infographic, illustration, or mixed visual style"
"review","financial-services","deductible.avif","/word-images/financial-services/deductible.avif","non-photographic diagram, infographic, illustration, or mixed visual style"
"review","financial-services","coverage.avif","/word-images/financial-services/coverage.avif","non-photographic diagram, infographic, illustration, or mixed visual style"
"review","financial-services","claim.avif","/word-images/financial-services/claim.avif","non-photographic diagram, infographic, illustration, or mixed visual style"
"review","financial-services","policy.avif","/word-images/financial-services/policy.avif","non-photographic diagram, infographic, illustration, or mixed visual style"
"review","financial-services","stock.avif","/word-images/financial-services/stock.avif","non-photographic diagram, infographic, illustration, or mixed visual style"
"review","financial-services","bond.avif","/word-images/financial-services/bond.avif","non-photographic diagram, infographic, illustration, or mixed visual style"
"review","financial-services","mutual-fund.avif","/word-images/financial-services/mutual-fund.avif","non-photographic diagram, infographic, illustration, or mixed visual style"
"review","financial-services","etf.avif","/word-images/financial-services/etf.avif","non-photographic diagram, infographic, illustration, or mixed visual style"
"review","financial-services","portfolio.avif","/word-images/financial-services/portfolio.avif","non-photographic diagram, infographic, illustration, or mixed visual style"
"review","financial-services","dividend.avif","/word-images/financial-services/dividend.avif","non-photographic diagram, infographic, illustration, or mixed visual style"
"review","financial-services","capital-gain.avif","/word-images/financial-services/capital-gain.avif","non-photographic diagram, infographic, illustration, or mixed visual style"
"review","financial-services","risk.avif","/word-images/financial-services/risk.avif","non-photographic diagram, infographic, illustration, or mixed visual style"
"review","financial-services","return.avif","/word-images/financial-services/return.avif","non-photographic diagram, infographic, illustration, or mixed visual style"
"review","financial-services","diversification.avif","/word-images/financial-services/diversification.avif","non-photographic diagram, infographic, illustration, or mixed visual style"
"review","financial-services","401k.avif","/word-images/financial-services/401k.avif","non-photographic diagram, infographic, illustration, or mixed visual style"
"review","financial-services","ira.avif","/word-images/financial-services/ira.avif","non-photographic diagram, infographic, illustration, or mixed visual style"
"review","financial-services","pension.avif","/word-images/financial-services/pension.avif","non-photographic diagram, infographic, illustration, or mixed visual style"
"review","financial-services","social-security.avif","/word-images/financial-services/social-security.avif","non-photographic diagram, infographic, illustration, or mixed visual style"
"review","financial-services","annuity.avif","/word-images/financial-services/annuity.avif","non-photographic diagram, infographic, illustration, or mixed visual style"
"review","financial-services","retirement-fund.avif","/word-images/financial-services/retirement-fund.avif","non-photographic diagram, infographic, illustration, or mixed visual style"
"review","financial-services","compound-interest.avif","/word-images/financial-services/compound-interest.avif","non-photographic diagram, infographic, illustration, or mixed visual style"
"review","financial-services","contribution.avif","/word-images/financial-services/contribution.avif","non-photographic diagram, infographic, illustration, or mixed visual style"
"review","financial-services","vesting.avif","/word-images/financial-services/vesting.avif","non-photographic diagram, infographic, illustration, or mixed visual style"
"review","financial-services","beneficiary.avif","/word-images/financial-services/beneficiary.avif","non-photographic diagram, infographic, illustration, or mixed visual style"
"review","giving-directions","left.avif","/word-images/giving-directions/left.avif","non-photographic diagram, infographic, illustration, or mixed visual style"
"review","giving-directions","right.avif","/word-images/giving-directions/right.avif","non-photographic diagram, infographic, illustration, or mixed visual style"
"review","giving-directions","straight.avif","/word-images/giving-directions/straight.avif","non-photographic diagram, infographic, illustration, or mixed visual style"
"review","giving-directions","forward.avif","/word-images/giving-directions/forward.avif","non-photographic diagram, infographic, illustration, or mixed visual style"
"review","giving-directions","backward.avif","/word-images/giving-directions/backward.avif","non-photographic diagram, infographic, illustration, or mixed visual style"
"review","giving-directions","up.avif","/word-images/giving-directions/up.avif","non-photographic diagram, infographic, illustration, or mixed visual style"
"review","giving-directions","down.avif","/word-images/giving-directions/down.avif","non-photographic diagram, infographic, illustration, or mixed visual style"
"review","giving-directions","turn.avif","/word-images/giving-directions/turn.avif","non-photographic diagram, infographic, illustration, or mixed visual style"
"review","giving-directions","stop.avif","/word-images/giving-directions/stop.avif","non-photographic diagram, infographic, illustration, or mixed visual style"
"review","giving-directions","go.avif","/word-images/giving-directions/go.avif","non-photographic diagram, infographic, illustration, or mixed visual style"
"review","giving-directions","north.avif","/word-images/giving-directions/north.avif","non-photographic diagram, infographic, illustration, or mixed visual style"
"review","giving-directions","south.avif","/word-images/giving-directions/south.avif","non-photographic diagram, infographic, illustration, or mixed visual style"
"review","giving-directions","east.avif","/word-images/giving-directions/east.avif","non-photographic diagram, infographic, illustration, or mixed visual style"
"review","giving-directions","west.avif","/word-images/giving-directions/west.avif","non-photographic diagram, infographic, illustration, or mixed visual style"
"review","giving-directions","northeast.avif","/word-images/giving-directions/northeast.avif","non-photographic diagram, infographic, illustration, or mixed visual style"
"review","giving-directions","northwest.avif","/word-images/giving-directions/northwest.avif","non-photographic diagram, infographic, illustration, or mixed visual style"
"review","giving-directions","southeast.avif","/word-images/giving-directions/southeast.avif","non-photographic diagram, infographic, illustration, or mixed visual style"
"review","giving-directions","southwest.avif","/word-images/giving-directions/southwest.avif","non-photographic diagram, infographic, illustration, or mixed visual style"
"review","giving-directions","compass.avif","/word-images/giving-directions/compass.avif","non-photographic diagram, infographic, illustration, or mixed visual style"
"review","giving-directions","direction.avif","/word-images/giving-directions/direction.avif","non-photographic diagram, infographic, illustration, or mixed visual style"
"review","giving-directions","near.avif","/word-images/giving-directions/near.avif","non-photographic diagram, infographic, illustration, or mixed visual style"
"review","giving-directions","far.avif","/word-images/giving-directions/far.avif","non-photographic diagram, infographic, illustration, or mixed visual style"
"review","giving-directions","close.avif","/word-images/giving-directions/close.avif","non-photographic diagram, infographic, illustration, or mixed visual style"
"review","giving-directions","nearby.avif","/word-images/giving-directions/nearby.avif","non-photographic diagram, infographic, illustration, or mixed visual style"
"review","giving-directions","distant.avif","/word-images/giving-directions/distant.avif","non-photographic diagram, infographic, illustration, or mixed visual style"
"review","giving-directions","here.avif","/word-images/giving-directions/here.avif","non-photographic diagram, infographic, illustration, or mixed visual style"
"review","giving-directions","there.avif","/word-images/giving-directions/there.avif","non-photographic diagram, infographic, illustration, or mixed visual style"
"review","giving-directions","everywhere.avif","/word-images/giving-directions/everywhere.avif","non-photographic diagram, infographic, illustration, or mixed visual style"
"review","giving-directions","nowhere.avif","/word-images/giving-directions/nowhere.avif","non-photographic diagram, infographic, illustration, or mixed visual style"
"review","giving-directions","somewhere.avif","/word-images/giving-directions/somewhere.avif","non-photographic diagram, infographic, illustration, or mixed visual style"
"review","giving-directions","intersection.avif","/word-images/giving-directions/intersection.avif","non-photographic diagram, infographic, illustration, or mixed visual style"
"review","giving-directions","corner.avif","/word-images/giving-directions/corner.avif","non-photographic diagram, infographic, illustration, or mixed visual style"
"review","giving-directions","block.avif","/word-images/giving-directions/block.avif","non-photographic diagram, infographic, illustration, or mixed visual style"
"review","giving-directions","crosswalk.avif","/word-images/giving-directions/crosswalk.avif","non-photographic diagram, infographic, illustration, or mixed visual style"
"review","giving-directions","traffic-light.avif","/word-images/giving-directions/traffic-light.avif","non-photographic diagram, infographic, illustration, or mixed visual style"
"review","giving-directions","roundabout.avif","/word-images/giving-directions/roundabout.avif","non-photographic diagram, infographic, illustration, or mixed visual style"
"review","giving-directions","one-way.avif","/word-images/giving-directions/one-way.avif","non-photographic diagram, infographic, illustration, or mixed visual style"
"review","giving-directions","dead-end.avif","/word-images/giving-directions/dead-end.avif","non-photographic diagram, infographic, illustration, or mixed visual style"
"review","giving-directions","highway.avif","/word-images/giving-directions/highway.avif","non-photographic diagram, infographic, illustration, or mixed visual style"
"review","giving-directions","sidewalk.avif","/word-images/giving-directions/sidewalk.avif","non-photographic diagram, infographic, illustration, or mixed visual style"
"review","giving-directions","building.avif","/word-images/giving-directions/building.avif","non-photographic diagram, infographic, illustration, or mixed visual style"
"review","giving-directions","bridge.avif","/word-images/giving-directions/bridge.avif","non-photographic diagram, infographic, illustration, or mixed visual style"
"review","giving-directions","monument.avif","/word-images/giving-directions/monument.avif","non-photographic diagram, infographic, illustration, or mixed visual style"
"review","giving-directions","fountain.avif","/word-images/giving-directions/fountain.avif","non-photographic diagram, infographic, illustration, or mixed visual style"
"review","giving-directions","statue.avif","/word-images/giving-directions/statue.avif","non-photographic diagram, infographic, illustration, or mixed visual style"
"review","giving-directions","tower.avif","/word-images/giving-directions/tower.avif","non-photographic diagram, infographic, illustration, or mixed visual style"
"review","giving-directions","church.avif","/word-images/giving-directions/church.avif","non-photographic diagram, infographic, illustration, or mixed visual style"
"review","giving-directions","park.avif","/word-images/giving-directions/park.avif","non-photographic diagram, infographic, illustration, or mixed visual style"
"review","giving-directions","school.avif","/word-images/giving-directions/school.avif","non-photographic diagram, infographic, illustration, or mixed visual style"
"review","giving-directions","hospital.avif","/word-images/giving-directions/hospital.avif","non-photographic diagram, infographic, illustration, or mixed visual style"
"review","internal-organs","heart.avif","/word-images/internal-organs/heart.avif","non-photographic diagram, infographic, illustration, or mixed visual style"
"review","internal-organs","brain.avif","/word-images/internal-organs/brain.avif","non-photographic diagram, infographic, illustration, or mixed visual style"
"review","internal-organs","lungs.avif","/word-images/internal-organs/lungs.avif","non-photographic diagram, infographic, illustration, or mixed visual style"
"review","internal-organs","liver.avif","/word-images/internal-organs/liver.avif","non-photographic diagram, infographic, illustration, or mixed visual style"
"review","internal-organs","kidneys.avif","/word-images/internal-organs/kidneys.avif","non-photographic diagram, infographic, illustration, or mixed visual style"
"review","internal-organs","stomach.avif","/word-images/internal-organs/stomach.avif","non-photographic diagram, infographic, illustration, or mixed visual style"
"review","internal-organs","pancreas.avif","/word-images/internal-organs/pancreas.avif","non-photographic diagram, infographic, illustration, or mixed visual style"
"review","internal-organs","spleen.avif","/word-images/internal-organs/spleen.avif","non-photographic diagram, infographic, illustration, or mixed visual style"
"review","internal-organs","gallbladder.avif","/word-images/internal-organs/gallbladder.avif","non-photographic diagram, infographic, illustration, or mixed visual style"
"review","internal-organs","bladder.avif","/word-images/internal-organs/bladder.avif","non-photographic diagram, infographic, illustration, or mixed visual style"
"review","internal-organs","esophagus.avif","/word-images/internal-organs/esophagus.avif","non-photographic diagram, infographic, illustration, or mixed visual style"
"review","internal-organs","small-intestine.avif","/word-images/internal-organs/small-intestine.avif","non-photographic diagram, infographic, illustration, or mixed visual style"
"review","internal-organs","large-intestine.avif","/word-images/internal-organs/large-intestine.avif","non-photographic diagram, infographic, illustration, or mixed visual style"
"review","internal-organs","colon.avif","/word-images/internal-organs/colon.avif","non-photographic diagram, infographic, illustration, or mixed visual style"
"review","internal-organs","rectum.avif","/word-images/internal-organs/rectum.avif","non-photographic diagram, infographic, illustration, or mixed visual style"
"review","internal-organs","appendix.avif","/word-images/internal-organs/appendix.avif","non-photographic diagram, infographic, illustration, or mixed visual style"
"review","internal-organs","duodenum.avif","/word-images/internal-organs/duodenum.avif","non-photographic diagram, infographic, illustration, or mixed visual style"
"review","internal-organs","jejunum.avif","/word-images/internal-organs/jejunum.avif","non-photographic diagram, infographic, illustration, or mixed visual style"
"review","internal-organs","ileum.avif","/word-images/internal-organs/ileum.avif","non-photographic diagram, infographic, illustration, or mixed visual style"
"review","internal-organs","trachea.avif","/word-images/internal-organs/trachea.avif","non-photographic diagram, infographic, illustration, or mixed visual style"
"review","internal-organs","bronchi.avif","/word-images/internal-organs/bronchi.avif","non-photographic diagram, infographic, illustration, or mixed visual style"
"review","internal-organs","bronchioles.avif","/word-images/internal-organs/bronchioles.avif","non-photographic diagram, infographic, illustration, or mixed visual style"
"review","internal-organs","alveoli.avif","/word-images/internal-organs/alveoli.avif","non-photographic diagram, infographic, illustration, or mixed visual style"
"review","internal-organs","diaphragm.avif","/word-images/internal-organs/diaphragm.avif","non-photographic diagram, infographic, illustration, or mixed visual style"
"review","internal-organs","larynx.avif","/word-images/internal-organs/larynx.avif","non-photographic diagram, infographic, illustration, or mixed visual style"
"review","internal-organs","pharynx.avif","/word-images/internal-organs/pharynx.avif","non-photographic diagram, infographic, illustration, or mixed visual style"
"review","internal-organs","nasal-cavity.avif","/word-images/internal-organs/nasal-cavity.avif","non-photographic diagram, infographic, illustration, or mixed visual style"
"review","internal-organs","pleura.avif","/word-images/internal-organs/pleura.avif","non-photographic diagram, infographic, illustration, or mixed visual style"
"review","internal-organs","oxygen.avif","/word-images/internal-organs/oxygen.avif","non-photographic diagram, infographic, illustration, or mixed visual style"
"review","internal-organs","heart-chamber.avif","/word-images/internal-organs/heart-chamber.avif","non-photographic diagram, infographic, illustration, or mixed visual style"
"review","internal-organs","aorta.avif","/word-images/internal-organs/aorta.avif","non-photographic diagram, infographic, illustration, or mixed visual style"
"review","internal-organs","vein.avif","/word-images/internal-organs/vein.avif","non-photographic diagram, infographic, illustration, or mixed visual style"
"review","internal-organs","artery.avif","/word-images/internal-organs/artery.avif","non-photographic diagram, infographic, illustration, or mixed visual style"
"review","internal-organs","capillary.avif","/word-images/internal-organs/capillary.avif","non-photographic diagram, infographic, illustration, or mixed visual style"
"review","internal-organs","red-blood-cell.avif","/word-images/internal-organs/red-blood-cell.avif","non-photographic diagram, infographic, illustration, or mixed visual style"
"review","internal-organs","white-blood-cell.avif","/word-images/internal-organs/white-blood-cell.avif","non-photographic diagram, infographic, illustration, or mixed visual style"
"review","internal-organs","platelet.avif","/word-images/internal-organs/platelet.avif","non-photographic diagram, infographic, illustration, or mixed visual style"
"review","internal-organs","plasma.avif","/word-images/internal-organs/plasma.avif","non-photographic diagram, infographic, illustration, or mixed visual style"
"review","internal-organs","pulse.avif","/word-images/internal-organs/pulse.avif","non-photographic diagram, infographic, illustration, or mixed visual style"
"review","internal-organs","spinal-cord.avif","/word-images/internal-organs/spinal-cord.avif","non-photographic diagram, infographic, illustration, or mixed visual style"
"review","internal-organs","nerve.avif","/word-images/internal-organs/nerve.avif","non-photographic diagram, infographic, illustration, or mixed visual style"
"review","internal-organs","neuron.avif","/word-images/internal-organs/neuron.avif","non-photographic diagram, infographic, illustration, or mixed visual style"
"review","internal-organs","synapse.avif","/word-images/internal-organs/synapse.avif","non-photographic diagram, infographic, illustration, or mixed visual style"
"review","internal-organs","cerebrum.avif","/word-images/internal-organs/cerebrum.avif","non-photographic diagram, infographic, illustration, or mixed visual style"
"review","internal-organs","cerebellum.avif","/word-images/internal-organs/cerebellum.avif","non-photographic diagram, infographic, illustration, or mixed visual style"
"review","internal-organs","brain-stem.avif","/word-images/internal-organs/brain-stem.avif","non-photographic diagram, infographic, illustration, or mixed visual style"
"review","internal-organs","reflex.avif","/word-images/internal-organs/reflex.avif","non-photographic diagram, infographic, illustration, or mixed visual style"
"review","internal-organs","signal.avif","/word-images/internal-organs/signal.avif","non-photographic diagram, infographic, illustration, or mixed visual style"
"review","internal-organs","thyroid.avif","/word-images/internal-organs/thyroid.avif","non-photographic diagram, infographic, illustration, or mixed visual style"
"review","internal-organs","pituitary-gland.avif","/word-images/internal-organs/pituitary-gland.avif","non-photographic diagram, infographic, illustration, or mixed visual style"
"review","internal-organs","adrenal-gland.avif","/word-images/internal-organs/adrenal-gland.avif","non-photographic diagram, infographic, illustration, or mixed visual style"
"review","internal-organs","hormone.avif","/word-images/internal-organs/hormone.avif","non-photographic diagram, infographic, illustration, or mixed visual style"
"review","internal-organs","insulin.avif","/word-images/internal-organs/insulin.avif","non-photographic diagram, infographic, illustration, or mixed visual style"
"review","internal-organs","testosterone.avif","/word-images/internal-organs/testosterone.avif","non-photographic diagram, infographic, illustration, or mixed visual style"
"review","internal-organs","estrogen.avif","/word-images/internal-organs/estrogen.avif","non-photographic diagram, infographic, illustration, or mixed visual style"
"review","internal-organs","metabolism.avif","/word-images/internal-organs/metabolism.avif","non-photographic diagram, infographic, illustration, or mixed visual style"
"review","internal-organs","gland.avif","/word-images/internal-organs/gland.avif","non-photographic diagram, infographic, illustration, or mixed visual style"
"review","internal-organs","cortisol.avif","/word-images/internal-organs/cortisol.avif","non-photographic diagram, infographic, illustration, or mixed visual style"
"review","law-firm","lawyer.avif","/word-images/law-firm/lawyer.avif","non-photographic diagram, infographic, illustration, or mixed visual style"
"review","law-firm","attorney.avif","/word-images/law-firm/attorney.avif","non-photographic diagram, infographic, illustration, or mixed visual style"
"review","law-firm","judge.avif","/word-images/law-firm/judge.avif","non-photographic diagram, infographic, illustration, or mixed visual style"
"review","law-firm","paralegal.avif","/word-images/law-firm/paralegal.avif","non-photographic diagram, infographic, illustration, or mixed visual style"
"review","law-firm","legal-secretary.avif","/word-images/law-firm/legal-secretary.avif","non-photographic diagram, infographic, illustration, or mixed visual style"
"review","law-firm","notary.avif","/word-images/law-firm/notary.avif","non-photographic diagram, infographic, illustration, or mixed visual style"
"review","law-firm","mediator.avif","/word-images/law-firm/mediator.avif","non-photographic diagram, infographic, illustration, or mixed visual style"
"review","law-firm","arbitrator.avif","/word-images/law-firm/arbitrator.avif","non-photographic diagram, infographic, illustration, or mixed visual style"
"review","law-firm","public-defender.avif","/word-images/law-firm/public-defender.avif","non-photographic diagram, infographic, illustration, or mixed visual style"
"review","law-firm","prosecutor.avif","/word-images/law-firm/prosecutor.avif","non-photographic diagram, infographic, illustration, or mixed visual style"
"review","law-firm","reception.avif","/word-images/law-firm/reception.avif","non-photographic diagram, infographic, illustration, or mixed visual style"
"review","law-firm","conference-room.avif","/word-images/law-firm/conference-room.avif","non-photographic diagram, infographic, illustration, or mixed visual style"
"review","law-firm","law-library.avif","/word-images/law-firm/law-library.avif","non-photographic diagram, infographic, illustration, or mixed visual style"
"review","law-firm","partner-office.avif","/word-images/law-firm/partner-office.avif","non-photographic diagram, infographic, illustration, or mixed visual style"
"review","law-firm","associate-office.avif","/word-images/law-firm/associate-office.avif","non-photographic diagram, infographic, illustration, or mixed visual style"
"review","law-firm","filing-room.avif","/word-images/law-firm/filing-room.avif","non-photographic diagram, infographic, illustration, or mixed visual style"
"review","law-firm","war-room.avif","/word-images/law-firm/war-room.avif","non-photographic diagram, infographic, illustration, or mixed visual style"
"review","law-firm","deposition-room.avif","/word-images/law-firm/deposition-room.avif","non-photographic diagram, infographic, illustration, or mixed visual style"
"review","law-firm","waiting-area.avif","/word-images/law-firm/waiting-area.avif","non-photographic diagram, infographic, illustration, or mixed visual style"
"review","law-firm","records-room.avif","/word-images/law-firm/records-room.avif","non-photographic diagram, infographic, illustration, or mixed visual style"
"review","law-firm","criminal-law.avif","/word-images/law-firm/criminal-law.avif","non-photographic diagram, infographic, illustration, or mixed visual style"
"review","law-firm","civil-law.avif","/word-images/law-firm/civil-law.avif","non-photographic diagram, infographic, illustration, or mixed visual style"
"review","law-firm","family-law.avif","/word-images/law-firm/family-law.avif","non-photographic diagram, infographic, illustration, or mixed visual style"
"review","law-firm","corporate-law.avif","/word-images/law-firm/corporate-law.avif","non-photographic diagram, infographic, illustration, or mixed visual style"
"review","law-firm","tax-law.avif","/word-images/law-firm/tax-law.avif","non-photographic diagram, infographic, illustration, or mixed visual style"
"review","law-firm","immigration-law.avif","/word-images/law-firm/immigration-law.avif","non-photographic diagram, infographic, illustration, or mixed visual style"
"review","law-firm","real-estate-law.avif","/word-images/law-firm/real-estate-law.avif","non-photographic diagram, infographic, illustration, or mixed visual style"
"review","law-firm","employment-law.avif","/word-images/law-firm/employment-law.avif","non-photographic diagram, infographic, illustration, or mixed visual style"
"review","law-firm","environmental-law.avif","/word-images/law-firm/environmental-law.avif","non-photographic diagram, infographic, illustration, or mixed visual style"
"review","law-firm","intellectual-property.avif","/word-images/law-firm/intellectual-property.avif","non-photographic diagram, infographic, illustration, or mixed visual style"
"review","law-firm","consult.avif","/word-images/law-firm/consult.avif","non-photographic diagram, infographic, illustration, or mixed visual style"
"review","law-firm","represent.avif","/word-images/law-firm/represent.avif","non-photographic diagram, infographic, illustration, or mixed visual style"
"review","law-firm","file.avif","/word-images/law-firm/file.avif","non-photographic diagram, infographic, illustration, or mixed visual style"
"review","law-firm","appeal.avif","/word-images/law-firm/appeal.avif","non-photographic diagram, infographic, illustration, or mixed visual style"
"review","law-firm","negotiate.avif","/word-images/law-firm/negotiate.avif","non-photographic diagram, infographic, illustration, or mixed visual style"
"review","law-firm","litigate.avif","/word-images/law-firm/litigate.avif","non-photographic diagram, infographic, illustration, or mixed visual style"
"review","law-firm","settle.avif","/word-images/law-firm/settle.avif","non-photographic diagram, infographic, illustration, or mixed visual style"
"review","law-firm","draft.avif","/word-images/law-firm/draft.avif","non-photographic diagram, infographic, illustration, or mixed visual style"
"review","law-firm","review.avif","/word-images/law-firm/review.avif","non-photographic diagram, infographic, illustration, or mixed visual style"
"review","law-firm","advise.avif","/word-images/law-firm/advise.avif","non-photographic diagram, infographic, illustration, or mixed visual style"
"review","legal-documents","contract.avif","/word-images/legal-documents/contract.avif","non-photographic diagram, infographic, illustration, or mixed visual style"
"review","legal-documents","agreement.avif","/word-images/legal-documents/agreement.avif","non-photographic diagram, infographic, illustration, or mixed visual style"
"review","legal-documents","terms.avif","/word-images/legal-documents/terms.avif","non-photographic diagram, infographic, illustration, or mixed visual style"
"review","legal-documents","conditions.avif","/word-images/legal-documents/conditions.avif","non-photographic diagram, infographic, illustration, or mixed visual style"
"review","legal-documents","clause.avif","/word-images/legal-documents/clause.avif","non-photographic diagram, infographic, illustration, or mixed visual style"
"review","legal-documents","amendment.avif","/word-images/legal-documents/amendment.avif","non-photographic diagram, infographic, illustration, or mixed visual style"
"review","legal-documents","addendum.avif","/word-images/legal-documents/addendum.avif","non-photographic diagram, infographic, illustration, or mixed visual style"
"review","legal-documents","breach.avif","/word-images/legal-documents/breach.avif","non-photographic diagram, infographic, illustration, or mixed visual style"
"review","legal-documents","void.avif","/word-images/legal-documents/void.avif","non-photographic diagram, infographic, illustration, or mixed visual style"
"review","legal-documents","binding.avif","/word-images/legal-documents/binding.avif","non-photographic diagram, infographic, illustration, or mixed visual style"
"review","legal-documents","complaint.avif","/word-images/legal-documents/complaint.avif","non-photographic diagram, infographic, illustration, or mixed visual style"
"review","legal-documents","summons.avif","/word-images/legal-documents/summons.avif","non-photographic diagram, infographic, illustration, or mixed visual style"
"review","legal-documents","subpoena.avif","/word-images/legal-documents/subpoena.avif","non-photographic diagram, infographic, illustration, or mixed visual style"
"review","legal-documents","motion.avif","/word-images/legal-documents/motion.avif","non-photographic diagram, infographic, illustration, or mixed visual style"
"review","legal-documents","brief.avif","/word-images/legal-documents/brief.avif","non-photographic diagram, infographic, illustration, or mixed visual style"
"review","legal-documents","petition.avif","/word-images/legal-documents/petition.avif","non-photographic diagram, infographic, illustration, or mixed visual style"
"review","legal-documents","order.avif","/word-images/legal-documents/order.avif","non-photographic diagram, infographic, illustration, or mixed visual style"
"review","legal-documents","injunction.avif","/word-images/legal-documents/injunction.avif","non-photographic diagram, infographic, illustration, or mixed visual style"
"review","legal-documents","warrant.avif","/word-images/legal-documents/warrant.avif","non-photographic diagram, infographic, illustration, or mixed visual style"
"review","legal-documents","indictment.avif","/word-images/legal-documents/indictment.avif","non-photographic diagram, infographic, illustration, or mixed visual style"
"review","legal-documents","will.avif","/word-images/legal-documents/will.avif","non-photographic diagram, infographic, illustration, or mixed visual style"
"review","legal-documents","trust.avif","/word-images/legal-documents/trust.avif","non-photographic diagram, infographic, illustration, or mixed visual style"
"review","legal-documents","power-of-attorney.avif","/word-images/legal-documents/power-of-attorney.avif","non-photographic diagram, infographic, illustration, or mixed visual style"
"review","legal-documents","living-will.avif","/word-images/legal-documents/living-will.avif","non-photographic diagram, infographic, illustration, or mixed visual style"
"review","legal-documents","deed.avif","/word-images/legal-documents/deed.avif","non-photographic diagram, infographic, illustration, or mixed visual style"
"review","legal-documents","title.avif","/word-images/legal-documents/title.avif","non-photographic diagram, infographic, illustration, or mixed visual style"
"review","legal-documents","lease.avif","/word-images/legal-documents/lease.avif","non-photographic diagram, infographic, illustration, or mixed visual style"
"review","legal-documents","prenuptial.avif","/word-images/legal-documents/prenuptial.avif","non-photographic diagram, infographic, illustration, or mixed visual style"
"review","legal-documents","divorce-decree.avif","/word-images/legal-documents/divorce-decree.avif","non-photographic diagram, infographic, illustration, or mixed visual style"
"review","legal-documents","adoption-papers.avif","/word-images/legal-documents/adoption-papers.avif","non-photographic diagram, infographic, illustration, or mixed visual style"
"review","legal-documents","patent.avif","/word-images/legal-documents/patent.avif","non-photographic diagram, infographic, illustration, or mixed visual style"
"review","legal-documents","trademark.avif","/word-images/legal-documents/trademark.avif","non-photographic diagram, infographic, illustration, or mixed visual style"
"review","legal-documents","copyright.avif","/word-images/legal-documents/copyright.avif","non-photographic diagram, infographic, illustration, or mixed visual style"
"review","legal-documents","license.avif","/word-images/legal-documents/license.avif","non-photographic diagram, infographic, illustration, or mixed visual style"
"review","legal-documents","nda.avif","/word-images/legal-documents/nda.avif","non-photographic diagram, infographic, illustration, or mixed visual style"
"review","legal-documents","non-compete.avif","/word-images/legal-documents/non-compete.avif","non-photographic diagram, infographic, illustration, or mixed visual style"
"review","legal-documents","partnership-agreement.avif","/word-images/legal-documents/partnership-agreement.avif","non-photographic diagram, infographic, illustration, or mixed visual style"
"review","legal-documents","articles-of-incorporation.avif","/word-images/legal-documents/articles-of-incorporation.avif","non-photographic diagram, infographic, illustration, or mixed visual style"
"review","legal-documents","bylaws.avif","/word-images/legal-documents/bylaws.avif","non-photographic diagram, infographic, illustration, or mixed visual style"
"review","legal-documents","operating-agreement.avif","/word-images/legal-documents/operating-agreement.avif","non-photographic diagram, infographic, illustration, or mixed visual style"
"review","maps-navigation","map.avif","/word-images/maps-navigation/map.avif","non-photographic diagram, infographic, illustration, or mixed visual style"
"review","maps-navigation","legend.avif","/word-images/maps-navigation/legend.avif","non-photographic diagram, infographic, illustration, or mixed visual style"
"review","maps-navigation","scale.avif","/word-images/maps-navigation/scale.avif","non-photographic diagram, infographic, illustration, or mixed visual style"
"review","maps-navigation","compass-rose.avif","/word-images/maps-navigation/compass-rose.avif","non-photographic diagram, infographic, illustration, or mixed visual style"
"review","maps-navigation","grid.avif","/word-images/maps-navigation/grid.avif","non-photographic diagram, infographic, illustration, or mixed visual style"
"review","maps-navigation","coordinates.avif","/word-images/maps-navigation/coordinates.avif","non-photographic diagram, infographic, illustration, or mixed visual style"
"review","maps-navigation","latitude.avif","/word-images/maps-navigation/latitude.avif","non-photographic diagram, infographic, illustration, or mixed visual style"
"review","maps-navigation","longitude.avif","/word-images/maps-navigation/longitude.avif","non-photographic diagram, infographic, illustration, or mixed visual style"
"review","maps-navigation","contour.avif","/word-images/maps-navigation/contour.avif","non-photographic diagram, infographic, illustration, or mixed visual style"
"review","maps-navigation","boundary.avif","/word-images/maps-navigation/boundary.avif","non-photographic diagram, infographic, illustration, or mixed visual style"
"review","maps-navigation","gps.avif","/word-images/maps-navigation/gps.avif","non-photographic diagram, infographic, illustration, or mixed visual style"
"review","maps-navigation","compass.avif","/word-images/maps-navigation/compass.avif","non-photographic diagram, infographic, illustration, or mixed visual style"
"review","maps-navigation","satellite.avif","/word-images/maps-navigation/satellite.avif","non-photographic diagram, infographic, illustration, or mixed visual style"
"review","maps-navigation","radar.avif","/word-images/maps-navigation/radar.avif","non-photographic diagram, infographic, illustration, or mixed visual style"
"review","maps-navigation","binoculars.avif","/word-images/maps-navigation/binoculars.avif","non-photographic diagram, infographic, illustration, or mixed visual style"
"review","maps-navigation","telescope.avif","/word-images/maps-navigation/telescope.avif","non-photographic diagram, infographic, illustration, or mixed visual style"
"review","maps-navigation","altimeter.avif","/word-images/maps-navigation/altimeter.avif","non-photographic diagram, infographic, illustration, or mixed visual style"
"review","maps-navigation","speedometer.avif","/word-images/maps-navigation/speedometer.avif","non-photographic diagram, infographic, illustration, or mixed visual style"
"review","maps-navigation","odometer.avif","/word-images/maps-navigation/odometer.avif","non-photographic diagram, infographic, illustration, or mixed visual style"
"review","maps-navigation","sextant.avif","/word-images/maps-navigation/sextant.avif","non-photographic diagram, infographic, illustration, or mixed visual style"
"review","maps-navigation","route.avif","/word-images/maps-navigation/route.avif","non-photographic diagram, infographic, illustration, or mixed visual style"
"review","maps-navigation","path.avif","/word-images/maps-navigation/path.avif","non-photographic diagram, infographic, illustration, or mixed visual style"
"review","maps-navigation","trail.avif","/word-images/maps-navigation/trail.avif","non-photographic diagram, infographic, illustration, or mixed visual style"
"review","maps-navigation","shortcut.avif","/word-images/maps-navigation/shortcut.avif","non-photographic diagram, infographic, illustration, or mixed visual style"
"review","maps-navigation","detour.avif","/word-images/maps-navigation/detour.avif","non-photographic diagram, infographic, illustration, or mixed visual style"
"review","maps-navigation","destination.avif","/word-images/maps-navigation/destination.avif","non-photographic diagram, infographic, illustration, or mixed visual style"
"review","maps-navigation","origin.avif","/word-images/maps-navigation/origin.avif","non-photographic diagram, infographic, illustration, or mixed visual style"
"review","maps-navigation","waypoint.avif","/word-images/maps-navigation/waypoint.avif","non-photographic diagram, infographic, illustration, or mixed visual style"
"review","maps-navigation","milestone.avif","/word-images/maps-navigation/milestone.avif","non-photographic diagram, infographic, illustration, or mixed visual style"
"review","maps-navigation","checkpoint.avif","/word-images/maps-navigation/checkpoint.avif","non-photographic diagram, infographic, illustration, or mixed visual style"
"review","maps-navigation","navigation-app.avif","/word-images/maps-navigation/navigation-app.avif","non-photographic diagram, infographic, illustration, or mixed visual style"
"review","maps-navigation","pin.avif","/word-images/maps-navigation/pin.avif","non-photographic diagram, infographic, illustration, or mixed visual style"
"review","maps-navigation","search.avif","/word-images/maps-navigation/search.avif","non-photographic diagram, infographic, illustration, or mixed visual style"
"review","maps-navigation","directions.avif","/word-images/maps-navigation/directions.avif","non-photographic diagram, infographic, illustration, or mixed visual style"
"review","maps-navigation","traffic.avif","/word-images/maps-navigation/traffic.avif","non-photographic diagram, infographic, illustration, or mixed visual style"
"review","maps-navigation","estimated-time.avif","/word-images/maps-navigation/estimated-time.avif","non-photographic diagram, infographic, illustration, or mixed visual style"
"review","maps-navigation","reroute.avif","/word-images/maps-navigation/reroute.avif","non-photographic diagram, infographic, illustration, or mixed visual style"
"review","maps-navigation","satellite-view.avif","/word-images/maps-navigation/satellite-view.avif","non-photographic diagram, infographic, illustration, or mixed visual style"
"review","maps-navigation","street-view.avif","/word-images/maps-navigation/street-view.avif","non-photographic diagram, infographic, illustration, or mixed visual style"
"review","maps-navigation","share-location.avif","/word-images/maps-navigation/share-location.avif","non-photographic diagram, infographic, illustration, or mixed visual style"
"review","measurements-units","millimeter.avif","/word-images/measurements-units/millimeter.avif","non-photographic diagram, infographic, illustration, or mixed visual style"
"review","measurements-units","centimeter.avif","/word-images/measurements-units/centimeter.avif","non-photographic diagram, infographic, illustration, or mixed visual style"
"review","measurements-units","meter.avif","/word-images/measurements-units/meter.avif","non-photographic diagram, infographic, illustration, or mixed visual style"
"review","measurements-units","kilometer.avif","/word-images/measurements-units/kilometer.avif","non-photographic diagram, infographic, illustration, or mixed visual style"
"review","measurements-units","inch.avif","/word-images/measurements-units/inch.avif","non-photographic diagram, infographic, illustration, or mixed visual style"
"review","measurements-units","foot.avif","/word-images/measurements-units/foot.avif","non-photographic diagram, infographic, illustration, or mixed visual style"
"review","measurements-units","yard.avif","/word-images/measurements-units/yard.avif","non-photographic diagram, infographic, illustration, or mixed visual style"
"review","measurements-units","mile.avif","/word-images/measurements-units/mile.avif","non-photographic diagram, infographic, illustration, or mixed visual style"
"review","measurements-units","ruler.avif","/word-images/measurements-units/ruler.avif","non-photographic diagram, infographic, illustration, or mixed visual style"
"review","measurements-units","tape-measure.avif","/word-images/measurements-units/tape-measure.avif","non-photographic diagram, infographic, illustration, or mixed visual style"
"review","measurements-units","gram.avif","/word-images/measurements-units/gram.avif","non-photographic diagram, infographic, illustration, or mixed visual style"
"review","measurements-units","kilogram.avif","/word-images/measurements-units/kilogram.avif","non-photographic diagram, infographic, illustration, or mixed visual style"
"review","measurements-units","milligram.avif","/word-images/measurements-units/milligram.avif","non-photographic diagram, infographic, illustration, or mixed visual style"
"review","measurements-units","ton.avif","/word-images/measurements-units/ton.avif","non-photographic diagram, infographic, illustration, or mixed visual style"
"review","measurements-units","ounce.avif","/word-images/measurements-units/ounce.avif","non-photographic diagram, infographic, illustration, or mixed visual style"
"review","measurements-units","pound.avif","/word-images/measurements-units/pound.avif","non-photographic diagram, infographic, illustration, or mixed visual style"
"review","measurements-units","stone.avif","/word-images/measurements-units/stone.avif","non-photographic diagram, infographic, illustration, or mixed visual style"
"review","measurements-units","scale.avif","/word-images/measurements-units/scale.avif","non-photographic diagram, infographic, illustration, or mixed visual style"
"review","measurements-units","balance.avif","/word-images/measurements-units/balance.avif","non-photographic diagram, infographic, illustration, or mixed visual style"
"review","measurements-units","heavy.avif","/word-images/measurements-units/heavy.avif","non-photographic diagram, infographic, illustration, or mixed visual style"
"review","measurements-units","milliliter.avif","/word-images/measurements-units/milliliter.avif","non-photographic diagram, infographic, illustration, or mixed visual style"
"review","measurements-units","liter.avif","/word-images/measurements-units/liter.avif","non-photographic diagram, infographic, illustration, or mixed visual style"
"review","measurements-units","gallon.avif","/word-images/measurements-units/gallon.avif","non-photographic diagram, infographic, illustration, or mixed visual style"
"review","measurements-units","quart.avif","/word-images/measurements-units/quart.avif","non-photographic diagram, infographic, illustration, or mixed visual style"
"review","measurements-units","pint.avif","/word-images/measurements-units/pint.avif","non-photographic diagram, infographic, illustration, or mixed visual style"
"review","measurements-units","cup.avif","/word-images/measurements-units/cup.avif","non-photographic diagram, infographic, illustration, or mixed visual style"
"review","measurements-units","tablespoon.avif","/word-images/measurements-units/tablespoon.avif","non-photographic diagram, infographic, illustration, or mixed visual style"
"review","measurements-units","teaspoon.avif","/word-images/measurements-units/teaspoon.avif","non-photographic diagram, infographic, illustration, or mixed visual style"
"review","measurements-units","fluid-ounce.avif","/word-images/measurements-units/fluid-ounce.avif","non-photographic diagram, infographic, illustration, or mixed visual style"
"review","measurements-units","barrel.avif","/word-images/measurements-units/barrel.avif","non-photographic diagram, infographic, illustration, or mixed visual style"
"review","measurements-units","celsius.avif","/word-images/measurements-units/celsius.avif","non-photographic diagram, infographic, illustration, or mixed visual style"
"review","measurements-units","fahrenheit.avif","/word-images/measurements-units/fahrenheit.avif","non-photographic diagram, infographic, illustration, or mixed visual style"
"review","measurements-units","kelvin.avif","/word-images/measurements-units/kelvin.avif","non-photographic diagram, infographic, illustration, or mixed visual style"
"review","measurements-units","degree.avif","/word-images/measurements-units/degree.avif","non-photographic diagram, infographic, illustration, or mixed visual style"
"review","measurements-units","boiling-point.avif","/word-images/measurements-units/boiling-point.avif","non-photographic diagram, infographic, illustration, or mixed visual style"
"review","measurements-units","freezing-point.avif","/word-images/measurements-units/freezing-point.avif","non-photographic diagram, infographic, illustration, or mixed visual style"
"review","measurements-units","body-temperature.avif","/word-images/measurements-units/body-temperature.avif","non-photographic diagram, infographic, illustration, or mixed visual style"
"review","measurements-units","room-temperature.avif","/word-images/measurements-units/room-temperature.avif","non-photographic diagram, infographic, illustration, or mixed visual style"
"review","measurements-units","thermometer.avif","/word-images/measurements-units/thermometer.avif","non-photographic diagram, infographic, illustration, or mixed visual style"
"review","measurements-units","heat.avif","/word-images/measurements-units/heat.avif","non-photographic diagram, infographic, illustration, or mixed visual style"
"review","measurements-units","millisecond.avif","/word-images/measurements-units/millisecond.avif","non-photographic diagram, infographic, illustration, or mixed visual style"
"review","measurements-units","second.avif","/word-images/measurements-units/second.avif","non-photographic diagram, infographic, illustration, or mixed visual style"
"review","measurements-units","minute.avif","/word-images/measurements-units/minute.avif","non-photographic diagram, infographic, illustration, or mixed visual style"
"review","measurements-units","hour.avif","/word-images/measurements-units/hour.avif","non-photographic diagram, infographic, illustration, or mixed visual style"
"review","measurements-units","day.avif","/word-images/measurements-units/day.avif","non-photographic diagram, infographic, illustration, or mixed visual style"
"review","measurements-units","speed.avif","/word-images/measurements-units/speed.avif","non-photographic diagram, infographic, illustration, or mixed visual style"
"review","measurements-units","velocity.avif","/word-images/measurements-units/velocity.avif","non-photographic diagram, infographic, illustration, or mixed visual style"
"review","measurements-units","acceleration.avif","/word-images/measurements-units/acceleration.avif","non-photographic diagram, infographic, illustration, or mixed visual style"
"review","measurements-units","distance.avif","/word-images/measurements-units/distance.avif","non-photographic diagram, infographic, illustration, or mixed visual style"
"review","measurements-units","rate.avif","/word-images/measurements-units/rate.avif","non-photographic diagram, infographic, illustration, or mixed visual style"
"review","meeting-room","projector-screen.avif","/word-images/meeting-room/projector-screen.avif","non-photographic diagram, infographic, illustration, or mixed visual style"
"review","meeting-room","laser-pointer.avif","/word-images/meeting-room/laser-pointer.avif","non-photographic diagram, infographic, illustration, or mixed visual style"
"review","meeting-room","microphone.avif","/word-images/meeting-room/microphone.avif","non-photographic diagram, infographic, illustration, or mixed visual style"
"review","meeting-room","speaker.avif","/word-images/meeting-room/speaker.avif","non-photographic diagram, infographic, illustration, or mixed visual style"
"review","meeting-room","camera.avif","/word-images/meeting-room/camera.avif","non-photographic diagram, infographic, illustration, or mixed visual style"
"review","meeting-room","flip-chart.avif","/word-images/meeting-room/flip-chart.avif","non-photographic diagram, infographic, illustration, or mixed visual style"
"review","meeting-room","marker.avif","/word-images/meeting-room/marker.avif","non-photographic diagram, infographic, illustration, or mixed visual style"
"review","meeting-room","remote-clicker.avif","/word-images/meeting-room/remote-clicker.avif","non-photographic diagram, infographic, illustration, or mixed visual style"
"review","meeting-room","name-plate.avif","/word-images/meeting-room/name-plate.avif","non-photographic diagram, infographic, illustration, or mixed visual style"
"review","meeting-room","agenda.avif","/word-images/meeting-room/agenda.avif","non-photographic diagram, infographic, illustration, or mixed visual style"
"review","meeting-room","staff-meeting.avif","/word-images/meeting-room/staff-meeting.avif","non-photographic diagram, infographic, illustration, or mixed visual style"
"review","meeting-room","board-meeting.avif","/word-images/meeting-room/board-meeting.avif","non-photographic diagram, infographic, illustration, or mixed visual style"
"review","meeting-room","one-on-one.avif","/word-images/meeting-room/one-on-one.avif","non-photographic diagram, infographic, illustration, or mixed visual style"
"review","meeting-room","brainstorm.avif","/word-images/meeting-room/brainstorm.avif","non-photographic diagram, infographic, illustration, or mixed visual style"
"review","meeting-room","stand-up.avif","/word-images/meeting-room/stand-up.avif","non-photographic diagram, infographic, illustration, or mixed visual style"
"review","meeting-room","town-hall.avif","/word-images/meeting-room/town-hall.avif","non-photographic diagram, infographic, illustration, or mixed visual style"
"review","meeting-room","workshop.avif","/word-images/meeting-room/workshop.avif","non-photographic diagram, infographic, illustration, or mixed visual style"
"review","meeting-room","webinar.avif","/word-images/meeting-room/webinar.avif","non-photographic diagram, infographic, illustration, or mixed visual style"
"review","meeting-room","kick-off.avif","/word-images/meeting-room/kick-off.avif","non-photographic diagram, infographic, illustration, or mixed visual style"
"review","meeting-room","retrospective.avif","/word-images/meeting-room/retrospective.avif","non-photographic diagram, infographic, illustration, or mixed visual style"
"review","meeting-room","slide-deck.avif","/word-images/meeting-room/slide-deck.avif","non-photographic diagram, infographic, illustration, or mixed visual style"
"review","meeting-room","handout.avif","/word-images/meeting-room/handout.avif","non-photographic diagram, infographic, illustration, or mixed visual style"
"review","meeting-room","report.avif","/word-images/meeting-room/report.avif","non-photographic diagram, infographic, illustration, or mixed visual style"
"review","meeting-room","chart.avif","/word-images/meeting-room/chart.avif","non-photographic diagram, infographic, illustration, or mixed visual style"
"review","meeting-room","graph.avif","/word-images/meeting-room/graph.avif","non-photographic diagram, infographic, illustration, or mixed visual style"
"review","meeting-room","diagram.avif","/word-images/meeting-room/diagram.avif","non-photographic diagram, infographic, illustration, or mixed visual style"
"review","meeting-room","flowchart.avif","/word-images/meeting-room/flowchart.avif","non-photographic diagram, infographic, illustration, or mixed visual style"
"review","meeting-room","timeline.avif","/word-images/meeting-room/timeline.avif","non-photographic diagram, infographic, illustration, or mixed visual style"
"review","meeting-room","spreadsheet.avif","/word-images/meeting-room/spreadsheet.avif","non-photographic diagram, infographic, illustration, or mixed visual style"
"review","meeting-room","dashboard.avif","/word-images/meeting-room/dashboard.avif","non-photographic diagram, infographic, illustration, or mixed visual style"
"review","meeting-room","present.avif","/word-images/meeting-room/present.avif","non-photographic diagram, infographic, illustration, or mixed visual style"
"review","meeting-room","discuss.avif","/word-images/meeting-room/discuss.avif","non-photographic diagram, infographic, illustration, or mixed visual style"
"review","meeting-room","vote.avif","/word-images/meeting-room/vote.avif","non-photographic diagram, infographic, illustration, or mixed visual style"
"review","meeting-room","approve.avif","/word-images/meeting-room/approve.avif","non-photographic diagram, infographic, illustration, or mixed visual style"
"review","meeting-room","reject.avif","/word-images/meeting-room/reject.avif","non-photographic diagram, infographic, illustration, or mixed visual style"
"review","meeting-room","table.avif","/word-images/meeting-room/table.avif","non-photographic diagram, infographic, illustration, or mixed visual style"
"review","meeting-room","follow-up.avif","/word-images/meeting-room/follow-up.avif","non-photographic diagram, infographic, illustration, or mixed visual style"
"review","meeting-room","assign.avif","/word-images/meeting-room/assign.avif","non-photographic diagram, infographic, illustration, or mixed visual style"
"review","meeting-room","minute.avif","/word-images/meeting-room/minute.avif","non-photographic diagram, infographic, illustration, or mixed visual style"
"review","meeting-room","adjourn.avif","/word-images/meeting-room/adjourn.avif","non-photographic diagram, infographic, illustration, or mixed visual style"
"review","meeting-room","zoom.avif","/word-images/meeting-room/zoom.avif","non-photographic diagram, infographic, illustration, or mixed visual style"
"review","meeting-room","teams.avif","/word-images/meeting-room/teams.avif","non-photographic diagram, infographic, illustration, or mixed visual style"
"review","meeting-room","screen-share.avif","/word-images/meeting-room/screen-share.avif","non-photographic diagram, infographic, illustration, or mixed visual style"
"review","meeting-room","mute.avif","/word-images/meeting-room/mute.avif","non-photographic diagram, infographic, illustration, or mixed visual style"
"review","meeting-room","unmute.avif","/word-images/meeting-room/unmute.avif","non-photographic diagram, infographic, illustration, or mixed visual style"
"review","meeting-room","chat.avif","/word-images/meeting-room/chat.avif","non-photographic diagram, infographic, illustration, or mixed visual style"
"review","meeting-room","breakout-room.avif","/word-images/meeting-room/breakout-room.avif","non-photographic diagram, infographic, illustration, or mixed visual style"
"review","meeting-room","waiting-room.avif","/word-images/meeting-room/waiting-room.avif","non-photographic diagram, infographic, illustration, or mixed visual style"
"review","meeting-room","recording.avif","/word-images/meeting-room/recording.avif","non-photographic diagram, infographic, illustration, or mixed visual style"
"review","meeting-room","virtual-background.avif","/word-images/meeting-room/virtual-background.avif","non-photographic diagram, infographic, illustration, or mixed visual style"
"review","money-currency","coin.avif","/word-images/money-currency/coin.avif","non-photographic diagram, infographic, illustration, or mixed visual style"
"review","money-currency","bill.avif","/word-images/money-currency/bill.avif","non-photographic diagram, infographic, illustration, or mixed visual style"
"review","money-currency","penny.avif","/word-images/money-currency/penny.avif","non-photographic diagram, infographic, illustration, or mixed visual style"
"review","money-currency","nickel.avif","/word-images/money-currency/nickel.avif","non-photographic diagram, infographic, illustration, or mixed visual style"
"review","money-currency","dime.avif","/word-images/money-currency/dime.avif","non-photographic diagram, infographic, illustration, or mixed visual style"
"review","money-currency","quarter.avif","/word-images/money-currency/quarter.avif","non-photographic diagram, infographic, illustration, or mixed visual style"
"review","money-currency","dollar.avif","/word-images/money-currency/dollar.avif","non-photographic diagram, infographic, illustration, or mixed visual style"
"review","money-currency","euro.avif","/word-images/money-currency/euro.avif","non-photographic diagram, infographic, illustration, or mixed visual style"
"review","money-currency","pound.avif","/word-images/money-currency/pound.avif","non-photographic diagram, infographic, illustration, or mixed visual style"
"review","money-currency","yen.avif","/word-images/money-currency/yen.avif","non-photographic diagram, infographic, illustration, or mixed visual style"
"review","money-currency","bank-account.avif","/word-images/money-currency/bank-account.avif","non-photographic diagram, infographic, illustration, or mixed visual style"
"review","money-currency","savings.avif","/word-images/money-currency/savings.avif","non-photographic diagram, infographic, illustration, or mixed visual style"
"review","money-currency","checking.avif","/word-images/money-currency/checking.avif","non-photographic diagram, infographic, illustration, or mixed visual style"
"review","money-currency","deposit.avif","/word-images/money-currency/deposit.avif","non-photographic diagram, infographic, illustration, or mixed visual style"
"review","money-currency","withdrawal.avif","/word-images/money-currency/withdrawal.avif","non-photographic diagram, infographic, illustration, or mixed visual style"
"review","money-currency","atm.avif","/word-images/money-currency/atm.avif","non-photographic diagram, infographic, illustration, or mixed visual style"
"review","money-currency","balance.avif","/word-images/money-currency/balance.avif","non-photographic diagram, infographic, illustration, or mixed visual style"
"review","money-currency","statement.avif","/word-images/money-currency/statement.avif","non-photographic diagram, infographic, illustration, or mixed visual style"
"review","money-currency","interest.avif","/word-images/money-currency/interest.avif","non-photographic diagram, infographic, illustration, or mixed visual style"
"review","money-currency","transfer.avif","/word-images/money-currency/transfer.avif","non-photographic diagram, infographic, illustration, or mixed visual style"
"review","money-currency","cash.avif","/word-images/money-currency/cash.avif","non-photographic diagram, infographic, illustration, or mixed visual style"
"review","money-currency","credit-card.avif","/word-images/money-currency/credit-card.avif","non-photographic diagram, infographic, illustration, or mixed visual style"
"review","money-currency","debit-card.avif","/word-images/money-currency/debit-card.avif","non-photographic diagram, infographic, illustration, or mixed visual style"
"review","money-currency","check.avif","/word-images/money-currency/check.avif","non-photographic diagram, infographic, illustration, or mixed visual style"
"review","money-currency","receipt.avif","/word-images/money-currency/receipt.avif","non-photographic diagram, infographic, illustration, or mixed visual style"
"review","money-currency","change.avif","/word-images/money-currency/change.avif","non-photographic diagram, infographic, illustration, or mixed visual style"
"review","money-currency","tip.avif","/word-images/money-currency/tip.avif","non-photographic diagram, infographic, illustration, or mixed visual style"
"review","money-currency","invoice.avif","/word-images/money-currency/invoice.avif","non-photographic diagram, infographic, illustration, or mixed visual style"
"review","money-currency","wallet.avif","/word-images/money-currency/wallet.avif","non-photographic diagram, infographic, illustration, or mixed visual style"
"review","money-currency","price.avif","/word-images/money-currency/price.avif","non-photographic diagram, infographic, illustration, or mixed visual style"
"review","money-currency","cost.avif","/word-images/money-currency/cost.avif","non-photographic diagram, infographic, illustration, or mixed visual style"
"review","money-currency","discount.avif","/word-images/money-currency/discount.avif","non-photographic diagram, infographic, illustration, or mixed visual style"
"review","money-currency","sale.avif","/word-images/money-currency/sale.avif","non-photographic diagram, infographic, illustration, or mixed visual style"
"review","money-currency","tax.avif","/word-images/money-currency/tax.avif","non-photographic diagram, infographic, illustration, or mixed visual style"
"review","money-currency","budget.avif","/word-images/money-currency/budget.avif","non-photographic diagram, infographic, illustration, or mixed visual style"
"review","money-currency","expense.avif","/word-images/money-currency/expense.avif","non-photographic diagram, infographic, illustration, or mixed visual style"
"review","money-currency","affordable.avif","/word-images/money-currency/affordable.avif","non-photographic diagram, infographic, illustration, or mixed visual style"
"review","money-currency","expensive.avif","/word-images/money-currency/expensive.avif","non-photographic diagram, infographic, illustration, or mixed visual style"
"review","money-currency","cheap.avif","/word-images/money-currency/cheap.avif","non-photographic diagram, infographic, illustration, or mixed visual style"
"review","money-currency","income.avif","/word-images/money-currency/income.avif","non-photographic diagram, infographic, illustration, or mixed visual style"
"review","money-currency","salary.avif","/word-images/money-currency/salary.avif","non-photographic diagram, infographic, illustration, or mixed visual style"
"review","money-currency","wage.avif","/word-images/money-currency/wage.avif","non-photographic diagram, infographic, illustration, or mixed visual style"
"review","money-currency","debt.avif","/word-images/money-currency/debt.avif","non-photographic diagram, infographic, illustration, or mixed visual style"
"review","money-currency","loan.avif","/word-images/money-currency/loan.avif","non-photographic diagram, infographic, illustration, or mixed visual style"
"review","money-currency","mortgage.avif","/word-images/money-currency/mortgage.avif","non-photographic diagram, infographic, illustration, or mixed visual style"
"review","money-currency","insurance.avif","/word-images/money-currency/insurance.avif","non-photographic diagram, infographic, illustration, or mixed visual style"
"review","money-currency","investment.avif","/word-images/money-currency/investment.avif","non-photographic diagram, infographic, illustration, or mixed visual style"
"review","money-currency","profit.avif","/word-images/money-currency/profit.avif","non-photographic diagram, infographic, illustration, or mixed visual style"
"review","money-currency","loss.avif","/word-images/money-currency/loss.avif","non-photographic diagram, infographic, illustration, or mixed visual style"
"review","rights-regulations","freedom-of-speech.avif","/word-images/rights-regulations/freedom-of-speech.avif","non-photographic diagram, infographic, illustration, or mixed visual style"
"review","rights-regulations","right-to-privacy.avif","/word-images/rights-regulations/right-to-privacy.avif","non-photographic diagram, infographic, illustration, or mixed visual style"
"review","rights-regulations","due-process.avif","/word-images/rights-regulations/due-process.avif","non-photographic diagram, infographic, illustration, or mixed visual style"
"review","rights-regulations","equal-protection.avif","/word-images/rights-regulations/equal-protection.avif","non-photographic diagram, infographic, illustration, or mixed visual style"
"review","rights-regulations","right-to-vote.avif","/word-images/rights-regulations/right-to-vote.avif","non-photographic diagram, infographic, illustration, or mixed visual style"
"review","rights-regulations","freedom-of-religion.avif","/word-images/rights-regulations/freedom-of-religion.avif","non-photographic diagram, infographic, illustration, or mixed visual style"
"review","rights-regulations","right-to-counsel.avif","/word-images/rights-regulations/right-to-counsel.avif","non-photographic diagram, infographic, illustration, or mixed visual style"
"review","rights-regulations","right-to-assembly.avif","/word-images/rights-regulations/right-to-assembly.avif","non-photographic diagram, infographic, illustration, or mixed visual style"
"review","rights-regulations","right-to-petition.avif","/word-images/rights-regulations/right-to-petition.avif","non-photographic diagram, infographic, illustration, or mixed visual style"
"review","rights-regulations","fair-trial.avif","/word-images/rights-regulations/fair-trial.avif","non-photographic diagram, infographic, illustration, or mixed visual style"
"review","rights-regulations","liability.avif","/word-images/rights-regulations/liability.avif","non-photographic diagram, infographic, illustration, or mixed visual style"
"review","rights-regulations","negligence.avif","/word-images/rights-regulations/negligence.avif","non-photographic diagram, infographic, illustration, or mixed visual style"
"review","rights-regulations","jurisdiction.avif","/word-images/rights-regulations/jurisdiction.avif","non-photographic diagram, infographic, illustration, or mixed visual style"
"review","rights-regulations","precedent.avif","/word-images/rights-regulations/precedent.avif","non-photographic diagram, infographic, illustration, or mixed visual style"
"review","rights-regulations","statute.avif","/word-images/rights-regulations/statute.avif","non-photographic diagram, infographic, illustration, or mixed visual style"
"review","rights-regulations","ordinance.avif","/word-images/rights-regulations/ordinance.avif","non-photographic diagram, infographic, illustration, or mixed visual style"
"review","rights-regulations","regulation.avif","/word-images/rights-regulations/regulation.avif","non-photographic diagram, infographic, illustration, or mixed visual style"
"review","rights-regulations","compliance.avif","/word-images/rights-regulations/compliance.avif","non-photographic diagram, infographic, illustration, or mixed visual style"
"review","rights-regulations","enforcement.avif","/word-images/rights-regulations/enforcement.avif","non-photographic diagram, infographic, illustration, or mixed visual style"
"review","rights-regulations","adjudication.avif","/word-images/rights-regulations/adjudication.avif","non-photographic diagram, infographic, illustration, or mixed visual style"
"review","rights-regulations","arrest.avif","/word-images/rights-regulations/arrest.avif","non-photographic diagram, infographic, illustration, or mixed visual style"
"review","rights-regulations","charge.avif","/word-images/rights-regulations/charge.avif","non-photographic diagram, infographic, illustration, or mixed visual style"
"review","rights-regulations","bail.avif","/word-images/rights-regulations/bail.avif","non-photographic diagram, infographic, illustration, or mixed visual style"
"review","rights-regulations","plea.avif","/word-images/rights-regulations/plea.avif","non-photographic diagram, infographic, illustration, or mixed visual style"
"review","rights-regulations","conviction.avif","/word-images/rights-regulations/conviction.avif","non-photographic diagram, infographic, illustration, or mixed visual style"
"review","rights-regulations","acquittal.avif","/word-images/rights-regulations/acquittal.avif","non-photographic diagram, infographic, illustration, or mixed visual style"
"review","rights-regulations","parole.avif","/word-images/rights-regulations/parole.avif","non-photographic diagram, infographic, illustration, or mixed visual style"
"review","rights-regulations","probation.avif","/word-images/rights-regulations/probation.avif","non-photographic diagram, infographic, illustration, or mixed visual style"
"review","rights-regulations","sentence.avif","/word-images/rights-regulations/sentence.avif","non-photographic diagram, infographic, illustration, or mixed visual style"
"review","rights-regulations","appeal.avif","/word-images/rights-regulations/appeal.avif","non-photographic diagram, infographic, illustration, or mixed visual style"
"review","rights-regulations","treaty.avif","/word-images/rights-regulations/treaty.avif","non-photographic diagram, infographic, illustration, or mixed visual style"
"review","rights-regulations","convention.avif","/word-images/rights-regulations/convention.avif","non-photographic diagram, infographic, illustration, or mixed visual style"
"review","rights-regulations","sovereignty.avif","/word-images/rights-regulations/sovereignty.avif","non-photographic diagram, infographic, illustration, or mixed visual style"
"review","rights-regulations","diplomacy.avif","/word-images/rights-regulations/diplomacy.avif","non-photographic diagram, infographic, illustration, or mixed visual style"
"review","rights-regulations","sanctions.avif","/word-images/rights-regulations/sanctions.avif","non-photographic diagram, infographic, illustration, or mixed visual style"
"review","rights-regulations","extradition.avif","/word-images/rights-regulations/extradition.avif","non-photographic diagram, infographic, illustration, or mixed visual style"
"review","rights-regulations","asylum.avif","/word-images/rights-regulations/asylum.avif","non-photographic diagram, infographic, illustration, or mixed visual style"
"review","rights-regulations","refugee.avif","/word-images/rights-regulations/refugee.avif","non-photographic diagram, infographic, illustration, or mixed visual style"
"review","rights-regulations","human-rights.avif","/word-images/rights-regulations/human-rights.avif","non-photographic diagram, infographic, illustration, or mixed visual style"
"review","rights-regulations","geneva-convention.avif","/word-images/rights-regulations/geneva-convention.avif","non-photographic diagram, infographic, illustration, or mixed visual style"
"review","shapes-geometry","circle.avif","/word-images/shapes-geometry/circle.avif","non-photographic diagram, infographic, illustration, or mixed visual style"
"review","shapes-geometry","square.avif","/word-images/shapes-geometry/square.avif","non-photographic diagram, infographic, illustration, or mixed visual style"
"review","shapes-geometry","triangle.avif","/word-images/shapes-geometry/triangle.avif","non-photographic diagram, infographic, illustration, or mixed visual style"
"review","shapes-geometry","rectangle.avif","/word-images/shapes-geometry/rectangle.avif","non-photographic diagram, infographic, illustration, or mixed visual style"
"review","shapes-geometry","oval.avif","/word-images/shapes-geometry/oval.avif","non-photographic diagram, infographic, illustration, or mixed visual style"
"review","shapes-geometry","diamond.avif","/word-images/shapes-geometry/diamond.avif","non-photographic diagram, infographic, illustration, or mixed visual style"
"review","shapes-geometry","pentagon.avif","/word-images/shapes-geometry/pentagon.avif","non-photographic diagram, infographic, illustration, or mixed visual style"
"review","shapes-geometry","hexagon.avif","/word-images/shapes-geometry/hexagon.avif","non-photographic diagram, infographic, illustration, or mixed visual style"
"review","shapes-geometry","octagon.avif","/word-images/shapes-geometry/octagon.avif","non-photographic diagram, infographic, illustration, or mixed visual style"
"review","shapes-geometry","star.avif","/word-images/shapes-geometry/star.avif","non-photographic diagram, infographic, illustration, or mixed visual style"
"review","shapes-geometry","sphere.avif","/word-images/shapes-geometry/sphere.avif","non-photographic diagram, infographic, illustration, or mixed visual style"
"review","shapes-geometry","cube.avif","/word-images/shapes-geometry/cube.avif","non-photographic diagram, infographic, illustration, or mixed visual style"
"review","shapes-geometry","cylinder.avif","/word-images/shapes-geometry/cylinder.avif","non-photographic diagram, infographic, illustration, or mixed visual style"
"review","shapes-geometry","cone.avif","/word-images/shapes-geometry/cone.avif","non-photographic diagram, infographic, illustration, or mixed visual style"
"review","shapes-geometry","pyramid.avif","/word-images/shapes-geometry/pyramid.avif","non-photographic diagram, infographic, illustration, or mixed visual style"
"review","shapes-geometry","prism.avif","/word-images/shapes-geometry/prism.avif","non-photographic diagram, infographic, illustration, or mixed visual style"
"review","shapes-geometry","cuboid.avif","/word-images/shapes-geometry/cuboid.avif","non-photographic diagram, infographic, illustration, or mixed visual style"
"review","shapes-geometry","hemisphere.avif","/word-images/shapes-geometry/hemisphere.avif","non-photographic diagram, infographic, illustration, or mixed visual style"
"review","shapes-geometry","torus.avif","/word-images/shapes-geometry/torus.avif","non-photographic diagram, infographic, illustration, or mixed visual style"
"review","shapes-geometry","tetrahedron.avif","/word-images/shapes-geometry/tetrahedron.avif","non-photographic diagram, infographic, illustration, or mixed visual style"
"review","shapes-geometry","line.avif","/word-images/shapes-geometry/line.avif","non-photographic diagram, infographic, illustration, or mixed visual style"
"review","shapes-geometry","curve.avif","/word-images/shapes-geometry/curve.avif","non-photographic diagram, infographic, illustration, or mixed visual style"
"review","shapes-geometry","straight.avif","/word-images/shapes-geometry/straight.avif","non-photographic diagram, infographic, illustration, or mixed visual style"
"review","shapes-geometry","zigzag.avif","/word-images/shapes-geometry/zigzag.avif","non-photographic diagram, infographic, illustration, or mixed visual style"
"review","shapes-geometry","spiral.avif","/word-images/shapes-geometry/spiral.avif","non-photographic diagram, infographic, illustration, or mixed visual style"
"review","shapes-geometry","right-angle.avif","/word-images/shapes-geometry/right-angle.avif","non-photographic diagram, infographic, illustration, or mixed visual style"
"review","shapes-geometry","acute-angle.avif","/word-images/shapes-geometry/acute-angle.avif","non-photographic diagram, infographic, illustration, or mixed visual style"
"review","shapes-geometry","obtuse-angle.avif","/word-images/shapes-geometry/obtuse-angle.avif","non-photographic diagram, infographic, illustration, or mixed visual style"
"review","shapes-geometry","parallel.avif","/word-images/shapes-geometry/parallel.avif","non-photographic diagram, infographic, illustration, or mixed visual style"
"review","shapes-geometry","perpendicular.avif","/word-images/shapes-geometry/perpendicular.avif","non-photographic diagram, infographic, illustration, or mixed visual style"
"review","shapes-geometry","area.avif","/word-images/shapes-geometry/area.avif","non-photographic diagram, infographic, illustration, or mixed visual style"
"review","shapes-geometry","perimeter.avif","/word-images/shapes-geometry/perimeter.avif","non-photographic diagram, infographic, illustration, or mixed visual style"
"review","shapes-geometry","volume.avif","/word-images/shapes-geometry/volume.avif","non-photographic diagram, infographic, illustration, or mixed visual style"
"review","shapes-geometry","radius.avif","/word-images/shapes-geometry/radius.avif","non-photographic diagram, infographic, illustration, or mixed visual style"
"review","shapes-geometry","diameter.avif","/word-images/shapes-geometry/diameter.avif","non-photographic diagram, infographic, illustration, or mixed visual style"
"review","shapes-geometry","circumference.avif","/word-images/shapes-geometry/circumference.avif","non-photographic diagram, infographic, illustration, or mixed visual style"
"review","shapes-geometry","diagonal.avif","/word-images/shapes-geometry/diagonal.avif","non-photographic diagram, infographic, illustration, or mixed visual style"
"review","shapes-geometry","symmetry.avif","/word-images/shapes-geometry/symmetry.avif","non-photographic diagram, infographic, illustration, or mixed visual style"
"review","shapes-geometry","vertex.avif","/word-images/shapes-geometry/vertex.avif","non-photographic diagram, infographic, illustration, or mixed visual style"
"review","shapes-geometry","edge.avif","/word-images/shapes-geometry/edge.avif","non-photographic diagram, infographic, illustration, or mixed visual style"
"review","shapes-geometry","repeat.avif","/word-images/shapes-geometry/repeat.avif","non-photographic diagram, infographic, illustration, or mixed visual style"
"review","shapes-geometry","sequence.avif","/word-images/shapes-geometry/sequence.avif","non-photographic diagram, infographic, illustration, or mixed visual style"
"review","shapes-geometry","pattern.avif","/word-images/shapes-geometry/pattern.avif","non-photographic diagram, infographic, illustration, or mixed visual style"
"review","shapes-geometry","tessellation.avif","/word-images/shapes-geometry/tessellation.avif","non-photographic diagram, infographic, illustration, or mixed visual style"
"review","shapes-geometry","fractal.avif","/word-images/shapes-geometry/fractal.avif","non-photographic diagram, infographic, illustration, or mixed visual style"
"review","shapes-geometry","grid.avif","/word-images/shapes-geometry/grid.avif","non-photographic diagram, infographic, illustration, or mixed visual style"
"review","shapes-geometry","array.avif","/word-images/shapes-geometry/array.avif","non-photographic diagram, infographic, illustration, or mixed visual style"
"review","shapes-geometry","matrix.avif","/word-images/shapes-geometry/matrix.avif","non-photographic diagram, infographic, illustration, or mixed visual style"
"review","shapes-geometry","mosaic.avif","/word-images/shapes-geometry/mosaic.avif","non-photographic diagram, infographic, illustration, or mixed visual style"
"review","shapes-geometry","kaleidoscope.avif","/word-images/shapes-geometry/kaleidoscope.avif","non-photographic diagram, infographic, illustration, or mixed visual style"
"review","stock-exchange","bull-market.avif","/word-images/stock-exchange/bull-market.avif","non-photographic diagram, infographic, illustration, or mixed visual style"
"review","stock-exchange","bear-market.avif","/word-images/stock-exchange/bear-market.avif","non-photographic diagram, infographic, illustration, or mixed visual style"
"review","stock-exchange","ipo.avif","/word-images/stock-exchange/ipo.avif","non-photographic diagram, infographic, illustration, or mixed visual style"
"review","stock-exchange","market-cap.avif","/word-images/stock-exchange/market-cap.avif","non-photographic diagram, infographic, illustration, or mixed visual style"
"review","stock-exchange","volume.avif","/word-images/stock-exchange/volume.avif","non-photographic diagram, infographic, illustration, or mixed visual style"
"review","stock-exchange","volatility.avif","/word-images/stock-exchange/volatility.avif","non-photographic diagram, infographic, illustration, or mixed visual style"
"review","stock-exchange","index.avif","/word-images/stock-exchange/index.avif","non-photographic diagram, infographic, illustration, or mixed visual style"
"review","stock-exchange","nasdaq.avif","/word-images/stock-exchange/nasdaq.avif","non-photographic diagram, infographic, illustration, or mixed visual style"
"review","stock-exchange","nyse.avif","/word-images/stock-exchange/nyse.avif","non-photographic diagram, infographic, illustration, or mixed visual style"
"review","stock-exchange","dow-jones.avif","/word-images/stock-exchange/dow-jones.avif","non-photographic diagram, infographic, illustration, or mixed visual style"
"review","stock-exchange","buy.avif","/word-images/stock-exchange/buy.avif","non-photographic diagram, infographic, illustration, or mixed visual style"
"review","stock-exchange","sell.avif","/word-images/stock-exchange/sell.avif","non-photographic diagram, infographic, illustration, or mixed visual style"
"review","stock-exchange","trade.avif","/word-images/stock-exchange/trade.avif","non-photographic diagram, infographic, illustration, or mixed visual style"
"review","stock-exchange","bid.avif","/word-images/stock-exchange/bid.avif","non-photographic diagram, infographic, illustration, or mixed visual style"
"review","stock-exchange","ask.avif","/word-images/stock-exchange/ask.avif","non-photographic diagram, infographic, illustration, or mixed visual style"
"review","stock-exchange","spread.avif","/word-images/stock-exchange/spread.avif","non-photographic diagram, infographic, illustration, or mixed visual style"
"review","stock-exchange","limit-order.avif","/word-images/stock-exchange/limit-order.avif","non-photographic diagram, infographic, illustration, or mixed visual style"
"review","stock-exchange","market-order.avif","/word-images/stock-exchange/market-order.avif","non-photographic diagram, infographic, illustration, or mixed visual style"
"review","stock-exchange","stop-loss.avif","/word-images/stock-exchange/stop-loss.avif","non-photographic diagram, infographic, illustration, or mixed visual style"
"review","stock-exchange","short-selling.avif","/word-images/stock-exchange/short-selling.avif","non-photographic diagram, infographic, illustration, or mixed visual style"
"review","stock-exchange","technical-analysis.avif","/word-images/stock-exchange/technical-analysis.avif","non-photographic diagram, infographic, illustration, or mixed visual style"
"review","stock-exchange","fundamental-analysis.avif","/word-images/stock-exchange/fundamental-analysis.avif","non-photographic diagram, infographic, illustration, or mixed visual style"
"review","stock-exchange","p-e-ratio.avif","/word-images/stock-exchange/p-e-ratio.avif","non-photographic diagram, infographic, illustration, or mixed visual style"
"review","stock-exchange","earnings-report.avif","/word-images/stock-exchange/earnings-report.avif","non-photographic diagram, infographic, illustration, or mixed visual style"
"review","stock-exchange","revenue.avif","/word-images/stock-exchange/revenue.avif","non-photographic diagram, infographic, illustration, or mixed visual style"
"review","stock-exchange","profit-margin.avif","/word-images/stock-exchange/profit-margin.avif","non-photographic diagram, infographic, illustration, or mixed visual style"
"review","stock-exchange","balance-sheet.avif","/word-images/stock-exchange/balance-sheet.avif","non-photographic diagram, infographic, illustration, or mixed visual style"
"review","stock-exchange","cash-flow.avif","/word-images/stock-exchange/cash-flow.avif","non-photographic diagram, infographic, illustration, or mixed visual style"
"review","stock-exchange","market-trend.avif","/word-images/stock-exchange/market-trend.avif","non-photographic diagram, infographic, illustration, or mixed visual style"
"review","stock-exchange","forecast.avif","/word-images/stock-exchange/forecast.avif","non-photographic diagram, infographic, illustration, or mixed visual style"
"review","stock-exchange","trader.avif","/word-images/stock-exchange/trader.avif","non-photographic diagram, infographic, illustration, or mixed visual style"
"review","stock-exchange","broker.avif","/word-images/stock-exchange/broker.avif","non-photographic diagram, infographic, illustration, or mixed visual style"
"review","stock-exchange","analyst.avif","/word-images/stock-exchange/analyst.avif","non-photographic diagram, infographic, illustration, or mixed visual style"
"review","stock-exchange","floor.avif","/word-images/stock-exchange/floor.avif","non-photographic diagram, infographic, illustration, or mixed visual style"
"review","stock-exchange","bell.avif","/word-images/stock-exchange/bell.avif","non-photographic diagram, infographic, illustration, or mixed visual style"
"review","stock-exchange","ticker.avif","/word-images/stock-exchange/ticker.avif","non-photographic diagram, infographic, illustration, or mixed visual style"
"review","stock-exchange","screen.avif","/word-images/stock-exchange/screen.avif","non-photographic diagram, infographic, illustration, or mixed visual style"
"review","stock-exchange","trading-desk.avif","/word-images/stock-exchange/trading-desk.avif","non-photographic diagram, infographic, illustration, or mixed visual style"
"review","stock-exchange","pit.avif","/word-images/stock-exchange/pit.avif","non-photographic diagram, infographic, illustration, or mixed visual style"
"review","stock-exchange","exchange-rate.avif","/word-images/stock-exchange/exchange-rate.avif","non-photographic diagram, infographic, illustration, or mixed visual style"
