scene_id,production_priority,production_status,unit_id,unit_name,unit_order,lesson_id,lesson_name,lesson_order,global_order,cefr,scene_number,image_name,image_path,short_name,target_words,scenario,image_brief,generation_prompt,image_alt,alt_text_status,check_question,check_answer,check_options,content_issue
numbers-counting-1-usage-scene-1,6,editorial review required,numbers-counting,Numbers & Counting,1,numbers-counting-1,Numbers & Counting 1,1,1,Pre-A1,1,numbers-counting-1-scene-1.avif,./learning-scenes/numbers-counting/numbers-counting-1-scene-1.avif,Numbers & Counting — Numbers & Counting 1 — Scene 1,One | Two | Three,"I have one book, two pens, and three pencils.","Bright desk scene with exactly 1 book, 2 pens, and 3 pencils, clearly visible and easy to count.","Create one clean, realistic, adult-oriented 4:3 learning scene for Numbers & Counting. Represent these targets clearly and with equal visual importance: One, Two, Three. Bright desk scene with exactly 1 book, 2 pens, and 3 pencils, clearly visible and easy to count. Keep the main subjects safely centered for object-cover cropping. Use a natural contemporary setting and avoid stereotypes or child-oriented styling. Do not include visible words, letters, numerals, captions, labels, borders, logos, or watermarks. Do not visually reveal which option answers the assessment question.",,needed after image selection,How many pencils do I have?,Three,One | Two | Three,
numbers-counting-1-usage-scene-2,6,editorial review required,numbers-counting,Numbers & Counting,1,numbers-counting-1,Numbers & Counting 1,1,1,Pre-A1,2,numbers-counting-1-scene-2.avif,./learning-scenes/numbers-counting/numbers-counting-1-scene-2.avif,Numbers & Counting — Numbers & Counting 1 — Scene 2,Four | Five | Six,"I see four chairs, five bags, and six books.","Simple classroom scene with 4 chairs, 5 bags, and 6 books. Keep the layout uncluttered.","Create one clean, realistic, adult-oriented 4:3 learning scene for Numbers & Counting. Represent these targets clearly and with equal visual importance: Four, Five, Six. Simple classroom scene with 4 chairs, 5 bags, and 6 books. Keep the layout uncluttered. Keep the main subjects safely centered for object-cover cropping. Use a natural contemporary setting and avoid stereotypes or child-oriented styling. Do not include visible words, letters, numerals, captions, labels, borders, logos, or watermarks. Do not visually reveal which option answers the assessment question.",,needed after image selection,How many bags are there?,Five,Four | Five | Six,
numbers-counting-1-usage-scene-3,6,editorial review required,numbers-counting,Numbers & Counting,1,numbers-counting-1,Numbers & Counting 1,1,1,Pre-A1,3,numbers-counting-1-scene-3.avif,./learning-scenes/numbers-counting/numbers-counting-1-scene-3.avif,Numbers & Counting — Numbers & Counting 1 — Scene 3,Seven | Eight | Nine,"There are seven apples, eight oranges, and nine bananas.","Clean fruit display showing 7 apples, 8 oranges, and 9 bananas in grouped rows.","Create one clean, realistic, adult-oriented 4:3 learning scene for Numbers & Counting. Represent these targets clearly and with equal visual importance: Seven, Eight, Nine. Clean fruit display showing 7 apples, 8 oranges, and 9 bananas in grouped rows. Keep the main subjects safely centered for object-cover cropping. Use a natural contemporary setting and avoid stereotypes or child-oriented styling. Do not include visible words, letters, numerals, captions, labels, borders, logos, or watermarks. Do not visually reveal which option answers the assessment question.",,needed after image selection,Which fruit has nine?,Nine,Seven | Eight | Nine,
numbers-counting-1-usage-scene-4,6,editorial review required,numbers-counting,Numbers & Counting,1,numbers-counting-1,Numbers & Counting 1,1,1,Pre-A1,4,numbers-counting-1-scene-4.avif,./learning-scenes/numbers-counting/numbers-counting-1-scene-4.avif,Numbers & Counting — Numbers & Counting 1 — Scene 4,Ten | Eleven | Twelve,"We have ten pencils, eleven notebooks, and twelve crayons.","Neat school-supplies illustration with 10 pencils, 11 notebooks, and 12 crayons.","Create one clean, realistic, adult-oriented 4:3 learning scene for Numbers & Counting. Represent these targets clearly and with equal visual importance: Ten, Eleven, Twelve. Neat school-supplies illustration with 10 pencils, 11 notebooks, and 12 crayons. Keep the main subjects safely centered for object-cover cropping. Use a natural contemporary setting and avoid stereotypes or child-oriented styling. Do not include visible words, letters, numerals, captions, labels, borders, logos, or watermarks. Do not visually reveal which option answers the assessment question.",,needed after image selection,How many notebooks do we have?,Eleven,Ten | Eleven | Twelve,
numbers-counting-1-usage-scene-5,6,editorial review required,numbers-counting,Numbers & Counting,1,numbers-counting-1,Numbers & Counting 1,1,1,Pre-A1,5,numbers-counting-1-scene-5.avif,./learning-scenes/numbers-counting/numbers-counting-1-scene-5.avif,Numbers & Counting — Numbers & Counting 1 — Scene 5,Thirteen | Fourteen | Fifteen,"I see thirteen stars, fourteen flowers, and fifteen balloons.","Playful celebration scene with 13 stars, 14 flowers, and 15 balloons, clear enough for counting.","Create one clean, realistic, adult-oriented 4:3 learning scene for Numbers & Counting. Represent these targets clearly and with equal visual importance: Thirteen, Fourteen, Fifteen. Playful celebration scene with 13 stars, 14 flowers, and 15 balloons, clear enough for counting. Keep the main subjects safely centered for object-cover cropping. Use a natural contemporary setting and avoid stereotypes or child-oriented styling. Do not include visible words, letters, numerals, captions, labels, borders, logos, or watermarks. Do not visually reveal which option answers the assessment question.",,needed after image selection,How many balloons are there?,Fifteen,Thirteen | Fourteen | Fifteen,
numbers-counting-2-usage-scene-1,6,editorial review required,numbers-counting,Numbers & Counting,1,numbers-counting-2,Numbers & Counting 2,2,2,Pre-A1,1,numbers-counting-2-scene-1.avif,./learning-scenes/numbers-counting/numbers-counting-2-scene-1.avif,Numbers & Counting — Numbers & Counting 2 — Scene 1,Sixteen | Seventeen | Eighteen,"Maya is sixteen, Adam is seventeen, and Omar is eighteen.","Three teens in a birthday or school setting representing ages 16, 17, and 18.","Create one clean, realistic, adult-oriented 4:3 learning scene for Numbers & Counting. Represent these targets clearly and with equal visual importance: Sixteen, Seventeen, Eighteen. Three teens in a birthday or school setting representing ages 16, 17, and 18. Keep the main subjects safely centered for object-cover cropping. Use a natural contemporary setting and avoid stereotypes or child-oriented styling. Do not include visible words, letters, numerals, captions, labels, borders, logos, or watermarks. Do not visually reveal which option answers the assessment question.",,needed after image selection,Who is eighteen?,Eighteen,Sixteen | Seventeen | Eighteen,
numbers-counting-2-usage-scene-2,6,editorial review required,numbers-counting,Numbers & Counting,1,numbers-counting-2,Numbers & Counting 2,2,2,Pre-A1,2,numbers-counting-2-scene-2.avif,./learning-scenes/numbers-counting/numbers-counting-2-scene-2.avif,Numbers & Counting — Numbers & Counting 2 — Scene 2,Nineteen | Twenty | Thirty,"I see nineteen balloons, twenty stars, and thirty stickers.","Decorative wall scene with 19 balloons, 20 stars, and 30 stickers arranged clearly.","Create one clean, realistic, adult-oriented 4:3 learning scene for Numbers & Counting. Represent these targets clearly and with equal visual importance: Nineteen, Twenty, Thirty. Decorative wall scene with 19 balloons, 20 stars, and 30 stickers arranged clearly. Keep the main subjects safely centered for object-cover cropping. Use a natural contemporary setting and avoid stereotypes or child-oriented styling. Do not include visible words, letters, numerals, captions, labels, borders, logos, or watermarks. Do not visually reveal which option answers the assessment question.",,needed after image selection,How many stars are there?,Twenty,Nineteen | Twenty | Thirty,
numbers-counting-2-usage-scene-3,6,editorial review required,numbers-counting,Numbers & Counting,1,numbers-counting-2,Numbers & Counting 2,2,2,Pre-A1,3,numbers-counting-2-scene-3.avif,./learning-scenes/numbers-counting/numbers-counting-2-scene-3.avif,Numbers & Counting — Numbers & Counting 2 — Scene 3,Forty | Fifty | Sixty,"The bus has forty seats, the room has fifty chairs, and the shelf has sixty books.","Three simple panels: a bus with 40 seats, a room with 50 chairs, and a shelf with 60 books.","Create one clean, realistic, adult-oriented 4:3 learning scene for Numbers & Counting. Represent these targets clearly and with equal visual importance: Forty, Fifty, Sixty. Three simple panels: a bus with 40 seats, a room with 50 chairs, and a shelf with 60 books. Keep the main subjects safely centered for object-cover cropping. Use a natural contemporary setting and avoid stereotypes or child-oriented styling. Do not include visible words, letters, numerals, captions, labels, borders, logos, or watermarks. Do not visually reveal which option answers the assessment question.",,needed after image selection,How many books are on the shelf?,Sixty,Forty | Fifty | Sixty,
numbers-counting-2-usage-scene-4,6,editorial review required,numbers-counting,Numbers & Counting,1,numbers-counting-2,Numbers & Counting 2,2,2,Pre-A1,4,numbers-counting-2-scene-4.avif,./learning-scenes/numbers-counting/numbers-counting-2-scene-4.avif,Numbers & Counting — Numbers & Counting 2 — Scene 4,Seventy | Eighty | Ninety,"The shop sells seventy pens, eighty notebooks, and ninety erasers.","Stationery shop scene with grouped pens, notebooks, and erasers representing 70, 80, and 90.","Create one clean, realistic, adult-oriented 4:3 learning scene for Numbers & Counting. Represent these targets clearly and with equal visual importance: Seventy, Eighty, Ninety. Stationery shop scene with grouped pens, notebooks, and erasers representing 70, 80, and 90. Keep the main subjects safely centered for object-cover cropping. Use a natural contemporary setting and avoid stereotypes or child-oriented styling. Do not include visible words, letters, numerals, captions, labels, borders, logos, or watermarks. Do not visually reveal which option answers the assessment question.",,needed after image selection,How many notebooks are there?,Eighty,Seventy | Eighty | Ninety,
numbers-counting-2-usage-scene-5,6,editorial review required,numbers-counting,Numbers & Counting,1,numbers-counting-2,Numbers & Counting 2,2,2,Pre-A1,5,numbers-counting-2-scene-5.avif,./learning-scenes/numbers-counting/numbers-counting-2-scene-5.avif,Numbers & Counting — Numbers & Counting 2 — Scene 5,Hundred | Thousand | Million,"One hundred is 100, one thousand is 1,000, and one million is 1,000,000.","Simple educational infographic card showing 100, 1,000, and 1,000,000 with the matching words.","Create one clean, realistic, adult-oriented 4:3 learning scene for Numbers & Counting. Represent these targets clearly and with equal visual importance: Hundred, Thousand, Million. Simple educational infographic card showing 100, 1,000, and 1,000,000 with the matching words. Keep the main subjects safely centered for object-cover cropping. Use a natural contemporary setting and avoid stereotypes or child-oriented styling. Do not include visible words, letters, numerals, captions, labels, borders, logos, or watermarks. Do not visually reveal which option answers the assessment question.",,needed after image selection,Which is the biggest number?,Million,Hundred | Thousand | Million,
numbers-counting-3-usage-scene-1,6,editorial review required,numbers-counting,Numbers & Counting,1,numbers-counting-3,Numbers & Counting 3,3,3,Pre-A1,1,numbers-counting-3-scene-1.avif,./learning-scenes/numbers-counting/numbers-counting-3-scene-1.avif,Numbers & Counting — Numbers & Counting 3 — Scene 1,First | Second | Third,"Lina is first, Omar is second, and Adam is third.","Sports-day race scene clearly showing 1st, 2nd, and 3rd place winners.","Create one clean, realistic, adult-oriented 4:3 learning scene for Numbers & Counting. Represent these targets clearly and with equal visual importance: First, Second, Third. Sports-day race scene clearly showing 1st, 2nd, and 3rd place winners. Keep the main subjects safely centered for object-cover cropping. Use a natural contemporary setting and avoid stereotypes or child-oriented styling. Do not include visible words, letters, numerals, captions, labels, borders, logos, or watermarks. Do not visually reveal which option answers the assessment question.",,needed after image selection,Who is second?,Second,First | Second | Third,
numbers-counting-3-usage-scene-2,6,editorial review required,numbers-counting,Numbers & Counting,1,numbers-counting-3,Numbers & Counting 3,3,3,Pre-A1,2,numbers-counting-3-scene-2.avif,./learning-scenes/numbers-counting/numbers-counting-3-scene-2.avif,Numbers & Counting — Numbers & Counting 3 — Scene 2,Fourth | Fifth | Sixth,"My classroom is on the fourth floor, this is my fifth book, and Ahmed is sixth in line.","Three small panels: fourth floor sign, fifth book in a stack, child sixth in line.","Create one clean, realistic, adult-oriented 4:3 learning scene for Numbers & Counting. Represent these targets clearly and with equal visual importance: Fourth, Fifth, Sixth. Three small panels: fourth floor sign, fifth book in a stack, child sixth in line. Keep the main subjects safely centered for object-cover cropping. Use a natural contemporary setting and avoid stereotypes or child-oriented styling. Do not include visible words, letters, numerals, captions, labels, borders, logos, or watermarks. Do not visually reveal which option answers the assessment question.",,needed after image selection,Which book is mine?,Fifth,Fourth | Fifth | Sixth,
numbers-counting-3-usage-scene-3,6,editorial review required,numbers-counting,Numbers & Counting,1,numbers-counting-3,Numbers & Counting 3,3,3,Pre-A1,3,numbers-counting-3-scene-3.avif,./learning-scenes/numbers-counting/numbers-counting-3-scene-3.avif,Numbers & Counting — Numbers & Counting 3 — Scene 3,Seventh | Eighth | Ninth | Tenth,"Today is my seventh lesson. Sara is eighth in line, Ali is ninth, and Omar is tenth.","Lineup of children or cards clearly showing 8th, 9th, and 10th positions.","Create one clean, realistic, adult-oriented 4:3 learning scene for Numbers & Counting. Represent these targets clearly and with equal visual importance: Seventh, Eighth, Ninth, Tenth. Lineup of children or cards clearly showing 8th, 9th, and 10th positions. Keep the main subjects safely centered for object-cover cropping. Use a natural contemporary setting and avoid stereotypes or child-oriented styling. Do not include visible words, letters, numerals, captions, labels, borders, logos, or watermarks. Do not visually reveal which option answers the assessment question.",,needed after image selection,Who is tenth?,Tenth,Seventh | Eighth | Ninth | Tenth,
numbers-counting-3-usage-scene-4,6,editorial review required,numbers-counting,Numbers & Counting,1,numbers-counting-3,Numbers & Counting 3,3,3,Pre-A1,4,numbers-counting-3-scene-4.avif,./learning-scenes/numbers-counting/numbers-counting-3-scene-4.avif,Numbers & Counting — Numbers & Counting 3 — Scene 4,Addition | Equals,Two plus three equals five.,Clean educational card showing 2 + 3 = 5 with the words addition and equals.,"Create one clean, realistic, adult-oriented 4:3 learning scene for Numbers & Counting. Represent these targets clearly and with equal visual importance: Addition, Equals. Clean educational card showing 2 + 3 = 5 with the words addition and equals. Keep the main subjects safely centered for object-cover cropping. Use a natural contemporary setting and avoid stereotypes or child-oriented styling. Do not include visible words, letters, numerals, captions, labels, borders, logos, or watermarks. Do not visually reveal which option answers the assessment question.",,needed after image selection,Which word connects the calculation to its result?,Equals,Addition | Equals,
numbers-counting-3-usage-scene-5,6,editorial review required,numbers-counting,Numbers & Counting,1,numbers-counting-3,Numbers & Counting 3,3,3,Pre-A1,5,numbers-counting-3-scene-5.avif,./learning-scenes/numbers-counting/numbers-counting-3-scene-5.avif,Numbers & Counting — Numbers & Counting 3 — Scene 5,Subtraction | Multiplication | Division,Five minus two equals three. Two times three equals six. Eight divided by two equals four.,"Three-panel math card for subtraction, multiplication, and division with one easy example each.","Create one clean, realistic, adult-oriented 4:3 learning scene for Numbers & Counting. Represent these targets clearly and with equal visual importance: Subtraction, Multiplication, Division. Three-panel math card for subtraction, multiplication, and division with one easy example each. Keep the main subjects safely centered for object-cover cropping. Use a natural contemporary setting and avoid stereotypes or child-oriented styling. Do not include visible words, letters, numerals, captions, labels, borders, logos, or watermarks. Do not visually reveal which option answers the assessment question.",,needed after image selection,Which operation is used in eight divided by two?,Division,Subtraction | Multiplication | Division,
numbers-counting-4-usage-scene-1,6,editorial review required,numbers-counting,Numbers & Counting,1,numbers-counting-4,Numbers & Counting 4,4,4,Pre-A1,1,numbers-counting-4-scene-1.avif,./learning-scenes/numbers-counting/numbers-counting-4-scene-1.avif,Numbers & Counting — Numbers & Counting 4 — Scene 1,Plus | Minus | Times,Two plus one is three. Four minus one is three. Two times two is four.,"Three simple math symbol cards for plus, minus, and times, each with one easy example.","Create one clean, realistic, adult-oriented 4:3 learning scene for Numbers & Counting. Represent these targets clearly and with equal visual importance: Plus, Minus, Times. Three simple math symbol cards for plus, minus, and times, each with one easy example. Keep the main subjects safely centered for object-cover cropping. Use a natural contemporary setting and avoid stereotypes or child-oriented styling. Do not include visible words, letters, numerals, captions, labels, borders, logos, or watermarks. Do not visually reveal which option answers the assessment question.",,needed after image selection,Which operation is used in four minus one?,Minus,Plus | Minus | Times,
numbers-counting-4-usage-scene-2,6,editorial review required,numbers-counting,Numbers & Counting,1,numbers-counting-4,Numbers & Counting 4,4,4,Pre-A1,2,numbers-counting-4-scene-2.avif,./learning-scenes/numbers-counting/numbers-counting-4-scene-2.avif,Numbers & Counting — Numbers & Counting 4 — Scene 2,Divided By | Percentage,Six divided by two is three. Fifty percent means half.,"Two-card set: one shows 6 ÷ 2 = 3, the other shows a circle half-filled to explain 50 percent.","Create one clean, realistic, adult-oriented 4:3 learning scene for Numbers & Counting. Represent these targets clearly and with equal visual importance: Divided By, Percentage. Two-card set: one shows 6 ÷ 2 = 3, the other shows a circle half-filled to explain 50 percent. Keep the main subjects safely centered for object-cover cropping. Use a natural contemporary setting and avoid stereotypes or child-oriented styling. Do not include visible words, letters, numerals, captions, labels, borders, logos, or watermarks. Do not visually reveal which option answers the assessment question.",,needed after image selection,Which concept describes fifty percent?,Percentage,Divided By | Percentage,
colors-1-usage-scene-1,6,editorial review required,colors,Colors,2,colors-1,Colors 1,1,5,Pre-A1,1,colors-1-scene-1.avif,./learning-scenes/colors/colors-1-scene-1.avif,Colors — Colors 1 — Scene 1,Red | Blue | Yellow,"I see a red apple, a blue bag, and a yellow bus.","Three everyday objects clearly showing red apple, blue bag, and yellow bus.","Create one clean, realistic, adult-oriented 4:3 learning scene for Colors. Represent these targets clearly and with equal visual importance: Red, Blue, Yellow. Three everyday objects clearly showing red apple, blue bag, and yellow bus. Keep the main subjects safely centered for object-cover cropping. Use a natural contemporary setting and avoid stereotypes or child-oriented styling. Do not include visible words, letters, numerals, captions, labels, borders, logos, or watermarks. Do not visually reveal which option answers the assessment question.",,needed after image selection,Which object is blue?,Blue,Red | Blue | Yellow,
colors-1-usage-scene-2,6,editorial review required,colors,Colors,2,colors-1,Colors 1,1,5,Pre-A1,2,colors-1-scene-2.avif,./learning-scenes/colors/colors-1-scene-2.avif,Colors — Colors 1 — Scene 2,Green | Orange | Purple,"The green leaf is small, the orange ball is round, and the purple kite is in the sky.","Outdoor scene with a green leaf, orange ball, and purple kite.","Create one clean, realistic, adult-oriented 4:3 learning scene for Colors. Represent these targets clearly and with equal visual importance: Green, Orange, Purple. Outdoor scene with a green leaf, orange ball, and purple kite. Keep the main subjects safely centered for object-cover cropping. Use a natural contemporary setting and avoid stereotypes or child-oriented styling. Do not include visible words, letters, numerals, captions, labels, borders, logos, or watermarks. Do not visually reveal which option answers the assessment question.",,needed after image selection,What color is the ball?,Orange,Green | Orange | Purple,
colors-1-usage-scene-3,6,editorial review required,colors,Colors,2,colors-1,Colors 1,1,5,Pre-A1,3,colors-1-scene-3.avif,./learning-scenes/colors/colors-1-scene-3.avif,Colors — Colors 1 — Scene 3,Pink | Brown | Black,"My pink toy is new, the brown table is big, and the black cat is sleeping.","Cozy home scene showing a pink toy, brown table, and black cat.","Create one clean, realistic, adult-oriented 4:3 learning scene for Colors. Represent these targets clearly and with equal visual importance: Pink, Brown, Black. Cozy home scene showing a pink toy, brown table, and black cat. Keep the main subjects safely centered for object-cover cropping. Use a natural contemporary setting and avoid stereotypes or child-oriented styling. Do not include visible words, letters, numerals, captions, labels, borders, logos, or watermarks. Do not visually reveal which option answers the assessment question.",,needed after image selection,Which animal is sleeping?,Black,Pink | Brown | Black,
colors-1-usage-scene-4,6,complete,colors,Colors,2,colors-1,Colors 1,1,5,Pre-A1,4,colors-1-scene-4.avif,./learning-scenes/colors/colors-1-scene-4.avif,Colors — Colors 1 — Scene 4,White | Cyan | Magenta,"The white cloud is high, the cyan shirt is clean, and the magenta flower is bright.","Scene or display showing a white cloud, cyan shirt, and magenta flower with very clear colors.","Create one clean, realistic, adult-oriented 4:3 learning scene for Colors. Represent these targets clearly and with equal visual importance: White, Cyan, Magenta. Scene or display showing a white cloud, cyan shirt, and magenta flower with very clear colors. Keep the main subjects safely centered for object-cover cropping. Use a natural contemporary setting and avoid stereotypes or child-oriented styling. Do not include visible words, letters, numerals, captions, labels, borders, logos, or watermarks. Do not visually reveal which option answers the assessment question.","A white cloud on the left, a bright blue-green shirt in the center, and a vivid reddish-purple flower on the right.",reviewed draft,What color is the shirt?,Cyan,White | Cyan | Magenta,
colors-1-usage-scene-5,6,editorial review required,colors,Colors,2,colors-1,Colors 1,1,5,Pre-A1,5,colors-1-scene-5.avif,./learning-scenes/colors/colors-1-scene-5.avif,Colors — Colors 1 — Scene 5,Lime | Teal | Indigo,"I have a lime pencil, a teal cup, and an indigo notebook.","Desk scene with a lime pencil, teal cup, and indigo notebook.","Create one clean, realistic, adult-oriented 4:3 learning scene for Colors. Represent these targets clearly and with equal visual importance: Lime, Teal, Indigo. Desk scene with a lime pencil, teal cup, and indigo notebook. Keep the main subjects safely centered for object-cover cropping. Use a natural contemporary setting and avoid stereotypes or child-oriented styling. Do not include visible words, letters, numerals, captions, labels, borders, logos, or watermarks. Do not visually reveal which option answers the assessment question.",,needed after image selection,Which item is indigo?,Indigo,Lime | Teal | Indigo,
colors-2-usage-scene-1,6,editorial review required,colors,Colors,2,colors-2,Colors 2,2,6,Pre-A1,1,colors-2-scene-1.avif,./learning-scenes/colors/colors-2-scene-1.avif,Colors — Colors 2 — Scene 1,Violet | Coral | Salmon,"The violet scarf is soft, the coral wall is pretty, and the salmon fish picture is bright.","Three easy objects or surfaces showing violet, coral, and salmon clearly.","Create one clean, realistic, adult-oriented 4:3 learning scene for Colors. Represent these targets clearly and with equal visual importance: Violet, Coral, Salmon. Three easy objects or surfaces showing violet, coral, and salmon clearly. Keep the main subjects safely centered for object-cover cropping. Use a natural contemporary setting and avoid stereotypes or child-oriented styling. Do not include visible words, letters, numerals, captions, labels, borders, logos, or watermarks. Do not visually reveal which option answers the assessment question.",,needed after image selection,Which item is violet?,Violet,Violet | Coral | Salmon,
colors-2-usage-scene-2,6,editorial review required,colors,Colors,2,colors-2,Colors 2,2,6,Pre-A1,2,colors-2-scene-2.avif,./learning-scenes/colors/colors-2-scene-2.avif,Colors — Colors 2 — Scene 2,Turquoise | Lavender | Light,"The turquoise cup is on the table, the lavender pillow is on the chair, and the light blue sky is clear.","Calm home scene with a turquoise cup, lavender pillow, and a light blue sky seen through a window.","Create one clean, realistic, adult-oriented 4:3 learning scene for Colors. Represent these targets clearly and with equal visual importance: Turquoise, Lavender, Light. Calm home scene with a turquoise cup, lavender pillow, and a light blue sky seen through a window. Keep the main subjects safely centered for object-cover cropping. Use a natural contemporary setting and avoid stereotypes or child-oriented styling. Do not include visible words, letters, numerals, captions, labels, borders, logos, or watermarks. Do not visually reveal which option answers the assessment question.",,needed after image selection,What is on the chair?,Lavender,Turquoise | Lavender | Light,
colors-2-usage-scene-3,6,editorial review required,colors,Colors,2,colors-2,Colors 2,2,6,Pre-A1,3,colors-2-scene-3.avif,./learning-scenes/colors/colors-2-scene-3.avif,Colors — Colors 2 — Scene 3,Dark | Bright | Dull,"This shirt is dark, that star is bright, and the old poster looks dull.","Three-panel comparison showing dark shirt, bright star, and dull poster.","Create one clean, realistic, adult-oriented 4:3 learning scene for Colors. Represent these targets clearly and with equal visual importance: Dark, Bright, Dull. Three-panel comparison showing dark shirt, bright star, and dull poster. Keep the main subjects safely centered for object-cover cropping. Use a natural contemporary setting and avoid stereotypes or child-oriented styling. Do not include visible words, letters, numerals, captions, labels, borders, logos, or watermarks. Do not visually reveal which option answers the assessment question.",,needed after image selection,Which thing looks dull?,Dull,Dark | Bright | Dull,
colors-2-usage-scene-4,6,editorial review required,colors,Colors,2,colors-2,Colors 2,2,6,Pre-A1,4,colors-2-scene-4.avif,./learning-scenes/colors/colors-2-scene-4.avif,Colors — Colors 2 — Scene 4,Vivid | Pale | Deep,"The vivid flower stands out, the pale pink wall is soft, and the deep green bottle is beautiful.","Simple comparison scene with vivid flower, pale wall, and deep green bottle.","Create one clean, realistic, adult-oriented 4:3 learning scene for Colors. Represent these targets clearly and with equal visual importance: Vivid, Pale, Deep. Simple comparison scene with vivid flower, pale wall, and deep green bottle. Keep the main subjects safely centered for object-cover cropping. Use a natural contemporary setting and avoid stereotypes or child-oriented styling. Do not include visible words, letters, numerals, captions, labels, borders, logos, or watermarks. Do not visually reveal which option answers the assessment question.",,needed after image selection,Which wall is soft?,Pale,Vivid | Pale | Deep,
colors-2-usage-scene-5,6,editorial review required,colors,Colors,2,colors-2,Colors 2,2,6,Pre-A1,5,colors-2-scene-5.avif,./learning-scenes/colors/colors-2-scene-5.avif,Colors — Colors 2 — Scene 5,Warm | Cool | Neutral,"Red and orange feel warm, blue feels cool, and gray looks neutral.","Friendly infographic showing warm colors, cool colors, and neutral gray.","Create one clean, realistic, adult-oriented 4:3 learning scene for Colors. Represent these targets clearly and with equal visual importance: Warm, Cool, Neutral. Friendly infographic showing warm colors, cool colors, and neutral gray. Keep the main subjects safely centered for object-cover cropping. Use a natural contemporary setting and avoid stereotypes or child-oriented styling. Do not include visible words, letters, numerals, captions, labels, borders, logos, or watermarks. Do not visually reveal which option answers the assessment question.",,needed after image selection,Which color feels cool?,Cool,Warm | Cool | Neutral,
colors-3-usage-scene-1,6,editorial review required,colors,Colors,2,colors-3,Colors 3,3,7,Pre-A1,1,colors-3-scene-1.avif,./learning-scenes/colors/colors-3-scene-1.avif,Colors — Colors 3 — Scene 1,Mix | Blend | Shade,"I mix blue and yellow, I blend the paint, and I make a darker shade.",Art desk scene showing paint being mixed and blended to create a darker shade.,"Create one clean, realistic, adult-oriented 4:3 learning scene for Colors. Represent these targets clearly and with equal visual importance: Mix, Blend, Shade. Art desk scene showing paint being mixed and blended to create a darker shade. Keep the main subjects safely centered for object-cover cropping. Use a natural contemporary setting and avoid stereotypes or child-oriented styling. Do not include visible words, letters, numerals, captions, labels, borders, logos, or watermarks. Do not visually reveal which option answers the assessment question.",,needed after image selection,What do I do after I mix the paint?,Blend,Mix | Blend | Shade,
colors-3-usage-scene-2,6,editorial review required,colors,Colors,2,colors-3,Colors 3,3,7,Pre-A1,2,colors-3-scene-2.avif,./learning-scenes/colors/colors-3-scene-2.avif,Colors — Colors 3 — Scene 2,Tint | Hue | Saturation,"White makes a light tint, blue is a cool hue, and strong color has high saturation.","Clean color-learning card explaining tint, hue, and saturation with swatches.","Create one clean, realistic, adult-oriented 4:3 learning scene for Colors. Represent these targets clearly and with equal visual importance: Tint, Hue, Saturation. Clean color-learning card explaining tint, hue, and saturation with swatches. Keep the main subjects safely centered for object-cover cropping. Use a natural contemporary setting and avoid stereotypes or child-oriented styling. Do not include visible words, letters, numerals, captions, labels, borders, logos, or watermarks. Do not visually reveal which option answers the assessment question.",,needed after image selection,Which word means a color made lighter with white?,Tint,Tint | Hue | Saturation,
colors-3-usage-scene-3,6,editorial review required,colors,Colors,2,colors-3,Colors 3,3,7,Pre-A1,3,colors-3-scene-3.avif,./learning-scenes/colors/colors-3-scene-3.avif,Colors — Colors 3 — Scene 3,Gradient | Rainbow,"The sky picture has a blue gradient, and the rainbow has many colors.",Simple scene with a sky gradient and a rainbow.,"Create one clean, realistic, adult-oriented 4:3 learning scene for Colors. Represent these targets clearly and with equal visual importance: Gradient, Rainbow. Simple scene with a sky gradient and a rainbow. Keep the main subjects safely centered for object-cover cropping. Use a natural contemporary setting and avoid stereotypes or child-oriented styling. Do not include visible words, letters, numerals, captions, labels, borders, logos, or watermarks. Do not visually reveal which option answers the assessment question.",,needed after image selection,What has many colors?,Rainbow,Gradient | Rainbow,
colors-3-usage-scene-4,6,editorial review required,colors,Colors,2,colors-3,Colors 3,3,7,Pre-A1,4,colors-3-scene-4.avif,./learning-scenes/colors/colors-3-scene-4.avif,Colors — Colors 3 — Scene 4,Spectrum | Pigment,"The spectrum shows many colors, and pigment gives paint its color.",Friendly visual card showing a color spectrum and pigment in paint.,"Create one clean, realistic, adult-oriented 4:3 learning scene for Colors. Represent these targets clearly and with equal visual importance: Spectrum, Pigment. Friendly visual card showing a color spectrum and pigment in paint. Keep the main subjects safely centered for object-cover cropping. Use a natural contemporary setting and avoid stereotypes or child-oriented styling. Do not include visible words, letters, numerals, captions, labels, borders, logos, or watermarks. Do not visually reveal which option answers the assessment question.",,needed after image selection,What gives paint its color?,Pigment,Spectrum | Pigment,
shapes-geometry-1-usage-scene-1,6,complete,shapes-geometry,Shapes & Geometry,3,shapes-geometry-1,Shapes & Geometry 1,1,8,Pre-A1,1,shapes-geometry-1-scene-1.avif,./learning-scenes/shapes-geometry/shapes-geometry-1-scene-1.avif,Shapes & Geometry — Shapes & Geometry 1 — Scene 1,Circle | Square | Triangle,"The clock is a circle, the window is a square, and the sign is a triangle.","Everyday-object scene linking a clock to a circle, a window to a square, and a sign to a triangle.","Create one clean, realistic, adult-oriented 4:3 learning scene for Shapes & Geometry. Represent these targets clearly and with equal visual importance: Circle, Square, Triangle. Everyday-object scene linking a clock to a circle, a window to a square, and a sign to a triangle. Keep the main subjects safely centered for object-cover cropping. Use a natural contemporary setting and avoid stereotypes or child-oriented styling. Do not include visible words, letters, numerals, captions, labels, borders, logos, or watermarks. Do not visually reveal which option answers the assessment question.","A clock, window, and road sign arranged in one uncluttered room scene.",reviewed draft,What shape is the sign?,Triangle,Circle | Square | Triangle,
shapes-geometry-1-usage-scene-2,6,complete,shapes-geometry,Shapes & Geometry,3,shapes-geometry-1,Shapes & Geometry 1,1,8,Pre-A1,2,shapes-geometry-1-scene-2.avif,./learning-scenes/shapes-geometry/shapes-geometry-1-scene-2.avif,Shapes & Geometry — Shapes & Geometry 1 — Scene 2,Rectangle | Oval | Diamond,"The door is a rectangle, the mirror is an oval, and the card is a diamond.","Clear scene with a rectangular door, oval mirror, and diamond-shaped card.","Create one clean, realistic, adult-oriented 4:3 learning scene for Shapes & Geometry. Represent these targets clearly and with equal visual importance: Rectangle, Oval, Diamond. Clear scene with a rectangular door, oval mirror, and diamond-shaped card. Keep the main subjects safely centered for object-cover cropping. Use a natural contemporary setting and avoid stereotypes or child-oriented styling. Do not include visible words, letters, numerals, captions, labels, borders, logos, or watermarks. Do not visually reveal which option answers the assessment question.","A wooden door, wall mirror, and plain card displayed side by side.",reviewed draft,What shape is the mirror?,Oval,Rectangle | Oval | Diamond,
shapes-geometry-1-usage-scene-3,6,complete,shapes-geometry,Shapes & Geometry,3,shapes-geometry-1,Shapes & Geometry 1,1,8,Pre-A1,3,shapes-geometry-1-scene-3.avif,./learning-scenes/shapes-geometry/shapes-geometry-1-scene-3.avif,Shapes & Geometry — Shapes & Geometry 1 — Scene 3,Pentagon | Hexagon | Octagon,"This tile is a pentagon, that tile is a hexagon, and the stop sign is an octagon.","Clean display of three labeled shapes or objects, including a recognizable octagon stop sign.","Create one clean, realistic, adult-oriented 4:3 learning scene for Shapes & Geometry. Represent these targets clearly and with equal visual importance: Pentagon, Hexagon, Octagon. Clean display of three labeled shapes or objects, including a recognizable octagon stop sign. Keep the main subjects safely centered for object-cover cropping. Use a natural contemporary setting and avoid stereotypes or child-oriented styling. Do not include visible words, letters, numerals, captions, labels, borders, logos, or watermarks. Do not visually reveal which option answers the assessment question.",Three blank roadside signs with visibly different outlines.,reviewed draft,Which shape is the stop sign?,Octagon,Pentagon | Hexagon | Octagon,
shapes-geometry-1-usage-scene-4,6,complete,shapes-geometry,Shapes & Geometry,3,shapes-geometry-1,Shapes & Geometry 1,1,8,Pre-A1,4,shapes-geometry-1-scene-4.avif,./learning-scenes/shapes-geometry/shapes-geometry-1-scene-4.avif,Shapes & Geometry — Shapes & Geometry 1 — Scene 4,Star | Sphere | Cube,"The star sticker shines, the ball is a sphere, and the box is a cube.","Simple scene with a star sticker, a ball, and a cube-shaped box.","Create one clean, realistic, adult-oriented 4:3 learning scene for Shapes & Geometry. Represent these targets clearly and with equal visual importance: Star, Sphere, Cube. Simple scene with a star sticker, a ball, and a cube-shaped box. Keep the main subjects safely centered for object-cover cropping. Use a natural contemporary setting and avoid stereotypes or child-oriented styling. Do not include visible words, letters, numerals, captions, labels, borders, logos, or watermarks. Do not visually reveal which option answers the assessment question.","A shiny sticker, round ball, and solid box on a clean tabletop.",reviewed draft,Which object is a sphere?,Sphere,Star | Sphere | Cube,
shapes-geometry-1-usage-scene-5,6,complete,shapes-geometry,Shapes & Geometry,3,shapes-geometry-1,Shapes & Geometry 1,1,8,Pre-A1,5,shapes-geometry-1-scene-5.avif,./learning-scenes/shapes-geometry/shapes-geometry-1-scene-5.avif,Shapes & Geometry — Shapes & Geometry 1 — Scene 5,Cylinder | Cone | Pyramid,"The can is a cylinder, the ice cream cone is a cone, and the toy block is a pyramid.","Scene with a can, an ice cream cone, and a pyramid toy block.","Create one clean, realistic, adult-oriented 4:3 learning scene for Shapes & Geometry. Represent these targets clearly and with equal visual importance: Cylinder, Cone, Pyramid. Scene with a can, an ice cream cone, and a pyramid toy block. Keep the main subjects safely centered for object-cover cropping. Use a natural contemporary setting and avoid stereotypes or child-oriented styling. Do not include visible words, letters, numerals, captions, labels, borders, logos, or watermarks. Do not visually reveal which option answers the assessment question.","A food can, ice cream cone, and pointed toy block on a table.",reviewed draft,What shape is the can?,Cylinder,Cylinder | Cone | Pyramid,
shapes-geometry-2-usage-scene-1,6,complete,shapes-geometry,Shapes & Geometry,3,shapes-geometry-2,Shapes & Geometry 2,2,9,Pre-A1,1,shapes-geometry-2-scene-1.avif,./learning-scenes/shapes-geometry/shapes-geometry-2-scene-1.avif,Shapes & Geometry — Shapes & Geometry 2 — Scene 1,Prism | Cuboid | Hemisphere,"The glass block is a prism, the box is a cuboid, and the bowl is a hemisphere.","Display of a prism, cuboid box, and hemisphere bowl with simple visual clarity.","Create one clean, realistic, adult-oriented 4:3 learning scene for Shapes & Geometry. Represent these targets clearly and with equal visual importance: Prism, Cuboid, Hemisphere. Display of a prism, cuboid box, and hemisphere bowl with simple visual clarity. Keep the main subjects safely centered for object-cover cropping. Use a natural contemporary setting and avoid stereotypes or child-oriented styling. Do not include visible words, letters, numerals, captions, labels, borders, logos, or watermarks. Do not visually reveal which option answers the assessment question.",Two wooden blocks and a rounded bowl displayed on a craft table.,reviewed draft,What shape is the bowl?,Hemisphere,Prism | Cuboid | Hemisphere,
shapes-geometry-2-usage-scene-2,6,complete,shapes-geometry,Shapes & Geometry,3,shapes-geometry-2,Shapes & Geometry 2,2,9,Pre-A1,2,shapes-geometry-2-scene-2.avif,./learning-scenes/shapes-geometry/shapes-geometry-2-scene-2.avif,Shapes & Geometry — Shapes & Geometry 2 — Scene 2,Torus | Tetrahedron | Line,"The ring is a torus, the model is a tetrahedron, and the pencil draws a line.","A ring-shaped torus, a tetrahedron model, and a pencil drawing a line.","Create one clean, realistic, adult-oriented 4:3 learning scene for Shapes & Geometry. Represent these targets clearly and with equal visual importance: Torus, Tetrahedron, Line. A ring-shaped torus, a tetrahedron model, and a pencil drawing a line. Keep the main subjects safely centered for object-cover cropping. Use a natural contemporary setting and avoid stereotypes or child-oriented styling. Do not include visible words, letters, numerals, captions, labels, borders, logos, or watermarks. Do not visually reveal which option answers the assessment question.","A ring model, pointed solid model, and pencil mark arranged for comparison.",reviewed draft,What does the pencil draw?,Line,Torus | Tetrahedron | Line,
shapes-geometry-2-usage-scene-3,6,complete,shapes-geometry,Shapes & Geometry,3,shapes-geometry-2,Shapes & Geometry 2,2,9,Pre-A1,3,shapes-geometry-2-scene-3.avif,./learning-scenes/shapes-geometry/shapes-geometry-2-scene-3.avif,Shapes & Geometry — Shapes & Geometry 2 — Scene 3,Curve | Straight | Zigzag,"This road has a curve, this ruler is straight, and this pattern is zigzag.","Three-panel comparison showing a curved road, straight ruler, and zigzag pattern.","Create one clean, realistic, adult-oriented 4:3 learning scene for Shapes & Geometry. Represent these targets clearly and with equal visual importance: Curve, Straight, Zigzag. Three-panel comparison showing a curved road, straight ruler, and zigzag pattern. Keep the main subjects safely centered for object-cover cropping. Use a natural contemporary setting and avoid stereotypes or child-oriented styling. Do not include visible words, letters, numerals, captions, labels, borders, logos, or watermarks. Do not visually reveal which option answers the assessment question.","Three panels compare a winding road, ruler, and angular path.",reviewed draft,Which thing is straight?,Straight,Curve | Straight | Zigzag,
shapes-geometry-2-usage-scene-4,6,complete,shapes-geometry,Shapes & Geometry,3,shapes-geometry-2,Shapes & Geometry 2,2,9,Pre-A1,4,shapes-geometry-2-scene-4.avif,./learning-scenes/shapes-geometry/shapes-geometry-2-scene-4.avif,Shapes & Geometry — Shapes & Geometry 2 — Scene 4,Spiral | Right Angle | Acute Angle,"The shell has a spiral, the book corner makes a right angle, and the small angle is acute.","Close-up visual showing a spiral shell, a right angle corner, and a small acute angle.","Create one clean, realistic, adult-oriented 4:3 learning scene for Shapes & Geometry. Represent these targets clearly and with equal visual importance: Spiral, Right Angle, Acute Angle. Close-up visual showing a spiral shell, a right angle corner, and a small acute angle. Keep the main subjects safely centered for object-cover cropping. Use a natural contemporary setting and avoid stereotypes or child-oriented styling. Do not include visible words, letters, numerals, captions, labels, borders, logos, or watermarks. Do not visually reveal which option answers the assessment question.",A shell and two differently sized corners shown in a close comparison.,reviewed draft,What shape does the shell have?,Spiral,Spiral | Right Angle | Acute Angle,
shapes-geometry-2-usage-scene-5,6,complete,shapes-geometry,Shapes & Geometry,3,shapes-geometry-2,Shapes & Geometry 2,2,9,Pre-A1,5,shapes-geometry-2-scene-5.avif,./learning-scenes/shapes-geometry/shapes-geometry-2-scene-5.avif,Shapes & Geometry — Shapes & Geometry 2 — Scene 5,Obtuse Angle | Parallel | Perpendicular,"The wide angle is obtuse, the train tracks are parallel, and the wall and floor lines are perpendicular.","Visual card showing obtuse angle, parallel lines like train tracks, and perpendicular wall-floor lines.","Create one clean, realistic, adult-oriented 4:3 learning scene for Shapes & Geometry. Represent these targets clearly and with equal visual importance: Obtuse Angle, Parallel, Perpendicular. Visual card showing obtuse angle, parallel lines like train tracks, and perpendicular wall-floor lines. Keep the main subjects safely centered for object-cover cropping. Use a natural contemporary setting and avoid stereotypes or child-oriented styling. Do not include visible words, letters, numerals, captions, labels, borders, logos, or watermarks. Do not visually reveal which option answers the assessment question.","A wide corner, railway tracks, and meeting wall-and-floor lines in three panels.",reviewed draft,What are parallel in the sentence?,Parallel,Obtuse Angle | Parallel | Perpendicular,
shapes-geometry-3-usage-scene-1,6,complete,shapes-geometry,Shapes & Geometry,3,shapes-geometry-3,Shapes & Geometry 3,3,10,Pre-A1,1,shapes-geometry-3-scene-1.avif,./learning-scenes/shapes-geometry/shapes-geometry-3-scene-1.avif,Shapes & Geometry — Shapes & Geometry 3 — Scene 1,Area | Perimeter | Volume,"Area is the space inside a shape, perimeter is the line around it, and volume is the space inside a 3D shape.","Three simple concept cards explaining area, perimeter, and volume with one friendly visual example each.","Create one clean, realistic, adult-oriented 4:3 learning scene for Shapes & Geometry. Represent these targets clearly and with equal visual importance: Area, Perimeter, Volume. Three simple concept cards explaining area, perimeter, and volume with one friendly visual example each. Keep the main subjects safely centered for object-cover cropping. Use a natural contemporary setting and avoid stereotypes or child-oriented styling. Do not include visible words, letters, numerals, captions, labels, borders, logos, or watermarks. Do not visually reveal which option answers the assessment question.","A flat tiled surface, outlined shape, and filled clear box shown together.",reviewed draft,What is the line around a shape?,Perimeter,Area | Perimeter | Volume,
shapes-geometry-3-usage-scene-2,6,complete,shapes-geometry,Shapes & Geometry,3,shapes-geometry-3,Shapes & Geometry 3,3,10,Pre-A1,2,shapes-geometry-3-scene-2.avif,./learning-scenes/shapes-geometry/shapes-geometry-3-scene-2.avif,Shapes & Geometry — Shapes & Geometry 3 — Scene 2,Radius | Diameter | Circumference,"In a circle, the radius goes from the center to the side, the diameter goes across, and the circumference is the line around the circle.","Beginner-friendly circle diagram showing radius, diameter, and circumference clearly.","Create one clean, realistic, adult-oriented 4:3 learning scene for Shapes & Geometry. Represent these targets clearly and with equal visual importance: Radius, Diameter, Circumference. Beginner-friendly circle diagram showing radius, diameter, and circumference clearly. Keep the main subjects safely centered for object-cover cropping. Use a natural contemporary setting and avoid stereotypes or child-oriented styling. Do not include visible words, letters, numerals, captions, labels, borders, logos, or watermarks. Do not visually reveal which option answers the assessment question.",A simple circular model with lines from and through its center.,reviewed draft,Which line goes across the circle?,Diameter,Radius | Diameter | Circumference,
shapes-geometry-3-usage-scene-3,6,complete,shapes-geometry,Shapes & Geometry,3,shapes-geometry-3,Shapes & Geometry 3,3,10,Pre-A1,3,shapes-geometry-3-scene-3.avif,./learning-scenes/shapes-geometry/shapes-geometry-3-scene-3.avif,Shapes & Geometry — Shapes & Geometry 3 — Scene 3,Diagonal | Symmetry | Vertex,"The square has a diagonal line, the butterfly has symmetry, and the triangle has a vertex at the top.","Scene or card showing a square diagonal, symmetrical butterfly, and triangle with top vertex.","Create one clean, realistic, adult-oriented 4:3 learning scene for Shapes & Geometry. Represent these targets clearly and with equal visual importance: Diagonal, Symmetry, Vertex. Scene or card showing a square diagonal, symmetrical butterfly, and triangle with top vertex. Keep the main subjects safely centered for object-cover cropping. Use a natural contemporary setting and avoid stereotypes or child-oriented styling. Do not include visible words, letters, numerals, captions, labels, borders, logos, or watermarks. Do not visually reveal which option answers the assessment question.","A marked square, balanced butterfly, and pointed triangle shown in three panels.",reviewed draft,What has symmetry?,Symmetry,Diagonal | Symmetry | Vertex,
shapes-geometry-3-usage-scene-4,6,complete,shapes-geometry,Shapes & Geometry,3,shapes-geometry-3,Shapes & Geometry 3,3,10,Pre-A1,4,shapes-geometry-3-scene-4.avif,./learning-scenes/shapes-geometry/shapes-geometry-3-scene-4.avif,Shapes & Geometry — Shapes & Geometry 3 — Scene 4,Edge | Repeat | Sequence,"The cube has edges, the drum beat can repeat, and the cards show a sequence.","Simple visual card for cube edges, repeated drum pattern, and a sequence of cards.","Create one clean, realistic, adult-oriented 4:3 learning scene for Shapes & Geometry. Represent these targets clearly and with equal visual importance: Edge, Repeat, Sequence. Simple visual card for cube edges, repeated drum pattern, and a sequence of cards. Keep the main subjects safely centered for object-cover cropping. Use a natural contemporary setting and avoid stereotypes or child-oriented styling. Do not include visible words, letters, numerals, captions, labels, borders, logos, or watermarks. Do not visually reveal which option answers the assessment question.","A solid block, repeating percussion beats, and ordered cards shown together.",reviewed draft,What do the cards show?,Sequence,Edge | Repeat | Sequence,
shapes-geometry-3-usage-scene-5,6,complete,shapes-geometry,Shapes & Geometry,3,shapes-geometry-3,Shapes & Geometry 3,3,10,Pre-A1,5,shapes-geometry-3-scene-5.avif,./learning-scenes/shapes-geometry/shapes-geometry-3-scene-5.avif,Shapes & Geometry — Shapes & Geometry 3 — Scene 5,Pattern | Tessellation | Fractal,"The tiles make a pattern, the wall shows a tessellation, and the tree picture looks like a fractal.","Pattern-focused scene with floor tiles, tessellation wall design, and a branching tree image suggesting a fractal.","Create one clean, realistic, adult-oriented 4:3 learning scene for Shapes & Geometry. Represent these targets clearly and with equal visual importance: Pattern, Tessellation, Fractal. Pattern-focused scene with floor tiles, tessellation wall design, and a branching tree image suggesting a fractal. Keep the main subjects safely centered for object-cover cropping. Use a natural contemporary setting and avoid stereotypes or child-oriented styling. Do not include visible words, letters, numerals, captions, labels, borders, logos, or watermarks. Do not visually reveal which option answers the assessment question.",Decorative tiles and a branching tree design fill an art-room display.,reviewed draft,What do the tiles make?,Pattern,Pattern | Tessellation | Fractal,
shapes-geometry-4-usage-scene-1,6,complete,shapes-geometry,Shapes & Geometry,3,shapes-geometry-4,Shapes & Geometry 4,4,11,Pre-A1,1,shapes-geometry-4-scene-1.avif,./learning-scenes/shapes-geometry/shapes-geometry-4-scene-1.avif,Shapes & Geometry — Shapes & Geometry 4 — Scene 1,Grid | Array | Matrix,"In the math picture, I can find grid, array, and matrix.","Create one clear Pre-A1 visual for shapes & geometry that represents: In the math picture, I can find grid, array, and matrix. Emphasize grid, array, and matrix and avoid clutter.","Create one clean, realistic, adult-oriented 4:3 learning scene for Shapes & Geometry. Represent these targets clearly and with equal visual importance: Grid, Array, Matrix. Create one clear Pre-A1 visual for shapes & geometry that represents: In the math picture, I can find grid, array, and matrix. Emphasize grid, array, and matrix and avoid clutter. Keep the main subjects safely centered for object-cover cropping. Use a natural contemporary setting and avoid stereotypes or child-oriented styling. Do not include visible words, letters, numerals, captions, labels, borders, logos, or watermarks. Do not visually reveal which option answers the assessment question.","Three panels show ruled squares, organized wooden beads, and colored tiles.",reviewed draft,Which word is shown in the picture?,Grid,Grid | Array | Matrix,
shapes-geometry-4-usage-scene-2,6,complete,shapes-geometry,Shapes & Geometry,3,shapes-geometry-4,Shapes & Geometry 4,4,11,Pre-A1,2,shapes-geometry-4-scene-2.avif,./learning-scenes/shapes-geometry/shapes-geometry-4-scene-2.avif,Shapes & Geometry — Shapes & Geometry 4 — Scene 2,Mosaic | Kaleidoscope,"In the math picture, I can find mosaic and kaleidoscope.","Create one clear Pre-A1 visual for shapes & geometry that represents: In the math picture, I can find mosaic and kaleidoscope. Emphasize mosaic and kaleidoscope and avoid clutter.","Create one clean, realistic, adult-oriented 4:3 learning scene for Shapes & Geometry. Represent these targets clearly and with equal visual importance: Mosaic, Kaleidoscope. Create one clear Pre-A1 visual for shapes & geometry that represents: In the math picture, I can find mosaic and kaleidoscope. Emphasize mosaic and kaleidoscope and avoid clutter. Keep the main subjects safely centered for object-cover cropping. Use a natural contemporary setting and avoid stereotypes or child-oriented styling. Do not include visible words, letters, numerals, captions, labels, borders, logos, or watermarks. Do not visually reveal which option answers the assessment question.",A colorful tile artwork and mirrored viewing toy on a craft table.,reviewed draft,Which word is shown in the picture?,Mosaic,Mosaic | Kaleidoscope,
basic-emotions-1-usage-scene-1,6,editorial review required,basic-emotions,Basic Emotions,4,basic-emotions-1,Basic Emotions 1,1,12,Pre-A1,1,basic-emotions-1-scene-1.avif,./learning-scenes/basic-emotions/basic-emotions-1-scene-1.avif,Basic Emotions — Basic Emotions 1 — Scene 1,Happy | Joyful | Excited,"People can feel happy, joyful, and excited in different situations.","Create one clear Pre-A1 visual for basic emotions that represents: People can feel happy, joyful, and excited in different situations. Emphasize happy, joyful, and excited and avoid clutter.","Create one clean, realistic, adult-oriented 4:3 learning scene for Basic Emotions. Represent these targets clearly and with equal visual importance: Happy, Joyful, Excited. Create one clear Pre-A1 visual for basic emotions that represents: People can feel happy, joyful, and excited in different situations. Emphasize happy, joyful, and excited and avoid clutter. Keep the main subjects safely centered for object-cover cropping. Use a natural contemporary setting and avoid stereotypes or child-oriented styling. Do not include visible words, letters, numerals, captions, labels, borders, logos, or watermarks. Do not visually reveal which option answers the assessment question.",,needed after image selection,Which word is shown in the picture?,Happy,Happy | Joyful | Excited,
basic-emotions-1-usage-scene-2,6,editorial review required,basic-emotions,Basic Emotions,4,basic-emotions-1,Basic Emotions 1,1,12,Pre-A1,2,basic-emotions-1-scene-2.avif,./learning-scenes/basic-emotions/basic-emotions-1-scene-2.avif,Basic Emotions — Basic Emotions 1 — Scene 2,Proud | Grateful | Content,"People can feel proud, grateful, and content in different situations.","Create one clear Pre-A1 visual for basic emotions that represents: People can feel proud, grateful, and content in different situations. Emphasize proud, grateful, and content and avoid clutter.","Create one clean, realistic, adult-oriented 4:3 learning scene for Basic Emotions. Represent these targets clearly and with equal visual importance: Proud, Grateful, Content. Create one clear Pre-A1 visual for basic emotions that represents: People can feel proud, grateful, and content in different situations. Emphasize proud, grateful, and content and avoid clutter. Keep the main subjects safely centered for object-cover cropping. Use a natural contemporary setting and avoid stereotypes or child-oriented styling. Do not include visible words, letters, numerals, captions, labels, borders, logos, or watermarks. Do not visually reveal which option answers the assessment question.",,needed after image selection,Which word is shown in the picture?,Proud,Proud | Grateful | Content,
basic-emotions-1-usage-scene-3,6,editorial review required,basic-emotions,Basic Emotions,4,basic-emotions-1,Basic Emotions 1,1,12,Pre-A1,3,basic-emotions-1-scene-3.avif,./learning-scenes/basic-emotions/basic-emotions-1-scene-3.avif,Basic Emotions — Basic Emotions 1 — Scene 3,Amused | Delighted | Cheerful,"People can feel amused, delighted, and cheerful in different situations.","Create one clear Pre-A1 visual for basic emotions that represents: People can feel amused, delighted, and cheerful in different situations. Emphasize amused, delighted, and cheerful and avoid clutter.","Create one clean, realistic, adult-oriented 4:3 learning scene for Basic Emotions. Represent these targets clearly and with equal visual importance: Amused, Delighted, Cheerful. Create one clear Pre-A1 visual for basic emotions that represents: People can feel amused, delighted, and cheerful in different situations. Emphasize amused, delighted, and cheerful and avoid clutter. Keep the main subjects safely centered for object-cover cropping. Use a natural contemporary setting and avoid stereotypes or child-oriented styling. Do not include visible words, letters, numerals, captions, labels, borders, logos, or watermarks. Do not visually reveal which option answers the assessment question.",,needed after image selection,Which word is shown in the picture?,Amused,Amused | Delighted | Cheerful,
basic-emotions-1-usage-scene-4,6,editorial review required,basic-emotions,Basic Emotions,4,basic-emotions-1,Basic Emotions 1,1,12,Pre-A1,4,basic-emotions-1-scene-4.avif,./learning-scenes/basic-emotions/basic-emotions-1-scene-4.avif,Basic Emotions — Basic Emotions 1 — Scene 4,Hopeful | Sad | Angry,"People can feel hopeful, sad, and angry in different situations.","Create one clear Pre-A1 visual for basic emotions that represents: People can feel hopeful, sad, and angry in different situations. Emphasize hopeful, sad, and angry and avoid clutter.","Create one clean, realistic, adult-oriented 4:3 learning scene for Basic Emotions. Represent these targets clearly and with equal visual importance: Hopeful, Sad, Angry. Create one clear Pre-A1 visual for basic emotions that represents: People can feel hopeful, sad, and angry in different situations. Emphasize hopeful, sad, and angry and avoid clutter. Keep the main subjects safely centered for object-cover cropping. Use a natural contemporary setting and avoid stereotypes or child-oriented styling. Do not include visible words, letters, numerals, captions, labels, borders, logos, or watermarks. Do not visually reveal which option answers the assessment question.",,needed after image selection,Which word is shown in the picture?,Hopeful,Hopeful | Sad | Angry,
basic-emotions-1-usage-scene-5,6,editorial review required,basic-emotions,Basic Emotions,4,basic-emotions-1,Basic Emotions 1,1,12,Pre-A1,5,basic-emotions-1-scene-5.avif,./learning-scenes/basic-emotions/basic-emotions-1-scene-5.avif,Basic Emotions — Basic Emotions 1 — Scene 5,Scared | Worried | Frustrated,"People can feel scared, worried, and frustrated in different situations.","Create one clear Pre-A1 visual for basic emotions that represents: People can feel scared, worried, and frustrated in different situations. Emphasize scared, worried, and frustrated and avoid clutter.","Create one clean, realistic, adult-oriented 4:3 learning scene for Basic Emotions. Represent these targets clearly and with equal visual importance: Scared, Worried, Frustrated. Create one clear Pre-A1 visual for basic emotions that represents: People can feel scared, worried, and frustrated in different situations. Emphasize scared, worried, and frustrated and avoid clutter. Keep the main subjects safely centered for object-cover cropping. Use a natural contemporary setting and avoid stereotypes or child-oriented styling. Do not include visible words, letters, numerals, captions, labels, borders, logos, or watermarks. Do not visually reveal which option answers the assessment question.",,needed after image selection,Which word is shown in the picture?,Scared,Scared | Worried | Frustrated,
basic-emotions-2-usage-scene-1,6,editorial review required,basic-emotions,Basic Emotions,4,basic-emotions-2,Basic Emotions 2,2,13,Pre-A1,1,basic-emotions-2-scene-1.avif,./learning-scenes/basic-emotions/basic-emotions-2-scene-1.avif,Basic Emotions — Basic Emotions 2 — Scene 1,Disappointed | Upset | Annoyed,"People can feel disappointed, upset, and annoyed in different situations.","Create one clear Pre-A1 visual for basic emotions that represents: People can feel disappointed, upset, and annoyed in different situations. Emphasize disappointed, upset, and annoyed and avoid clutter.","Create one clean, realistic, adult-oriented 4:3 learning scene for Basic Emotions. Represent these targets clearly and with equal visual importance: Disappointed, Upset, Annoyed. Create one clear Pre-A1 visual for basic emotions that represents: People can feel disappointed, upset, and annoyed in different situations. Emphasize disappointed, upset, and annoyed and avoid clutter. Keep the main subjects safely centered for object-cover cropping. Use a natural contemporary setting and avoid stereotypes or child-oriented styling. Do not include visible words, letters, numerals, captions, labels, borders, logos, or watermarks. Do not visually reveal which option answers the assessment question.",,needed after image selection,Which word is shown in the picture?,Disappointed,Disappointed | Upset | Annoyed,
basic-emotions-2-usage-scene-2,6,editorial review required,basic-emotions,Basic Emotions,4,basic-emotions-2,Basic Emotions 2,2,13,Pre-A1,2,basic-emotions-2-scene-2.avif,./learning-scenes/basic-emotions/basic-emotions-2-scene-2.avif,Basic Emotions — Basic Emotions 2 — Scene 2,Bored | Lonely | Calm,"People can feel bored, lonely, and calm in different situations.","Create one clear Pre-A1 visual for basic emotions that represents: People can feel bored, lonely, and calm in different situations. Emphasize bored, lonely, and calm and avoid clutter.","Create one clean, realistic, adult-oriented 4:3 learning scene for Basic Emotions. Represent these targets clearly and with equal visual importance: Bored, Lonely, Calm. Create one clear Pre-A1 visual for basic emotions that represents: People can feel bored, lonely, and calm in different situations. Emphasize bored, lonely, and calm and avoid clutter. Keep the main subjects safely centered for object-cover cropping. Use a natural contemporary setting and avoid stereotypes or child-oriented styling. Do not include visible words, letters, numerals, captions, labels, borders, logos, or watermarks. Do not visually reveal which option answers the assessment question.",,needed after image selection,Which word is shown in the picture?,Bored,Bored | Lonely | Calm,
basic-emotions-2-usage-scene-3,6,editorial review required,basic-emotions,Basic Emotions,4,basic-emotions-2,Basic Emotions 2,2,13,Pre-A1,3,basic-emotions-2-scene-3.avif,./learning-scenes/basic-emotions/basic-emotions-2-scene-3.avif,Basic Emotions — Basic Emotions 2 — Scene 3,Tired | Surprised | Confused,"People can feel tired, surprised, and confused in different situations.","Create one clear Pre-A1 visual for basic emotions that represents: People can feel tired, surprised, and confused in different situations. Emphasize tired, surprised, and confused and avoid clutter.","Create one clean, realistic, adult-oriented 4:3 learning scene for Basic Emotions. Represent these targets clearly and with equal visual importance: Tired, Surprised, Confused. Create one clear Pre-A1 visual for basic emotions that represents: People can feel tired, surprised, and confused in different situations. Emphasize tired, surprised, and confused and avoid clutter. Keep the main subjects safely centered for object-cover cropping. Use a natural contemporary setting and avoid stereotypes or child-oriented styling. Do not include visible words, letters, numerals, captions, labels, borders, logos, or watermarks. Do not visually reveal which option answers the assessment question.",,needed after image selection,Which word is shown in the picture?,Tired,Tired | Surprised | Confused,
basic-emotions-2-usage-scene-4,6,editorial review required,basic-emotions,Basic Emotions,4,basic-emotions-2,Basic Emotions 2,2,13,Pre-A1,4,basic-emotions-2-scene-4.avif,./learning-scenes/basic-emotions/basic-emotions-2-scene-4.avif,Basic Emotions — Basic Emotions 2 — Scene 4,Curious | Thoughtful | Relaxed,"People can feel curious, thoughtful, and relaxed in different situations.","Create one clear Pre-A1 visual for basic emotions that represents: People can feel curious, thoughtful, and relaxed in different situations. Emphasize curious, thoughtful, and relaxed and avoid clutter.","Create one clean, realistic, adult-oriented 4:3 learning scene for Basic Emotions. Represent these targets clearly and with equal visual importance: Curious, Thoughtful, Relaxed. Create one clear Pre-A1 visual for basic emotions that represents: People can feel curious, thoughtful, and relaxed in different situations. Emphasize curious, thoughtful, and relaxed and avoid clutter. Keep the main subjects safely centered for object-cover cropping. Use a natural contemporary setting and avoid stereotypes or child-oriented styling. Do not include visible words, letters, numerals, captions, labels, borders, logos, or watermarks. Do not visually reveal which option answers the assessment question.",,needed after image selection,Which word is shown in the picture?,Curious,Curious | Thoughtful | Relaxed,
basic-emotions-2-usage-scene-5,6,editorial review required,basic-emotions,Basic Emotions,4,basic-emotions-2,Basic Emotions 2,2,13,Pre-A1,5,basic-emotions-2-scene-5.avif,./learning-scenes/basic-emotions/basic-emotions-2-scene-5.avif,Basic Emotions — Basic Emotions 2 — Scene 5,Indifferent | Sleepy | Alert,"People can feel indifferent, sleepy, and alert in different situations.","Create one clear Pre-A1 visual for basic emotions that represents: People can feel indifferent, sleepy, and alert in different situations. Emphasize indifferent, sleepy, and alert and avoid clutter.","Create one clean, realistic, adult-oriented 4:3 learning scene for Basic Emotions. Represent these targets clearly and with equal visual importance: Indifferent, Sleepy, Alert. Create one clear Pre-A1 visual for basic emotions that represents: People can feel indifferent, sleepy, and alert in different situations. Emphasize indifferent, sleepy, and alert and avoid clutter. Keep the main subjects safely centered for object-cover cropping. Use a natural contemporary setting and avoid stereotypes or child-oriented styling. Do not include visible words, letters, numerals, captions, labels, borders, logos, or watermarks. Do not visually reveal which option answers the assessment question.",,needed after image selection,Which word is shown in the picture?,Indifferent,Indifferent | Sleepy | Alert,
basic-emotions-3-usage-scene-1,6,editorial review required,basic-emotions,Basic Emotions,4,basic-emotions-3,Basic Emotions 3,3,14,Pre-A1,1,basic-emotions-3-scene-1.avif,./learning-scenes/basic-emotions/basic-emotions-3-scene-1.avif,Basic Emotions — Basic Emotions 3 — Scene 1,Hungry | Thirsty | Full,"People can feel hungry, thirsty, and full in different situations.","Create one clear Pre-A1 visual for basic emotions that represents: People can feel hungry, thirsty, and full in different situations. Emphasize hungry, thirsty, and full and avoid clutter.","Create one clean, realistic, adult-oriented 4:3 learning scene for Basic Emotions. Represent these targets clearly and with equal visual importance: Hungry, Thirsty, Full. Create one clear Pre-A1 visual for basic emotions that represents: People can feel hungry, thirsty, and full in different situations. Emphasize hungry, thirsty, and full and avoid clutter. Keep the main subjects safely centered for object-cover cropping. Use a natural contemporary setting and avoid stereotypes or child-oriented styling. Do not include visible words, letters, numerals, captions, labels, borders, logos, or watermarks. Do not visually reveal which option answers the assessment question.",,needed after image selection,Which word is shown in the picture?,Hungry,Hungry | Thirsty | Full,
basic-emotions-3-usage-scene-2,6,editorial review required,basic-emotions,Basic Emotions,4,basic-emotions-3,Basic Emotions 3,3,14,Pre-A1,2,basic-emotions-3-scene-2.avif,./learning-scenes/basic-emotions/basic-emotions-3-scene-2.avif,Basic Emotions — Basic Emotions 3 — Scene 2,Cold | Hot | Dizzy,"People can feel cold, hot, and dizzy in different situations.","Create one clear Pre-A1 visual for basic emotions that represents: People can feel cold, hot, and dizzy in different situations. Emphasize cold, hot, and dizzy and avoid clutter.","Create one clean, realistic, adult-oriented 4:3 learning scene for Basic Emotions. Represent these targets clearly and with equal visual importance: Cold, Hot, Dizzy. Create one clear Pre-A1 visual for basic emotions that represents: People can feel cold, hot, and dizzy in different situations. Emphasize cold, hot, and dizzy and avoid clutter. Keep the main subjects safely centered for object-cover cropping. Use a natural contemporary setting and avoid stereotypes or child-oriented styling. Do not include visible words, letters, numerals, captions, labels, borders, logos, or watermarks. Do not visually reveal which option answers the assessment question.",,needed after image selection,Which word is shown in the picture?,Cold,Cold | Hot | Dizzy,
basic-emotions-3-usage-scene-3,6,editorial review required,basic-emotions,Basic Emotions,4,basic-emotions-3,Basic Emotions 3,3,14,Pre-A1,3,basic-emotions-3-scene-3.avif,./learning-scenes/basic-emotions/basic-emotions-3-scene-3.avif,Basic Emotions — Basic Emotions 3 — Scene 3,Nauseous | Exhausted | Energetic,"People can feel nauseous, exhausted, and energetic in different situations.","Create one clear Pre-A1 visual for basic emotions that represents: People can feel nauseous, exhausted, and energetic in different situations. Emphasize nauseous, exhausted, and energetic and avoid clutter.","Create one clean, realistic, adult-oriented 4:3 learning scene for Basic Emotions. Represent these targets clearly and with equal visual importance: Nauseous, Exhausted, Energetic. Create one clear Pre-A1 visual for basic emotions that represents: People can feel nauseous, exhausted, and energetic in different situations. Emphasize nauseous, exhausted, and energetic and avoid clutter. Keep the main subjects safely centered for object-cover cropping. Use a natural contemporary setting and avoid stereotypes or child-oriented styling. Do not include visible words, letters, numerals, captions, labels, borders, logos, or watermarks. Do not visually reveal which option answers the assessment question.",,needed after image selection,Which word is shown in the picture?,Nauseous,Nauseous | Exhausted | Energetic,
basic-emotions-3-usage-scene-4,6,editorial review required,basic-emotions,Basic Emotions,4,basic-emotions-3,Basic Emotions 3,3,14,Pre-A1,4,basic-emotions-3-scene-4.avif,./learning-scenes/basic-emotions/basic-emotions-3-scene-4.avif,Basic Emotions — Basic Emotions 3 — Scene 4,Comfortable,People can feel comfortable in different situations.,Create one clear Pre-A1 visual for basic emotions that represents: People can feel comfortable in different situations. Emphasize comfortable and avoid clutter.,"Create one clean, realistic, adult-oriented 4:3 learning scene for Basic Emotions. Represent these targets clearly and with equal visual importance: Comfortable. Create one clear Pre-A1 visual for basic emotions that represents: People can feel comfortable in different situations. Emphasize comfortable and avoid clutter. Keep the main subjects safely centered for object-cover cropping. Use a natural contemporary setting and avoid stereotypes or child-oriented styling. Do not include visible words, letters, numerals, captions, labels, borders, logos, or watermarks. Do not visually reveal which option answers the assessment question.",,needed after image selection,Which word is shown in the picture?,Comfortable,Comfortable,
family-1-usage-scene-1,6,editorial review required,family,The Family,5,family-1,The Family 1,1,15,Pre-A1,1,family-1-scene-1.avif,./learning-scenes/family/family-1-scene-1.avif,The Family — The Family 1 — Scene 1,Mother | Father | Sister,"In my family, I can talk about mother, father, and sister.","Create one clear Pre-A1 visual for the family that represents: In my family, I can talk about mother, father, and sister. Emphasize mother, father, and sister and avoid clutter.","Create one clean, realistic, adult-oriented 4:3 learning scene for The Family. Represent these targets clearly and with equal visual importance: Mother, Father, Sister. Create one clear Pre-A1 visual for the family that represents: In my family, I can talk about mother, father, and sister. Emphasize mother, father, and sister and avoid clutter. Keep the main subjects safely centered for object-cover cropping. Use a natural contemporary setting and avoid stereotypes or child-oriented styling. Do not include visible words, letters, numerals, captions, labels, borders, logos, or watermarks. Do not visually reveal which option answers the assessment question.",,needed after image selection,Which word is shown in the picture?,Mother,Mother | Father | Sister,
family-1-usage-scene-2,6,editorial review required,family,The Family,5,family-1,The Family 1,1,15,Pre-A1,2,family-1-scene-2.avif,./learning-scenes/family/family-1-scene-2.avif,The Family — The Family 1 — Scene 2,Brother | Son | Daughter,"In my family, I can talk about brother, son, and daughter.","Create one clear Pre-A1 visual for the family that represents: In my family, I can talk about brother, son, and daughter. Emphasize brother, son, and daughter and avoid clutter.","Create one clean, realistic, adult-oriented 4:3 learning scene for The Family. Represent these targets clearly and with equal visual importance: Brother, Son, Daughter. Create one clear Pre-A1 visual for the family that represents: In my family, I can talk about brother, son, and daughter. Emphasize brother, son, and daughter and avoid clutter. Keep the main subjects safely centered for object-cover cropping. Use a natural contemporary setting and avoid stereotypes or child-oriented styling. Do not include visible words, letters, numerals, captions, labels, borders, logos, or watermarks. Do not visually reveal which option answers the assessment question.",,needed after image selection,Which word is shown in the picture?,Brother,Brother | Son | Daughter,
family-1-usage-scene-3,6,editorial review required,family,The Family,5,family-1,The Family 1,1,15,Pre-A1,3,family-1-scene-3.avif,./learning-scenes/family/family-1-scene-3.avif,The Family — The Family 1 — Scene 3,Parents | Siblings | Baby,"In my family, I can talk about parents, siblings, and baby.","Create one clear Pre-A1 visual for the family that represents: In my family, I can talk about parents, siblings, and baby. Emphasize parents, siblings, and baby and avoid clutter.","Create one clean, realistic, adult-oriented 4:3 learning scene for The Family. Represent these targets clearly and with equal visual importance: Parents, Siblings, Baby. Create one clear Pre-A1 visual for the family that represents: In my family, I can talk about parents, siblings, and baby. Emphasize parents, siblings, and baby and avoid clutter. Keep the main subjects safely centered for object-cover cropping. Use a natural contemporary setting and avoid stereotypes or child-oriented styling. Do not include visible words, letters, numerals, captions, labels, borders, logos, or watermarks. Do not visually reveal which option answers the assessment question.",,needed after image selection,Which word is shown in the picture?,Parents,Parents | Siblings | Baby,
family-1-usage-scene-4,6,editorial review required,family,The Family,5,family-1,The Family 1,1,15,Pre-A1,4,family-1-scene-4.avif,./learning-scenes/family/family-1-scene-4.avif,The Family — The Family 1 — Scene 4,Twin | Mom | Dad,"In my family, I can talk about twin, mom, and dad.","Create one clear Pre-A1 visual for the family that represents: In my family, I can talk about twin, mom, and dad. Emphasize twin, mom, and dad and avoid clutter.","Create one clean, realistic, adult-oriented 4:3 learning scene for The Family. Represent these targets clearly and with equal visual importance: Twin, Mom, Dad. Create one clear Pre-A1 visual for the family that represents: In my family, I can talk about twin, mom, and dad. Emphasize twin, mom, and dad and avoid clutter. Keep the main subjects safely centered for object-cover cropping. Use a natural contemporary setting and avoid stereotypes or child-oriented styling. Do not include visible words, letters, numerals, captions, labels, borders, logos, or watermarks. Do not visually reveal which option answers the assessment question.",,needed after image selection,Which word is shown in the picture?,Twin,Twin | Mom | Dad,
family-1-usage-scene-5,6,editorial review required,family,The Family,5,family-1,The Family 1,1,15,Pre-A1,5,family-1-scene-5.avif,./learning-scenes/family/family-1-scene-5.avif,The Family — The Family 1 — Scene 5,Big Sister | Little Brother | Oldest Child,"In my family, I can talk about big sister, little brother, and oldest child.","Create one clear Pre-A1 visual for the family that represents: In my family, I can talk about big sister, little brother, and oldest child. Emphasize big sister, little brother, and oldest child and avoid clutter.","Create one clean, realistic, adult-oriented 4:3 learning scene for The Family. Represent these targets clearly and with equal visual importance: Big Sister, Little Brother, Oldest Child. Create one clear Pre-A1 visual for the family that represents: In my family, I can talk about big sister, little brother, and oldest child. Emphasize big sister, little brother, and oldest child and avoid clutter. Keep the main subjects safely centered for object-cover cropping. Use a natural contemporary setting and avoid stereotypes or child-oriented styling. Do not include visible words, letters, numerals, captions, labels, borders, logos, or watermarks. Do not visually reveal which option answers the assessment question.",,needed after image selection,Which word is shown in the picture?,Big Sister,Big Sister | Little Brother | Oldest Child,
family-2-usage-scene-1,6,editorial review required,family,The Family,5,family-2,The Family 2,2,16,Pre-A1,1,family-2-scene-1.avif,./learning-scenes/family/family-2-scene-1.avif,The Family — The Family 2 — Scene 1,Youngest Child | Middle Child | Only Child,"Our family enjoys youngest child, middle child, and only child together.","Create one clear Pre-A1 visual for the family that represents: Our family enjoys youngest child, middle child, and only child together. Emphasize youngest child, middle child, and only child and avoid clutter.","Create one clean, realistic, adult-oriented 4:3 learning scene for The Family. Represent these targets clearly and with equal visual importance: Youngest Child, Middle Child, Only Child. Create one clear Pre-A1 visual for the family that represents: Our family enjoys youngest child, middle child, and only child together. Emphasize youngest child, middle child, and only child and avoid clutter. Keep the main subjects safely centered for object-cover cropping. Use a natural contemporary setting and avoid stereotypes or child-oriented styling. Do not include visible words, letters, numerals, captions, labels, borders, logos, or watermarks. Do not visually reveal which option answers the assessment question.",,needed after image selection,Which word is shown in the picture?,Youngest Child,Youngest Child | Middle Child | Only Child,
family-2-usage-scene-2,6,editorial review required,family,The Family,5,family-2,The Family 2,2,16,Pre-A1,2,family-2-scene-2.avif,./learning-scenes/family/family-2-scene-2.avif,The Family — The Family 2 — Scene 2,Stepmother | Stepfather | Family Dinner,"Our family enjoys stepmother, stepfather, and family dinner together.","Create one clear Pre-A1 visual for the family that represents: Our family enjoys stepmother, stepfather, and family dinner together. Emphasize stepmother, stepfather, and family dinner and avoid clutter.","Create one clean, realistic, adult-oriented 4:3 learning scene for The Family. Represent these targets clearly and with equal visual importance: Stepmother, Stepfather, Family Dinner. Create one clear Pre-A1 visual for the family that represents: Our family enjoys stepmother, stepfather, and family dinner together. Emphasize stepmother, stepfather, and family dinner and avoid clutter. Keep the main subjects safely centered for object-cover cropping. Use a natural contemporary setting and avoid stereotypes or child-oriented styling. Do not include visible words, letters, numerals, captions, labels, borders, logos, or watermarks. Do not visually reveal which option answers the assessment question.",,needed after image selection,Which word is shown in the picture?,Stepmother,Stepmother | Stepfather | Family Dinner,
family-2-usage-scene-3,6,editorial review required,family,The Family,5,family-2,The Family 2,2,16,Pre-A1,3,family-2-scene-3.avif,./learning-scenes/family/family-2-scene-3.avif,The Family — The Family 2 — Scene 3,Game Night | Road Trip | Holiday Gathering,"Our family enjoys game night, road trip, and holiday gathering together.","Create one clear Pre-A1 visual for the family that represents: Our family enjoys game night, road trip, and holiday gathering together. Emphasize game night, road trip, and holiday gathering and avoid clutter.","Create one clean, realistic, adult-oriented 4:3 learning scene for The Family. Represent these targets clearly and with equal visual importance: Game Night, Road Trip, Holiday Gathering. Create one clear Pre-A1 visual for the family that represents: Our family enjoys game night, road trip, and holiday gathering together. Emphasize game night, road trip, and holiday gathering and avoid clutter. Keep the main subjects safely centered for object-cover cropping. Use a natural contemporary setting and avoid stereotypes or child-oriented styling. Do not include visible words, letters, numerals, captions, labels, borders, logos, or watermarks. Do not visually reveal which option answers the assessment question.",,needed after image selection,Which word is shown in the picture?,Game Night,Game Night | Road Trip | Holiday Gathering,
family-2-usage-scene-4,6,editorial review required,family,The Family,5,family-2,The Family 2,2,16,Pre-A1,4,family-2-scene-4.avif,./learning-scenes/family/family-2-scene-4.avif,The Family — The Family 2 — Scene 4,Movie Night | Cooking Together | Bedtime Story,"Our family enjoys movie night, cooking together, and bedtime story together.","Create one clear Pre-A1 visual for the family that represents: Our family enjoys movie night, cooking together, and bedtime story together. Emphasize movie night, cooking together, and bedtime story and avoid clutter.","Create one clean, realistic, adult-oriented 4:3 learning scene for The Family. Represent these targets clearly and with equal visual importance: Movie Night, Cooking Together, Bedtime Story. Create one clear Pre-A1 visual for the family that represents: Our family enjoys movie night, cooking together, and bedtime story together. Emphasize movie night, cooking together, and bedtime story and avoid clutter. Keep the main subjects safely centered for object-cover cropping. Use a natural contemporary setting and avoid stereotypes or child-oriented styling. Do not include visible words, letters, numerals, captions, labels, borders, logos, or watermarks. Do not visually reveal which option answers the assessment question.",,needed after image selection,Which word is shown in the picture?,Movie Night,Movie Night | Cooking Together | Bedtime Story,
family-2-usage-scene-5,6,editorial review required,family,The Family,5,family-2,The Family 2,2,16,Pre-A1,5,family-2-scene-5.avif,./learning-scenes/family/family-2-scene-5.avif,The Family — The Family 2 — Scene 5,Morning Routine | Family Photo | Homework Help,"Our family enjoys morning routine, family photo, and homework help together.","Create one clear Pre-A1 visual for the family that represents: Our family enjoys morning routine, family photo, and homework help together. Emphasize morning routine, family photo, and homework help and avoid clutter.","Create one clean, realistic, adult-oriented 4:3 learning scene for The Family. Represent these targets clearly and with equal visual importance: Morning Routine, Family Photo, Homework Help. Create one clear Pre-A1 visual for the family that represents: Our family enjoys morning routine, family photo, and homework help together. Emphasize morning routine, family photo, and homework help and avoid clutter. Keep the main subjects safely centered for object-cover cropping. Use a natural contemporary setting and avoid stereotypes or child-oriented styling. Do not include visible words, letters, numerals, captions, labels, borders, logos, or watermarks. Do not visually reveal which option answers the assessment question.",,needed after image selection,Which word is shown in the picture?,Morning Routine,Morning Routine | Family Photo | Homework Help,
family-3-usage-scene-1,6,editorial review required,family,The Family,5,family-3,The Family 3,3,17,Pre-A1,1,family-3-scene-1.avif,./learning-scenes/family/family-3-scene-1.avif,The Family — The Family 3 — Scene 1,Love | Trust | Support,"A strong family can show love, trust, and support.","Create one clear Pre-A1 visual for the family that represents: A strong family can show love, trust, and support. Emphasize love, trust, and support and avoid clutter.","Create one clean, realistic, adult-oriented 4:3 learning scene for The Family. Represent these targets clearly and with equal visual importance: Love, Trust, Support. Create one clear Pre-A1 visual for the family that represents: A strong family can show love, trust, and support. Emphasize love, trust, and support and avoid clutter. Keep the main subjects safely centered for object-cover cropping. Use a natural contemporary setting and avoid stereotypes or child-oriented styling. Do not include visible words, letters, numerals, captions, labels, borders, logos, or watermarks. Do not visually reveal which option answers the assessment question.",,needed after image selection,Which word is shown in the picture?,Love,Love | Trust | Support,
family-3-usage-scene-2,6,editorial review required,family,The Family,5,family-3,The Family 3,3,17,Pre-A1,2,family-3-scene-2.avif,./learning-scenes/family/family-3-scene-2.avif,The Family — The Family 3 — Scene 2,Care | Protection | Guidance,"A strong family can show care, protection, and guidance.","Create one clear Pre-A1 visual for the family that represents: A strong family can show care, protection, and guidance. Emphasize care, protection, and guidance and avoid clutter.","Create one clean, realistic, adult-oriented 4:3 learning scene for The Family. Represent these targets clearly and with equal visual importance: Care, Protection, Guidance. Create one clear Pre-A1 visual for the family that represents: A strong family can show care, protection, and guidance. Emphasize care, protection, and guidance and avoid clutter. Keep the main subjects safely centered for object-cover cropping. Use a natural contemporary setting and avoid stereotypes or child-oriented styling. Do not include visible words, letters, numerals, captions, labels, borders, logos, or watermarks. Do not visually reveal which option answers the assessment question.",,needed after image selection,Which word is shown in the picture?,Care,Care | Protection | Guidance,
family-3-usage-scene-3,6,editorial review required,family,The Family,5,family-3,The Family 3,3,17,Pre-A1,3,family-3-scene-3.avif,./learning-scenes/family/family-3-scene-3.avif,The Family — The Family 3 — Scene 3,Discipline | Affection | Bond,"A strong family can show discipline, affection, and bond.","Create one clear Pre-A1 visual for the family that represents: A strong family can show discipline, affection, and bond. Emphasize discipline, affection, and bond and avoid clutter.","Create one clean, realistic, adult-oriented 4:3 learning scene for The Family. Represent these targets clearly and with equal visual importance: Discipline, Affection, Bond. Create one clear Pre-A1 visual for the family that represents: A strong family can show discipline, affection, and bond. Emphasize discipline, affection, and bond and avoid clutter. Keep the main subjects safely centered for object-cover cropping. Use a natural contemporary setting and avoid stereotypes or child-oriented styling. Do not include visible words, letters, numerals, captions, labels, borders, logos, or watermarks. Do not visually reveal which option answers the assessment question.",,needed after image selection,Which word is shown in the picture?,Discipline,Discipline | Affection | Bond,
family-3-usage-scene-4,6,editorial review required,family,The Family,5,family-3,The Family 3,3,17,Pre-A1,4,family-3-scene-4.avif,./learning-scenes/family/family-3-scene-4.avif,The Family — The Family 3 — Scene 4,Heritage,A strong family can show heritage.,Create one clear Pre-A1 visual for the family that represents: A strong family can show heritage. Emphasize heritage and avoid clutter.,"Create one clean, realistic, adult-oriented 4:3 learning scene for The Family. Represent these targets clearly and with equal visual importance: Heritage. Create one clear Pre-A1 visual for the family that represents: A strong family can show heritage. Emphasize heritage and avoid clutter. Keep the main subjects safely centered for object-cover cropping. Use a natural contemporary setting and avoid stereotypes or child-oriented styling. Do not include visible words, letters, numerals, captions, labels, borders, logos, or watermarks. Do not visually reveal which option answers the assessment question.",,needed after image selection,Which word is shown in the picture?,Heritage,Heritage,
bedroom-1-usage-scene-1,6,editorial review required,bedroom,The Bedroom,6,bedroom-1,The Bedroom 1,1,18,Pre-A1,1,bedroom-1-scene-1.avif,./learning-scenes/bedroom/bedroom-1-scene-1.avif,The Bedroom — The Bedroom 1 — Scene 1,Bed | Nightstand | Dresser,"Maya makes the bed, leaves her phone on the nightstand, and puts clean clothes in the dresser.","An adult making a bed, with a phone on the nightstand and folded clothes going into a dresser.","Create one clean, realistic, adult-oriented 4:3 learning scene for The Bedroom. Represent these targets clearly and with equal visual importance: Bed, Nightstand, Dresser. An adult making a bed, with a phone on the nightstand and folded clothes going into a dresser. Keep the main subjects safely centered for object-cover cropping. Use a natural contemporary setting and avoid stereotypes or child-oriented styling. Do not include visible words, letters, numerals, captions, labels, borders, logos, or watermarks. Do not visually reveal which option answers the assessment question.",,needed after image selection,Where does Maya leave her phone?,Nightstand,Bed | Nightstand | Dresser,
bedroom-1-usage-scene-2,6,editorial review required,bedroom,The Bedroom,6,bedroom-1,The Bedroom 1,1,18,Pre-A1,2,bedroom-1-scene-2.avif,./learning-scenes/bedroom/bedroom-1-scene-2.avif,The Bedroom — The Bedroom 1 — Scene 2,Wardrobe | Desk | Chair,"Omar hangs his jacket in the wardrobe, then sits on the chair at his desk.",An adult hanging a jacket inside a wardrobe before sitting on a chair at a bedroom desk.,"Create one clean, realistic, adult-oriented 4:3 learning scene for The Bedroom. Represent these targets clearly and with equal visual importance: Wardrobe, Desk, Chair. An adult hanging a jacket inside a wardrobe before sitting on a chair at a bedroom desk. Keep the main subjects safely centered for object-cover cropping. Use a natural contemporary setting and avoid stereotypes or child-oriented styling. Do not include visible words, letters, numerals, captions, labels, borders, logos, or watermarks. Do not visually reveal which option answers the assessment question.",,needed after image selection,Where does Omar hang his jacket?,Wardrobe,Wardrobe | Desk | Chair,
bedroom-1-usage-scene-3,6,editorial review required,bedroom,The Bedroom,6,bedroom-1,The Bedroom 1,1,18,Pre-A1,3,bedroom-1-scene-3.avif,./learning-scenes/bedroom/bedroom-1-scene-3.avif,The Bedroom — The Bedroom 1 — Scene 3,Bookshelf | Mirror | Stool,"A stool stands below the mirror, and the bookshelf beside it holds Maya's books.",A bedroom corner with a stool directly below a mirror and a bookshelf full of books beside it.,"Create one clean, realistic, adult-oriented 4:3 learning scene for The Bedroom. Represent these targets clearly and with equal visual importance: Bookshelf, Mirror, Stool. A bedroom corner with a stool directly below a mirror and a bookshelf full of books beside it. Keep the main subjects safely centered for object-cover cropping. Use a natural contemporary setting and avoid stereotypes or child-oriented styling. Do not include visible words, letters, numerals, captions, labels, borders, logos, or watermarks. Do not visually reveal which option answers the assessment question.",,needed after image selection,What stands below the mirror?,Stool,Bookshelf | Mirror | Stool,
bedroom-1-usage-scene-4,6,editorial review required,bedroom,The Bedroom,6,bedroom-1,The Bedroom 1,1,18,Pre-A1,4,bedroom-1-scene-4.avif,./learning-scenes/bedroom/bedroom-1-scene-4.avif,The Bedroom — The Bedroom 1 — Scene 4,Chest of Drawers | Pillow | Blanket,Leila takes a blanket from the chest of drawers and places a pillow at the top of the bed.,An adult taking a folded blanket from a chest of drawers while a pillow rests at the top of the bed.,"Create one clean, realistic, adult-oriented 4:3 learning scene for The Bedroom. Represent these targets clearly and with equal visual importance: Chest of Drawers, Pillow, Blanket. An adult taking a folded blanket from a chest of drawers while a pillow rests at the top of the bed. Keep the main subjects safely centered for object-cover cropping. Use a natural contemporary setting and avoid stereotypes or child-oriented styling. Do not include visible words, letters, numerals, captions, labels, borders, logos, or watermarks. Do not visually reveal which option answers the assessment question.",,needed after image selection,Where was the blanket?,Chest of Drawers,Chest of Drawers | Pillow | Blanket,
bedroom-1-usage-scene-5,6,editorial review required,bedroom,The Bedroom,6,bedroom-1,The Bedroom 1,1,18,Pre-A1,5,bedroom-1-scene-5.avif,./learning-scenes/bedroom/bedroom-1-scene-5.avif,The Bedroom — The Bedroom 1 — Scene 5,Sheet | Mattress | Duvet,Samir spreads the sheet over the mattress and lays the duvet on top.,An adult making a bed by spreading a sheet over the mattress and placing a duvet on top.,"Create one clean, realistic, adult-oriented 4:3 learning scene for The Bedroom. Represent these targets clearly and with equal visual importance: Sheet, Mattress, Duvet. An adult making a bed by spreading a sheet over the mattress and placing a duvet on top. Keep the main subjects safely centered for object-cover cropping. Use a natural contemporary setting and avoid stereotypes or child-oriented styling. Do not include visible words, letters, numerals, captions, labels, borders, logos, or watermarks. Do not visually reveal which option answers the assessment question.",,needed after image selection,What does Samir put directly over the mattress?,Sheet,Sheet | Mattress | Duvet,
bedroom-2-usage-scene-1,6,editorial review required,bedroom,The Bedroom,6,bedroom-2,The Bedroom 2,2,19,Pre-A1,1,bedroom-2-scene-1.avif,./learning-scenes/bedroom/bedroom-2-scene-1.avif,The Bedroom — The Bedroom 2 — Scene 1,Pillowcase | Comforter | Cushion,"Nadia puts a pillowcase on the pillow, pulls the comforter over the bed, and adds a cushion for decoration.","An adult making a bed with a pillowcase, a comforter covering the bed, and a decorative cushion.","Create one clean, realistic, adult-oriented 4:3 learning scene for The Bedroom. Represent these targets clearly and with equal visual importance: Pillowcase, Comforter, Cushion. An adult making a bed with a pillowcase, a comforter covering the bed, and a decorative cushion. Keep the main subjects safely centered for object-cover cropping. Use a natural contemporary setting and avoid stereotypes or child-oriented styling. Do not include visible words, letters, numerals, captions, labels, borders, logos, or watermarks. Do not visually reveal which option answers the assessment question.",,needed after image selection,What does Nadia pull over the bed?,Comforter,Pillowcase | Comforter | Cushion,
bedroom-2-usage-scene-2,6,editorial review required,bedroom,The Bedroom,6,bedroom-2,The Bedroom 2,2,19,Pre-A1,2,bedroom-2-scene-2.avif,./learning-scenes/bedroom/bedroom-2-scene-2.avif,The Bedroom — The Bedroom 2 — Scene 2,Bed Frame | Headboard | Lamp,"The bed frame supports the mattress, the headboard is behind it, and a lamp stands beside the bed.","A cutaway-style bedroom view clearly showing a bed frame below the mattress, a headboard behind it, and a bedside lamp.","Create one clean, realistic, adult-oriented 4:3 learning scene for The Bedroom. Represent these targets clearly and with equal visual importance: Bed Frame, Headboard, Lamp. A cutaway-style bedroom view clearly showing a bed frame below the mattress, a headboard behind it, and a bedside lamp. Keep the main subjects safely centered for object-cover cropping. Use a natural contemporary setting and avoid stereotypes or child-oriented styling. Do not include visible words, letters, numerals, captions, labels, borders, logos, or watermarks. Do not visually reveal which option answers the assessment question.",,needed after image selection,What supports the mattress?,Bed Frame,Bed Frame | Headboard | Lamp,
bedroom-2-usage-scene-3,6,editorial review required,bedroom,The Bedroom,6,bedroom-2,The Bedroom 2,2,19,Pre-A1,3,bedroom-2-scene-3.avif,./learning-scenes/bedroom/bedroom-2-scene-3.avif,The Bedroom — The Bedroom 2 — Scene 3,Curtain | Window | Door,"Hassan opens the curtain to let light through the window, then closes the bedroom door.",An adult opening a curtain at a bright bedroom window while the room door is partly closed.,"Create one clean, realistic, adult-oriented 4:3 learning scene for The Bedroom. Represent these targets clearly and with equal visual importance: Curtain, Window, Door. An adult opening a curtain at a bright bedroom window while the room door is partly closed. Keep the main subjects safely centered for object-cover cropping. Use a natural contemporary setting and avoid stereotypes or child-oriented styling. Do not include visible words, letters, numerals, captions, labels, borders, logos, or watermarks. Do not visually reveal which option answers the assessment question.",,needed after image selection,What does Hassan open at the window?,Curtain,Curtain | Window | Door,
bedroom-2-usage-scene-4,6,editorial review required,bedroom,The Bedroom,6,bedroom-2,The Bedroom 2,2,19,Pre-A1,4,bedroom-2-scene-4.avif,./learning-scenes/bedroom/bedroom-2-scene-4.avif,The Bedroom — The Bedroom 2 — Scene 4,Rug | Carpet | Ceiling Light,"A small rug lies over part of the carpet, and the ceiling light shines above both.","A clearly bounded rug lying over a larger fitted carpet, with a ceiling light above.","Create one clean, realistic, adult-oriented 4:3 learning scene for The Bedroom. Represent these targets clearly and with equal visual importance: Rug, Carpet, Ceiling Light. A clearly bounded rug lying over a larger fitted carpet, with a ceiling light above. Keep the main subjects safely centered for object-cover cropping. Use a natural contemporary setting and avoid stereotypes or child-oriented styling. Do not include visible words, letters, numerals, captions, labels, borders, logos, or watermarks. Do not visually reveal which option answers the assessment question.",,needed after image selection,What is under the small rug?,Carpet,Rug | Carpet | Ceiling Light,
bedroom-2-usage-scene-5,6,editorial review required,bedroom,The Bedroom,6,bedroom-2,The Bedroom 2,2,19,Pre-A1,5,bedroom-2-scene-5.avif,./learning-scenes/bedroom/bedroom-2-scene-5.avif,The Bedroom — The Bedroom 2 — Scene 5,Light Switch | Blinds | Outlet,"Rana presses the light switch, lowers the blinds, and plugs her charger into the outlet.",An adult plugging a charger into a wall outlet; a light switch and lowered window blinds are also clearly visible.,"Create one clean, realistic, adult-oriented 4:3 learning scene for The Bedroom. Represent these targets clearly and with equal visual importance: Light Switch, Blinds, Outlet. An adult plugging a charger into a wall outlet; a light switch and lowered window blinds are also clearly visible. Keep the main subjects safely centered for object-cover cropping. Use a natural contemporary setting and avoid stereotypes or child-oriented styling. Do not include visible words, letters, numerals, captions, labels, borders, logos, or watermarks. Do not visually reveal which option answers the assessment question.",,needed after image selection,Where does Rana plug in her charger?,Outlet,Light Switch | Blinds | Outlet,
bedroom-3-usage-scene-1,6,editorial review required,bedroom,The Bedroom,6,bedroom-3,The Bedroom 3,3,20,Pre-A1,1,bedroom-3-scene-1.avif,./learning-scenes/bedroom/bedroom-3-scene-1.avif,The Bedroom — The Bedroom 3 — Scene 1,Alarm Clock | Picture Frame | Clock,"The alarm clock wakes Karim at seven; a picture frame is beside it, and a wall clock hangs above the desk.","A ringing alarm clock beside a picture frame, with a separate wall clock above a bedroom desk.","Create one clean, realistic, adult-oriented 4:3 learning scene for The Bedroom. Represent these targets clearly and with equal visual importance: Alarm Clock, Picture Frame, Clock. A ringing alarm clock beside a picture frame, with a separate wall clock above a bedroom desk. Keep the main subjects safely centered for object-cover cropping. Use a natural contemporary setting and avoid stereotypes or child-oriented styling. Do not include visible words, letters, numerals, captions, labels, borders, logos, or watermarks. Do not visually reveal which option answers the assessment question.",,needed after image selection,What wakes Karim at seven?,Alarm Clock,Alarm Clock | Picture Frame | Clock,
bedroom-3-usage-scene-2,6,editorial review required,bedroom,The Bedroom,6,bedroom-3,The Bedroom 3,3,20,Pre-A1,2,bedroom-3-scene-2.avif,./learning-scenes/bedroom/bedroom-3-scene-2.avif,The Bedroom — The Bedroom 3 — Scene 2,Plant | Vase | Candle,Salma waters the plant beside the vase while an unlit candle stays safely on the shelf.,"An adult watering a bedroom plant beside a vase, with an unlit candle safely placed on a separate shelf.","Create one clean, realistic, adult-oriented 4:3 learning scene for The Bedroom. Represent these targets clearly and with equal visual importance: Plant, Vase, Candle. An adult watering a bedroom plant beside a vase, with an unlit candle safely placed on a separate shelf. Keep the main subjects safely centered for object-cover cropping. Use a natural contemporary setting and avoid stereotypes or child-oriented styling. Do not include visible words, letters, numerals, captions, labels, borders, logos, or watermarks. Do not visually reveal which option answers the assessment question.",,needed after image selection,What does Salma water?,Plant,Plant | Vase | Candle,
bedroom-3-usage-scene-3,6,editorial review required,bedroom,The Bedroom,6,bedroom-3,The Bedroom 3,3,20,Pre-A1,3,bedroom-3-scene-3.avif,./learning-scenes/bedroom/bedroom-3-scene-3.avif,The Bedroom — The Bedroom 3 — Scene 3,Calendar | Tissue Box | Wastebasket,"Tariq checks the calendar, takes a tissue from the tissue box, and puts the used tissue in the wastebasket.","An adult placing a used tissue into a wastebasket, with a calendar and tissue box clearly visible.","Create one clean, realistic, adult-oriented 4:3 learning scene for The Bedroom. Represent these targets clearly and with equal visual importance: Calendar, Tissue Box, Wastebasket. An adult placing a used tissue into a wastebasket, with a calendar and tissue box clearly visible. Keep the main subjects safely centered for object-cover cropping. Use a natural contemporary setting and avoid stereotypes or child-oriented styling. Do not include visible words, letters, numerals, captions, labels, borders, logos, or watermarks. Do not visually reveal which option answers the assessment question.",,needed after image selection,Where does Tariq put the used tissue?,Wastebasket,Calendar | Tissue Box | Wastebasket,
bedroom-3-usage-scene-4,6,editorial review required,bedroom,The Bedroom,6,bedroom-3,The Bedroom 3,3,20,Pre-A1,4,bedroom-3-scene-4.avif,./learning-scenes/bedroom/bedroom-3-scene-4.avif,The Bedroom — The Bedroom 3 — Scene 4,Hanger | Pajamas | Slippers,"Mona puts her shirt on a hanger, folds her pajamas, and leaves her slippers beside the wardrobe.",An adult placing a shirt on a hanger; folded pajamas and slippers beside a wardrobe remain visible.,"Create one clean, realistic, adult-oriented 4:3 learning scene for The Bedroom. Represent these targets clearly and with equal visual importance: Hanger, Pajamas, Slippers. An adult placing a shirt on a hanger; folded pajamas and slippers beside a wardrobe remain visible. Keep the main subjects safely centered for object-cover cropping. Use a natural contemporary setting and avoid stereotypes or child-oriented styling. Do not include visible words, letters, numerals, captions, labels, borders, logos, or watermarks. Do not visually reveal which option answers the assessment question.",,needed after image selection,What holds Mona's shirt?,Hanger,Hanger | Pajamas | Slippers,
bedroom-3-usage-scene-5,6,editorial review required,bedroom,The Bedroom,6,bedroom-3,The Bedroom 3,3,20,Pre-A1,5,bedroom-3-scene-5.avif,./learning-scenes/bedroom/bedroom-3-scene-5.avif,The Bedroom — The Bedroom 3 — Scene 5,Robe | Teddy Bear | Poster,"A robe hangs behind the door, a teddy bear sits on the bed, and a poster is above the headboard.","A robe hanging behind a bedroom door, a teddy bear on the bed, and a poster above the headboard.","Create one clean, realistic, adult-oriented 4:3 learning scene for The Bedroom. Represent these targets clearly and with equal visual importance: Robe, Teddy Bear, Poster. A robe hanging behind a bedroom door, a teddy bear on the bed, and a poster above the headboard. Keep the main subjects safely centered for object-cover cropping. Use a natural contemporary setting and avoid stereotypes or child-oriented styling. Do not include visible words, letters, numerals, captions, labels, borders, logos, or watermarks. Do not visually reveal which option answers the assessment question.",,needed after image selection,What hangs behind the door?,Robe,Robe | Teddy Bear | Poster,
