scene_id,production_priority,production_status,unit_id,unit_name,unit_order,lesson_id,lesson_name,lesson_order,global_order,cefr,scene_number,image_name,image_path,short_name,target_words,scenario,image_brief,generation_prompt,image_alt,alt_text_status,check_question,check_answer,check_options,content_issue
bedroom-4-usage-scene-1,6,editorial review required,bedroom,The Bedroom,6,bedroom-4,The Bedroom 4,4,21,Pre-A1,1,bedroom-4-scene-1.avif,./learning-scenes/bedroom/bedroom-4-scene-1.avif,The Bedroom — The Bedroom 4 — Scene 1,Books | Photo Album | Glasses,"Before bed, Hana puts her glasses on the photo album beside two books.","A bedside table with two books, a closed photo album, and glasses resting on the album.","Create one clean, realistic, adult-oriented 4:3 learning scene for The Bedroom. Represent these targets clearly and with equal visual importance: Books, Photo Album, Glasses. A bedside table with two books, a closed photo album, and glasses resting on the album. Keep the main subjects safely centered for object-cover cropping. Use a natural contemporary setting and avoid stereotypes or child-oriented styling. Do not include visible words, letters, numerals, captions, labels, borders, logos, or watermarks. Do not visually reveal which option answers the assessment question.",,needed after image selection,What does Hana put on the photo album?,Glasses,Books | Photo Album | Glasses,
bedroom-4-usage-scene-2,6,editorial review required,bedroom,The Bedroom,6,bedroom-4,The Bedroom 4,4,21,Pre-A1,2,bedroom-4-scene-2.avif,./learning-scenes/bedroom/bedroom-4-scene-2.avif,The Bedroom — The Bedroom 4 — Scene 2,Backpack | Jewelry Box | Phone,Omar puts his phone in his backpack and leaves the jewelry box on the dresser.,An adult placing a phone into an open backpack while a jewelry box sits on a nearby dresser.,"Create one clean, realistic, adult-oriented 4:3 learning scene for The Bedroom. Represent these targets clearly and with equal visual importance: Backpack, Jewelry Box, Phone. An adult placing a phone into an open backpack while a jewelry box sits on a nearby dresser. Keep the main subjects safely centered for object-cover cropping. Use a natural contemporary setting and avoid stereotypes or child-oriented styling. Do not include visible words, letters, numerals, captions, labels, borders, logos, or watermarks. Do not visually reveal which option answers the assessment question.",,needed after image selection,Where does Omar put his phone?,Backpack,Backpack | Jewelry Box | Phone,
bedroom-4-usage-scene-3,6,editorial review required,bedroom,The Bedroom,6,bedroom-4,The Bedroom 4,4,21,Pre-A1,3,bedroom-4-scene-3.avif,./learning-scenes/bedroom/bedroom-4-scene-3.avif,The Bedroom — The Bedroom 4 — Scene 3,Charger | Laptop | Headphones,Maya connects the charger to her laptop and sets her headphones beside it.,A tidy bedroom desk with a laptop connected to a charger and headphones beside the computer.,"Create one clean, realistic, adult-oriented 4:3 learning scene for The Bedroom. Represent these targets clearly and with equal visual importance: Charger, Laptop, Headphones. A tidy bedroom desk with a laptop connected to a charger and headphones beside the computer. Keep the main subjects safely centered for object-cover cropping. Use a natural contemporary setting and avoid stereotypes or child-oriented styling. Do not include visible words, letters, numerals, captions, labels, borders, logos, or watermarks. Do not visually reveal which option answers the assessment question.",,needed after image selection,What does Maya connect to the laptop?,Charger,Charger | Laptop | Headphones,
bedroom-4-usage-scene-4,6,editorial review required,bedroom,The Bedroom,6,bedroom-4,The Bedroom 4,4,21,Pre-A1,4,bedroom-4-scene-4.avif,./learning-scenes/bedroom/bedroom-4-scene-4.avif,The Bedroom — The Bedroom 4 — Scene 4,Tablet | Speaker | Reading Light,The tablet is playing music through the speaker under the reading light.,"A tablet on a bedroom desk, a small speaker nearby, and a reading light illuminating both.","Create one clean, realistic, adult-oriented 4:3 learning scene for The Bedroom. Represent these targets clearly and with equal visual importance: Tablet, Speaker, Reading Light. A tablet on a bedroom desk, a small speaker nearby, and a reading light illuminating both. Keep the main subjects safely centered for object-cover cropping. Use a natural contemporary setting and avoid stereotypes or child-oriented styling. Do not include visible words, letters, numerals, captions, labels, borders, logos, or watermarks. Do not visually reveal which option answers the assessment question.",,needed after image selection,What is playing music?,Tablet,Tablet | Speaker | Reading Light,
bedroom-4-usage-scene-5,6,editorial review required,bedroom,The Bedroom,6,bedroom-4,The Bedroom 4,4,21,Pre-A1,5,bedroom-4-scene-5.avif,./learning-scenes/bedroom/bedroom-4-scene-5.avif,The Bedroom — The Bedroom 4 — Scene 5,Remote Control,"Before she sleeps, Lina leaves the remote control on the nightstand.",A hand placing a remote control on a nightstand beside a neatly made bed.,"Create one clean, realistic, adult-oriented 4:3 learning scene for The Bedroom. Represent these targets clearly and with equal visual importance: Remote Control. A hand placing a remote control on a nightstand beside a neatly made bed. Keep the main subjects safely centered for object-cover cropping. Use a natural contemporary setting and avoid stereotypes or child-oriented styling. Do not include visible words, letters, numerals, captions, labels, borders, logos, or watermarks. Do not visually reveal which option answers the assessment question.",,needed after image selection,What does Lina leave on the nightstand?,Remote Control,Remote Control,
bathroom-1-usage-scene-1,6,editorial review required,bathroom,The Bathroom,7,bathroom-1,Fixtures & Fittings,1,22,Pre-A1,1,bathroom-1-scene-1.avif,./learning-scenes/bathroom/bathroom-1-scene-1.avif,The Bathroom — Fixtures & Fittings — Scene 1,Bathtub | Shower | Toilet,"The shower is above the bathtub, and the toilet is beside it.",A clean bathroom showing a shower above a bathtub and a toilet beside the bathtub.,"Create one clean, realistic, adult-oriented 4:3 learning scene for The Bathroom. Represent these targets clearly and with equal visual importance: Bathtub, Shower, Toilet. A clean bathroom showing a shower above a bathtub and a toilet beside the bathtub. Keep the main subjects safely centered for object-cover cropping. Use a natural contemporary setting and avoid stereotypes or child-oriented styling. Do not include visible words, letters, numerals, captions, labels, borders, logos, or watermarks. Do not visually reveal which option answers the assessment question.",,needed after image selection,What is above the bathtub?,Shower,Bathtub | Shower | Toilet,
bathroom-1-usage-scene-2,6,editorial review required,bathroom,The Bathroom,7,bathroom-1,Fixtures & Fittings,1,22,Pre-A1,2,bathroom-1-scene-2.avif,./learning-scenes/bathroom/bathroom-1-scene-2.avif,The Bathroom — Fixtures & Fittings — Scene 2,Sink | Faucet | Drain,Water runs from the faucet into the sink and goes down the drain.,A close view of water running from a faucet into a sink and flowing toward the visible drain.,"Create one clean, realistic, adult-oriented 4:3 learning scene for The Bathroom. Represent these targets clearly and with equal visual importance: Sink, Faucet, Drain. A close view of water running from a faucet into a sink and flowing toward the visible drain. Keep the main subjects safely centered for object-cover cropping. Use a natural contemporary setting and avoid stereotypes or child-oriented styling. Do not include visible words, letters, numerals, captions, labels, borders, logos, or watermarks. Do not visually reveal which option answers the assessment question.",,needed after image selection,Where does the water go after it enters the sink?,Drain,Sink | Faucet | Drain,
bathroom-1-usage-scene-3,6,editorial review required,bathroom,The Bathroom,7,bathroom-1,Fixtures & Fittings,1,22,Pre-A1,3,bathroom-1-scene-3.avif,./learning-scenes/bathroom/bathroom-1-scene-3.avif,The Bathroom — Fixtures & Fittings — Scene 3,Mirror | Towel Rack | Cabinet,Rami looks in the mirror while a clean towel hangs on the towel rack beside the cabinet.,"An adult facing a mirror, with a towel on a rack and a bathroom cabinet nearby.","Create one clean, realistic, adult-oriented 4:3 learning scene for The Bathroom. Represent these targets clearly and with equal visual importance: Mirror, Towel Rack, Cabinet. An adult facing a mirror, with a towel on a rack and a bathroom cabinet nearby. Keep the main subjects safely centered for object-cover cropping. Use a natural contemporary setting and avoid stereotypes or child-oriented styling. Do not include visible words, letters, numerals, captions, labels, borders, logos, or watermarks. Do not visually reveal which option answers the assessment question.",,needed after image selection,What does Rami look in?,Mirror,Mirror | Towel Rack | Cabinet,
bathroom-1-usage-scene-4,6,editorial review required,bathroom,The Bathroom,7,bathroom-1,Fixtures & Fittings,1,22,Pre-A1,4,bathroom-1-scene-4.avif,./learning-scenes/bathroom/bathroom-1-scene-4.avif,The Bathroom — Fixtures & Fittings — Scene 4,Tiles,The blue tiles make the bathroom wall easy to clean.,A clean bathroom wall clearly covered with blue ceramic tiles.,"Create one clean, realistic, adult-oriented 4:3 learning scene for The Bathroom. Represent these targets clearly and with equal visual importance: Tiles. A clean bathroom wall clearly covered with blue ceramic tiles. Keep the main subjects safely centered for object-cover cropping. Use a natural contemporary setting and avoid stereotypes or child-oriented styling. Do not include visible words, letters, numerals, captions, labels, borders, logos, or watermarks. Do not visually reveal which option answers the assessment question.",,needed after image selection,What covers the bathroom wall?,Tiles,Tiles,
bathroom-2-usage-scene-1,6,editorial review required,bathroom,The Bathroom,7,bathroom-2,Toiletries,2,23,Pre-A1,1,bathroom-2-scene-1.avif,./learning-scenes/bathroom/bathroom-2-scene-1.avif,The Bathroom — Toiletries — Scene 1,Soap | Shampoo | Conditioner,"Nour washes her hair with shampoo, then uses conditioner; the soap stays by the sink.",An adult shower routine with shampoo and conditioner bottles in use and a bar of soap by the sink.,"Create one clean, realistic, adult-oriented 4:3 learning scene for The Bathroom. Represent these targets clearly and with equal visual importance: Soap, Shampoo, Conditioner. An adult shower routine with shampoo and conditioner bottles in use and a bar of soap by the sink. Keep the main subjects safely centered for object-cover cropping. Use a natural contemporary setting and avoid stereotypes or child-oriented styling. Do not include visible words, letters, numerals, captions, labels, borders, logos, or watermarks. Do not visually reveal which option answers the assessment question.",,needed after image selection,What does Nour use after shampoo?,Conditioner,Soap | Shampoo | Conditioner,
bathroom-2-usage-scene-2,6,editorial review required,bathroom,The Bathroom,7,bathroom-2,Toiletries,2,23,Pre-A1,2,bathroom-2-scene-2.avif,./learning-scenes/bathroom/bathroom-2-scene-2.avif,The Bathroom — Toiletries — Scene 2,Toothbrush | Toothpaste | Towel,"After brushing, Sami puts the toothbrush beside the toothpaste and dries his face with a towel.","An adult holding a towel near a sink, with a toothbrush and toothpaste together on the counter.","Create one clean, realistic, adult-oriented 4:3 learning scene for The Bathroom. Represent these targets clearly and with equal visual importance: Toothbrush, Toothpaste, Towel. An adult holding a towel near a sink, with a toothbrush and toothpaste together on the counter. Keep the main subjects safely centered for object-cover cropping. Use a natural contemporary setting and avoid stereotypes or child-oriented styling. Do not include visible words, letters, numerals, captions, labels, borders, logos, or watermarks. Do not visually reveal which option answers the assessment question.",,needed after image selection,What does Sami use to dry his face?,Towel,Toothbrush | Toothpaste | Towel,
bathroom-2-usage-scene-3,6,editorial review required,bathroom,The Bathroom,7,bathroom-2,Toiletries,2,23,Pre-A1,3,bathroom-2-scene-3.avif,./learning-scenes/bathroom/bathroom-2-scene-3.avif,The Bathroom — Toiletries — Scene 3,Comb | Hairbrush | Lotion,"Leila uses a comb for the ends of her hair, a hairbrush for the rest, and lotion for her hands.",An adult applying lotion to one hand; a comb and hairbrush are clearly visible on the counter.,"Create one clean, realistic, adult-oriented 4:3 learning scene for The Bathroom. Represent these targets clearly and with equal visual importance: Comb, Hairbrush, Lotion. An adult applying lotion to one hand; a comb and hairbrush are clearly visible on the counter. Keep the main subjects safely centered for object-cover cropping. Use a natural contemporary setting and avoid stereotypes or child-oriented styling. Do not include visible words, letters, numerals, captions, labels, borders, logos, or watermarks. Do not visually reveal which option answers the assessment question.",,needed after image selection,What does Leila put on her hands?,Lotion,Comb | Hairbrush | Lotion,
bathroom-2-usage-scene-4,6,editorial review required,bathroom,The Bathroom,7,bathroom-2,Toiletries,2,23,Pre-A1,4,bathroom-2-scene-4.avif,./learning-scenes/bathroom/bathroom-2-scene-4.avif,The Bathroom — Toiletries — Scene 4,Deodorant,"Before work, Kareem uses deodorant after his shower.",An adult completing a morning routine and holding an unbranded deodorant container.,"Create one clean, realistic, adult-oriented 4:3 learning scene for The Bathroom. Represent these targets clearly and with equal visual importance: Deodorant. An adult completing a morning routine and holding an unbranded deodorant container. Keep the main subjects safely centered for object-cover cropping. Use a natural contemporary setting and avoid stereotypes or child-oriented styling. Do not include visible words, letters, numerals, captions, labels, borders, logos, or watermarks. Do not visually reveal which option answers the assessment question.",,needed after image selection,What does Kareem use after his shower?,Deodorant,Deodorant,
bathroom-3-usage-scene-1,6,editorial review required,bathroom,The Bathroom,7,bathroom-3,Bathroom Supplies,3,24,Pre-A1,1,bathroom-3-scene-1.avif,./learning-scenes/bathroom/bathroom-3-scene-1.avif,The Bathroom — Bathroom Supplies — Scene 1,Toilet Paper | Cotton Balls | Cotton Swab,A roll of toilet paper is beside a jar of cotton balls and a small pack of cotton swabs.,"A bathroom shelf with one toilet-paper roll, a clear jar of cotton balls, and a small pack of cotton swabs.","Create one clean, realistic, adult-oriented 4:3 learning scene for The Bathroom. Represent these targets clearly and with equal visual importance: Toilet Paper, Cotton Balls, Cotton Swab. A bathroom shelf with one toilet-paper roll, a clear jar of cotton balls, and a small pack of cotton swabs. Keep the main subjects safely centered for object-cover cropping. Use a natural contemporary setting and avoid stereotypes or child-oriented styling. Do not include visible words, letters, numerals, captions, labels, borders, logos, or watermarks. Do not visually reveal which option answers the assessment question.",,needed after image selection,Which item is on a roll?,Toilet Paper,Toilet Paper | Cotton Balls | Cotton Swab,
bathroom-3-usage-scene-2,6,editorial review required,bathroom,The Bathroom,7,bathroom-3,Bathroom Supplies,3,24,Pre-A1,2,bathroom-3-scene-2.avif,./learning-scenes/bathroom/bathroom-3-scene-2.avif,The Bathroom — Bathroom Supplies — Scene 2,Razor | Nail Clipper | Hair Dryer,"After shaving with a razor, Amir uses the nail clipper; the hair dryer stays unplugged.","A safe grooming scene with an adult using a razor, a nail clipper nearby, and an unplugged hair dryer.","Create one clean, realistic, adult-oriented 4:3 learning scene for The Bathroom. Represent these targets clearly and with equal visual importance: Razor, Nail Clipper, Hair Dryer. A safe grooming scene with an adult using a razor, a nail clipper nearby, and an unplugged hair dryer. Keep the main subjects safely centered for object-cover cropping. Use a natural contemporary setting and avoid stereotypes or child-oriented styling. Do not include visible words, letters, numerals, captions, labels, borders, logos, or watermarks. Do not visually reveal which option answers the assessment question.",,needed after image selection,What does Amir use for shaving?,Razor,Razor | Nail Clipper | Hair Dryer,
bathroom-3-usage-scene-3,6,editorial review required,bathroom,The Bathroom,7,bathroom-3,Bathroom Supplies,3,24,Pre-A1,3,bathroom-3-scene-3.avif,./learning-scenes/bathroom/bathroom-3-scene-3.avif,The Bathroom — Bathroom Supplies — Scene 3,Scale | Laundry Basket | First Aid Kit,"The scale is on the floor, the laundry basket holds clothes, and the first aid kit is in the cabinet.","A bathroom with a floor scale, a laundry basket containing clothes, and an open cabinet with a first aid kit.","Create one clean, realistic, adult-oriented 4:3 learning scene for The Bathroom. Represent these targets clearly and with equal visual importance: Scale, Laundry Basket, First Aid Kit. A bathroom with a floor scale, a laundry basket containing clothes, and an open cabinet with a first aid kit. Keep the main subjects safely centered for object-cover cropping. Use a natural contemporary setting and avoid stereotypes or child-oriented styling. Do not include visible words, letters, numerals, captions, labels, borders, logos, or watermarks. Do not visually reveal which option answers the assessment question.",,needed after image selection,What holds the clothes?,Laundry Basket,Scale | Laundry Basket | First Aid Kit,
bathroom-3-usage-scene-4,6,editorial review required,bathroom,The Bathroom,7,bathroom-3,Bathroom Supplies,3,24,Pre-A1,4,bathroom-3-scene-4.avif,./learning-scenes/bathroom/bathroom-3-scene-4.avif,The Bathroom — Bathroom Supplies — Scene 4,Thermometer,Mona checks her temperature with a thermometer because she feels unwell.,An adult safely using a digital thermometer in a home bathroom.,"Create one clean, realistic, adult-oriented 4:3 learning scene for The Bathroom. Represent these targets clearly and with equal visual importance: Thermometer. An adult safely using a digital thermometer in a home bathroom. Keep the main subjects safely centered for object-cover cropping. Use a natural contemporary setting and avoid stereotypes or child-oriented styling. Do not include visible words, letters, numerals, captions, labels, borders, logos, or watermarks. Do not visually reveal which option answers the assessment question.",,needed after image selection,What does Mona use to check her temperature?,Thermometer,Thermometer,
bathroom-4-usage-scene-1,6,editorial review required,bathroom,The Bathroom,7,bathroom-4,Bath & Shower,4,25,Pre-A1,1,bathroom-4-scene-1.avif,./learning-scenes/bathroom/bathroom-4-scene-1.avif,The Bathroom — Bath & Shower — Scene 1,Bath Mat | Shower Curtain | Shower Head,"The bath mat is outside the shower curtain, directly below the shower head.","A shower area with a shower curtain, shower head, and bath mat clearly positioned outside on the floor.","Create one clean, realistic, adult-oriented 4:3 learning scene for The Bathroom. Represent these targets clearly and with equal visual importance: Bath Mat, Shower Curtain, Shower Head. A shower area with a shower curtain, shower head, and bath mat clearly positioned outside on the floor. Keep the main subjects safely centered for object-cover cropping. Use a natural contemporary setting and avoid stereotypes or child-oriented styling. Do not include visible words, letters, numerals, captions, labels, borders, logos, or watermarks. Do not visually reveal which option answers the assessment question.",,needed after image selection,What is on the floor outside the shower?,Bath Mat,Bath Mat | Shower Curtain | Shower Head,
bathroom-4-usage-scene-2,6,editorial review required,bathroom,The Bathroom,7,bathroom-4,Bath & Shower,4,25,Pre-A1,2,bathroom-4-scene-2.avif,./learning-scenes/bathroom/bathroom-4-scene-2.avif,The Bathroom — Bath & Shower — Scene 2,Bath Towel | Hand Towel | Washcloth,"After her shower, Dina uses the bath towel; a hand towel and washcloth remain by the sink.","An adult wrapping up in a bath towel, with a smaller hand towel and washcloth beside the sink.","Create one clean, realistic, adult-oriented 4:3 learning scene for The Bathroom. Represent these targets clearly and with equal visual importance: Bath Towel, Hand Towel, Washcloth. An adult wrapping up in a bath towel, with a smaller hand towel and washcloth beside the sink. Keep the main subjects safely centered for object-cover cropping. Use a natural contemporary setting and avoid stereotypes or child-oriented styling. Do not include visible words, letters, numerals, captions, labels, borders, logos, or watermarks. Do not visually reveal which option answers the assessment question.",,needed after image selection,What does Dina use after her shower?,Bath Towel,Bath Towel | Hand Towel | Washcloth,
bathroom-4-usage-scene-3,6,editorial review required,bathroom,The Bathroom,7,bathroom-4,Bath & Shower,4,25,Pre-A1,3,bathroom-4-scene-3.avif,./learning-scenes/bathroom/bathroom-4-scene-3.avif,The Bathroom — Bath & Shower — Scene 3,Soap Dish | Shampoo Bottle | Rubber Duck,"The soap sits in the soap dish beside the shampoo bottle, while a rubber duck floats in the bath.","A soap bar in a soap dish beside a shampoo bottle, with a rubber duck floating in the bathtub.","Create one clean, realistic, adult-oriented 4:3 learning scene for The Bathroom. Represent these targets clearly and with equal visual importance: Soap Dish, Shampoo Bottle, Rubber Duck. A soap bar in a soap dish beside a shampoo bottle, with a rubber duck floating in the bathtub. Keep the main subjects safely centered for object-cover cropping. Use a natural contemporary setting and avoid stereotypes or child-oriented styling. Do not include visible words, letters, numerals, captions, labels, borders, logos, or watermarks. Do not visually reveal which option answers the assessment question.",,needed after image selection,Where is the soap?,Soap Dish,Soap Dish | Shampoo Bottle | Rubber Duck,
bathroom-4-usage-scene-4,6,editorial review required,bathroom,The Bathroom,7,bathroom-4,Bath & Shower,4,25,Pre-A1,4,bathroom-4-scene-4.avif,./learning-scenes/bathroom/bathroom-4-scene-4.avif,The Bathroom — Bath & Shower — Scene 4,Shower Gel,Yousef squeezes shower gel onto his hand before washing.,An adult squeezing unbranded shower gel onto one hand in a shower area.,"Create one clean, realistic, adult-oriented 4:3 learning scene for The Bathroom. Represent these targets clearly and with equal visual importance: Shower Gel. An adult squeezing unbranded shower gel onto one hand in a shower area. Keep the main subjects safely centered for object-cover cropping. Use a natural contemporary setting and avoid stereotypes or child-oriented styling. Do not include visible words, letters, numerals, captions, labels, borders, logos, or watermarks. Do not visually reveal which option answers the assessment question.",,needed after image selection,What does Yousef put on his hand?,Shower Gel,Shower Gel,
bathroom-5-usage-scene-1,6,editorial review required,bathroom,The Bathroom,7,bathroom-5,Personal Care,5,26,Pre-A1,1,bathroom-5-scene-1.avif,./learning-scenes/bathroom/bathroom-5-scene-1.avif,The Bathroom — Personal Care — Scene 1,Face Cream | Sunscreen | Lip Balm,"Before going outside, Salma uses face cream, sunscreen, and lip balm.","An adult preparing to go outdoors, applying sunscreen with face cream and lip balm nearby.","Create one clean, realistic, adult-oriented 4:3 learning scene for The Bathroom. Represent these targets clearly and with equal visual importance: Face Cream, Sunscreen, Lip Balm. An adult preparing to go outdoors, applying sunscreen with face cream and lip balm nearby. Keep the main subjects safely centered for object-cover cropping. Use a natural contemporary setting and avoid stereotypes or child-oriented styling. Do not include visible words, letters, numerals, captions, labels, borders, logos, or watermarks. Do not visually reveal which option answers the assessment question.",,needed after image selection,What protects Salma's skin from the sun?,Sunscreen,Face Cream | Sunscreen | Lip Balm,
bathroom-5-usage-scene-2,6,editorial review required,bathroom,The Bathroom,7,bathroom-5,Personal Care,5,26,Pre-A1,2,bathroom-5-scene-2.avif,./learning-scenes/bathroom/bathroom-5-scene-2.avif,The Bathroom — Personal Care — Scene 2,Hand Soap | Body Wash | Mouthwash,"At the sink, Ali uses hand soap; the body wash is in the shower and the mouthwash is by his toothbrush.",An adult washing hands at a sink; body wash is in the shower and mouthwash is near a toothbrush.,"Create one clean, realistic, adult-oriented 4:3 learning scene for The Bathroom. Represent these targets clearly and with equal visual importance: Hand Soap, Body Wash, Mouthwash. An adult washing hands at a sink; body wash is in the shower and mouthwash is near a toothbrush. Keep the main subjects safely centered for object-cover cropping. Use a natural contemporary setting and avoid stereotypes or child-oriented styling. Do not include visible words, letters, numerals, captions, labels, borders, logos, or watermarks. Do not visually reveal which option answers the assessment question.",,needed after image selection,What does Ali use at the sink?,Hand Soap,Hand Soap | Body Wash | Mouthwash,
bathroom-5-usage-scene-3,6,editorial review required,bathroom,The Bathroom,7,bathroom-5,Personal Care,5,26,Pre-A1,3,bathroom-5-scene-3.avif,./learning-scenes/bathroom/bathroom-5-scene-3.avif,The Bathroom — Personal Care — Scene 3,Dental Floss | Face Wash | Hand Sanitizer,"After washing her face with face wash, Huda uses dental floss; the hand sanitizer stays in her bag.","An adult using dental floss safely, with face wash on the counter and hand sanitizer visible in an open bag.","Create one clean, realistic, adult-oriented 4:3 learning scene for The Bathroom. Represent these targets clearly and with equal visual importance: Dental Floss, Face Wash, Hand Sanitizer. An adult using dental floss safely, with face wash on the counter and hand sanitizer visible in an open bag. Keep the main subjects safely centered for object-cover cropping. Use a natural contemporary setting and avoid stereotypes or child-oriented styling. Do not include visible words, letters, numerals, captions, labels, borders, logos, or watermarks. Do not visually reveal which option answers the assessment question.",,needed after image selection,What does Huda use between her teeth?,Dental Floss,Dental Floss | Face Wash | Hand Sanitizer,
bathroom-5-usage-scene-4,6,editorial review required,bathroom,The Bathroom,7,bathroom-5,Personal Care,5,26,Pre-A1,4,bathroom-5-scene-4.avif,./learning-scenes/bathroom/bathroom-5-scene-4.avif,The Bathroom — Personal Care — Scene 4,Wet Wipes,Tariq keeps wet wipes in his travel bag for quick cleanups.,An adult packing an unbranded packet of wet wipes into a small travel bag.,"Create one clean, realistic, adult-oriented 4:3 learning scene for The Bathroom. Represent these targets clearly and with equal visual importance: Wet Wipes. An adult packing an unbranded packet of wet wipes into a small travel bag. Keep the main subjects safely centered for object-cover cropping. Use a natural contemporary setting and avoid stereotypes or child-oriented styling. Do not include visible words, letters, numerals, captions, labels, borders, logos, or watermarks. Do not visually reveal which option answers the assessment question.",,needed after image selection,What does Tariq keep in his travel bag?,Wet Wipes,Wet Wipes,
bathroom-6-usage-scene-1,6,editorial review required,bathroom,The Bathroom,7,bathroom-6,Cleaning Items,6,27,Pre-A1,1,bathroom-6-scene-1.avif,./learning-scenes/bathroom/bathroom-6-scene-1.avif,The Bathroom — Cleaning Items — Scene 1,Sponge | Brush | Bucket,"Mariam fills the bucket, wets the sponge, and scrubs the bath with a brush.",An adult cleaning a bathtub with a sponge and brush beside a bucket of water.,"Create one clean, realistic, adult-oriented 4:3 learning scene for The Bathroom. Represent these targets clearly and with equal visual importance: Sponge, Brush, Bucket. An adult cleaning a bathtub with a sponge and brush beside a bucket of water. Keep the main subjects safely centered for object-cover cropping. Use a natural contemporary setting and avoid stereotypes or child-oriented styling. Do not include visible words, letters, numerals, captions, labels, borders, logos, or watermarks. Do not visually reveal which option answers the assessment question.",,needed after image selection,What does Mariam fill with water?,Bucket,Sponge | Brush | Bucket,
bathroom-6-usage-scene-2,6,editorial review required,bathroom,The Bathroom,7,bathroom-6,Cleaning Items,6,27,Pre-A1,2,bathroom-6-scene-2.avif,./learning-scenes/bathroom/bathroom-6-scene-2.avif,The Bathroom — Cleaning Items — Scene 2,Gloves | Spray Bottle | Cloth,"Omar wears gloves, sprays the mirror with a spray bottle, and wipes it with a cloth.",An adult wearing cleaning gloves and wiping a mirror with a cloth; a spray bottle is in the other hand.,"Create one clean, realistic, adult-oriented 4:3 learning scene for The Bathroom. Represent these targets clearly and with equal visual importance: Gloves, Spray Bottle, Cloth. An adult wearing cleaning gloves and wiping a mirror with a cloth; a spray bottle is in the other hand. Keep the main subjects safely centered for object-cover cropping. Use a natural contemporary setting and avoid stereotypes or child-oriented styling. Do not include visible words, letters, numerals, captions, labels, borders, logos, or watermarks. Do not visually reveal which option answers the assessment question.",,needed after image selection,What does Omar use to wipe the mirror?,Cloth,Gloves | Spray Bottle | Cloth,
bathroom-6-usage-scene-3,6,editorial review required,bathroom,The Bathroom,7,bathroom-6,Cleaning Items,6,27,Pre-A1,3,bathroom-6-scene-3.avif,./learning-scenes/bathroom/bathroom-6-scene-3.avif,The Bathroom — Cleaning Items — Scene 3,Plunger | Squeegee | Tissue,"The plunger is beside the toilet, the squeegee is by the shower, and the tissue is near the sink.","A bathroom with a plunger beside the toilet, a squeegee by the shower, and tissues near the sink.","Create one clean, realistic, adult-oriented 4:3 learning scene for The Bathroom. Represent these targets clearly and with equal visual importance: Plunger, Squeegee, Tissue. A bathroom with a plunger beside the toilet, a squeegee by the shower, and tissues near the sink. Keep the main subjects safely centered for object-cover cropping. Use a natural contemporary setting and avoid stereotypes or child-oriented styling. Do not include visible words, letters, numerals, captions, labels, borders, logos, or watermarks. Do not visually reveal which option answers the assessment question.",,needed after image selection,What is beside the toilet?,Plunger,Plunger | Squeegee | Tissue,
bathroom-6-usage-scene-4,6,editorial review required,bathroom,The Bathroom,7,bathroom-6,Cleaning Items,6,27,Pre-A1,4,bathroom-6-scene-4.avif,./learning-scenes/bathroom/bathroom-6-scene-4.avif,The Bathroom — Cleaning Items — Scene 4,Wash Hands | Brush Teeth | Take a Shower,"Nadia washes her hands, brushes her teeth, and then takes a shower.","A three-step morning-routine composition showing handwashing, toothbrushing, and shower preparation without text or numbers.","Create one clean, realistic, adult-oriented 4:3 learning scene for The Bathroom. Represent these targets clearly and with equal visual importance: Wash Hands, Brush Teeth, Take a Shower. A three-step morning-routine composition showing handwashing, toothbrushing, and shower preparation without text or numbers. Keep the main subjects safely centered for object-cover cropping. Use a natural contemporary setting and avoid stereotypes or child-oriented styling. Do not include visible words, letters, numerals, captions, labels, borders, logos, or watermarks. Do not visually reveal which option answers the assessment question.",,needed after image selection,What does Nadia do before brushing her teeth?,Wash Hands,Wash Hands | Brush Teeth | Take a Shower,
bathroom-6-usage-scene-5,6,editorial review required,bathroom,The Bathroom,7,bathroom-6,Cleaning Items,6,27,Pre-A1,5,bathroom-6-scene-5.avif,./learning-scenes/bathroom/bathroom-6-scene-5.avif,The Bathroom — Cleaning Items — Scene 5,Dry Off | Flush | Comb Hair,"After his shower, Samir dries off, flushes the toilet, and combs his hair.",An adult in a bathrobe combing damp hair; a towel and toilet are also visible in the bathroom.,"Create one clean, realistic, adult-oriented 4:3 learning scene for The Bathroom. Represent these targets clearly and with equal visual importance: Dry Off, Flush, Comb Hair. An adult in a bathrobe combing damp hair; a towel and toilet are also visible in the bathroom. Keep the main subjects safely centered for object-cover cropping. Use a natural contemporary setting and avoid stereotypes or child-oriented styling. Do not include visible words, letters, numerals, captions, labels, borders, logos, or watermarks. Do not visually reveal which option answers the assessment question.",,needed after image selection,What does Samir do to his wet hair?,Comb Hair,Dry Off | Flush | Comb Hair,
bathroom-6-usage-scene-6,6,editorial review required,bathroom,The Bathroom,7,bathroom-6,Cleaning Items,6,27,Pre-A1,6,bathroom-6-scene-6.avif,./learning-scenes/bathroom/bathroom-6-scene-6.avif,The Bathroom — Cleaning Items — Scene 6,Apply Lotion | Gargle,"Rana applies lotion to her arms, then gargles with water at the sink.",An adult applying lotion to one arm before holding a glass of water near the sink for gargling.,"Create one clean, realistic, adult-oriented 4:3 learning scene for The Bathroom. Represent these targets clearly and with equal visual importance: Apply Lotion, Gargle. An adult applying lotion to one arm before holding a glass of water near the sink for gargling. Keep the main subjects safely centered for object-cover cropping. Use a natural contemporary setting and avoid stereotypes or child-oriented styling. Do not include visible words, letters, numerals, captions, labels, borders, logos, or watermarks. Do not visually reveal which option answers the assessment question.",,needed after image selection,What does Rana do first?,Apply Lotion,Apply Lotion | Gargle,
kitchen-1-usage-scene-1,6,editorial review required,kitchen,The Kitchen,8,kitchen-1,The Kitchen 1,1,28,Pre-A1,1,kitchen-1-scene-1.avif,./learning-scenes/kitchen/kitchen-1-scene-1.avif,The Kitchen — The Kitchen 1 — Scene 1,Refrigerator | Stove | Oven,"Mona takes vegetables from the refrigerator, cooks them on the stove, and warms bread in the oven.","An adult taking vegetables from a refrigerator, with a stove and oven clearly visible in the same kitchen.","Create one clean, realistic, adult-oriented 4:3 learning scene for The Kitchen. Represent these targets clearly and with equal visual importance: Refrigerator, Stove, Oven. An adult taking vegetables from a refrigerator, with a stove and oven clearly visible in the same kitchen. Keep the main subjects safely centered for object-cover cropping. Use a natural contemporary setting and avoid stereotypes or child-oriented styling. Do not include visible words, letters, numerals, captions, labels, borders, logos, or watermarks. Do not visually reveal which option answers the assessment question.",,needed after image selection,Where does Mona keep the vegetables?,Refrigerator,Refrigerator | Stove | Oven,
kitchen-1-usage-scene-2,6,editorial review required,kitchen,The Kitchen,8,kitchen-1,The Kitchen 1,1,28,Pre-A1,2,kitchen-1-scene-2.avif,./learning-scenes/kitchen/kitchen-1-scene-2.avif,The Kitchen — The Kitchen 1 — Scene 2,Microwave | Dishwasher | Toaster,"After lunch, Karim puts the plates in the dishwasher and reheats soup in the microwave; the toaster is ready for breakfast.","An adult loading plates into a dishwasher, with a microwave and toaster visible on the counter.","Create one clean, realistic, adult-oriented 4:3 learning scene for The Kitchen. Represent these targets clearly and with equal visual importance: Microwave, Dishwasher, Toaster. An adult loading plates into a dishwasher, with a microwave and toaster visible on the counter. Keep the main subjects safely centered for object-cover cropping. Use a natural contemporary setting and avoid stereotypes or child-oriented styling. Do not include visible words, letters, numerals, captions, labels, borders, logos, or watermarks. Do not visually reveal which option answers the assessment question.",,needed after image selection,Where does Karim put the plates?,Dishwasher,Microwave | Dishwasher | Toaster,
kitchen-1-usage-scene-3,6,editorial review required,kitchen,The Kitchen,8,kitchen-1,The Kitchen 1,1,28,Pre-A1,3,kitchen-1-scene-3.avif,./learning-scenes/kitchen/kitchen-1-scene-3.avif,The Kitchen — The Kitchen 1 — Scene 3,Blender | Kettle | Coffee Maker,"For breakfast, Dalia uses the blender for fruit, the kettle for tea, and the coffee maker for coffee.",A breakfast counter with an adult using a blender; a kettle and coffee maker are clearly separate.,"Create one clean, realistic, adult-oriented 4:3 learning scene for The Kitchen. Represent these targets clearly and with equal visual importance: Blender, Kettle, Coffee Maker. A breakfast counter with an adult using a blender; a kettle and coffee maker are clearly separate. Keep the main subjects safely centered for object-cover cropping. Use a natural contemporary setting and avoid stereotypes or child-oriented styling. Do not include visible words, letters, numerals, captions, labels, borders, logos, or watermarks. Do not visually reveal which option answers the assessment question.",,needed after image selection,What does Dalia use for fruit?,Blender,Blender | Kettle | Coffee Maker,
kitchen-1-usage-scene-4,6,editorial review required,kitchen,The Kitchen,8,kitchen-1,The Kitchen 1,1,28,Pre-A1,4,kitchen-1-scene-4.avif,./learning-scenes/kitchen/kitchen-1-scene-4.avif,The Kitchen — The Kitchen 1 — Scene 4,Freezer | Pot | Pan,"The frozen peas are in the freezer, while a pot and a pan are ready on the stove.",An open freezer with a bag of peas; a pot and pan sit safely on an unlit stove.,"Create one clean, realistic, adult-oriented 4:3 learning scene for The Kitchen. Represent these targets clearly and with equal visual importance: Freezer, Pot, Pan. An open freezer with a bag of peas; a pot and pan sit safely on an unlit stove. Keep the main subjects safely centered for object-cover cropping. Use a natural contemporary setting and avoid stereotypes or child-oriented styling. Do not include visible words, letters, numerals, captions, labels, borders, logos, or watermarks. Do not visually reveal which option answers the assessment question.",,needed after image selection,Where are the frozen peas?,Freezer,Freezer | Pot | Pan,
kitchen-1-usage-scene-5,6,editorial review required,kitchen,The Kitchen,8,kitchen-1,The Kitchen 1,1,28,Pre-A1,5,kitchen-1-scene-5.avif,./learning-scenes/kitchen/kitchen-1-scene-5.avif,The Kitchen — The Kitchen 1 — Scene 5,Frying Pan | Baking Tray | Saucepan,"Rami fries an egg in the frying pan, warms sauce in the saucepan, and puts vegetables on the baking tray.","An adult cooking an egg in a frying pan, with sauce in a saucepan and vegetables arranged on a baking tray.","Create one clean, realistic, adult-oriented 4:3 learning scene for The Kitchen. Represent these targets clearly and with equal visual importance: Frying Pan, Baking Tray, Saucepan. An adult cooking an egg in a frying pan, with sauce in a saucepan and vegetables arranged on a baking tray. Keep the main subjects safely centered for object-cover cropping. Use a natural contemporary setting and avoid stereotypes or child-oriented styling. Do not include visible words, letters, numerals, captions, labels, borders, logos, or watermarks. Do not visually reveal which option answers the assessment question.",,needed after image selection,What does Rami use to fry the egg?,Frying Pan,Frying Pan | Baking Tray | Saucepan,
kitchen-2-usage-scene-1,6,editorial review required,kitchen,The Kitchen,8,kitchen-2,The Kitchen 2,2,29,Pre-A1,1,kitchen-2-scene-1.avif,./learning-scenes/kitchen/kitchen-2-scene-1.avif,The Kitchen — The Kitchen 2 — Scene 1,Wok | Casserole Dish | Baking Dish,"At dinner, Chen cooks vegetables in a wok and serves baked food from a casserole dish and a baking dish.","An adult cooking vegetables in a wok, with distinct casserole and baking dishes ready for serving.","Create one clean, realistic, adult-oriented 4:3 learning scene for The Kitchen. Represent these targets clearly and with equal visual importance: Wok, Casserole Dish, Baking Dish. An adult cooking vegetables in a wok, with distinct casserole and baking dishes ready for serving. Keep the main subjects safely centered for object-cover cropping. Use a natural contemporary setting and avoid stereotypes or child-oriented styling. Do not include visible words, letters, numerals, captions, labels, borders, logos, or watermarks. Do not visually reveal which option answers the assessment question.",,needed after image selection,What does Chen use to cook the vegetables?,Wok,Wok | Casserole Dish | Baking Dish,
kitchen-2-usage-scene-2,6,editorial review required,kitchen,The Kitchen,8,kitchen-2,The Kitchen 2,2,29,Pre-A1,2,kitchen-2-scene-2.avif,./learning-scenes/kitchen/kitchen-2-scene-2.avif,The Kitchen — The Kitchen 2 — Scene 2,Steamer | Pressure Cooker | Fork,"Sara cooks rice in the pressure cooker, steams vegetables in the steamer, and places a fork beside the plate.","An adult preparing rice in a pressure cooker and vegetables in a steamer, with a fork beside a plate.","Create one clean, realistic, adult-oriented 4:3 learning scene for The Kitchen. Represent these targets clearly and with equal visual importance: Steamer, Pressure Cooker, Fork. An adult preparing rice in a pressure cooker and vegetables in a steamer, with a fork beside a plate. Keep the main subjects safely centered for object-cover cropping. Use a natural contemporary setting and avoid stereotypes or child-oriented styling. Do not include visible words, letters, numerals, captions, labels, borders, logos, or watermarks. Do not visually reveal which option answers the assessment question.",,needed after image selection,What does Sara use for the rice?,Pressure Cooker,Steamer | Pressure Cooker | Fork,
kitchen-2-usage-scene-3,6,editorial review required,kitchen,The Kitchen,8,kitchen-2,The Kitchen 2,2,29,Pre-A1,3,kitchen-2-scene-3.avif,./learning-scenes/kitchen/kitchen-2-scene-3.avif,The Kitchen — The Kitchen 2 — Scene 3,Knife | Spoon | Spatula,"Khaled cuts a tomato with a knife, tastes the soup with a spoon, and turns food with a spatula.","A safe kitchen scene with an adult cutting a tomato with a knife, a spoon by soup, and a spatula by a pan.","Create one clean, realistic, adult-oriented 4:3 learning scene for The Kitchen. Represent these targets clearly and with equal visual importance: Knife, Spoon, Spatula. A safe kitchen scene with an adult cutting a tomato with a knife, a spoon by soup, and a spatula by a pan. Keep the main subjects safely centered for object-cover cropping. Use a natural contemporary setting and avoid stereotypes or child-oriented styling. Do not include visible words, letters, numerals, captions, labels, borders, logos, or watermarks. Do not visually reveal which option answers the assessment question.",,needed after image selection,What does Khaled use to cut the tomato?,Knife,Knife | Spoon | Spatula,
kitchen-2-usage-scene-4,6,editorial review required,kitchen,The Kitchen,8,kitchen-2,The Kitchen 2,2,29,Pre-A1,4,kitchen-2-scene-4.avif,./learning-scenes/kitchen/kitchen-2-scene-4.avif,The Kitchen — The Kitchen 2 — Scene 4,Ladle | Whisk | Tongs,"Nora serves soup with a ladle, mixes eggs with a whisk, and lifts salad with tongs.",An adult serving soup with a ladle; a whisk is in a bowl of eggs and tongs are beside salad.,"Create one clean, realistic, adult-oriented 4:3 learning scene for The Kitchen. Represent these targets clearly and with equal visual importance: Ladle, Whisk, Tongs. An adult serving soup with a ladle; a whisk is in a bowl of eggs and tongs are beside salad. Keep the main subjects safely centered for object-cover cropping. Use a natural contemporary setting and avoid stereotypes or child-oriented styling. Do not include visible words, letters, numerals, captions, labels, borders, logos, or watermarks. Do not visually reveal which option answers the assessment question.",,needed after image selection,What does Nora use for the soup?,Ladle,Ladle | Whisk | Tongs,
kitchen-2-usage-scene-5,6,editorial review required,kitchen,The Kitchen,8,kitchen-2,The Kitchen 2,2,29,Pre-A1,5,kitchen-2-scene-5.avif,./learning-scenes/kitchen/kitchen-2-scene-5.avif,The Kitchen — The Kitchen 2 — Scene 5,Peeler | Grater | Rolling Pin,"For the pie, Adam uses a peeler on the apples, a grater on the cheese, and a rolling pin on the dough.","An adult rolling dough with a rolling pin, with a peeler near apples and a grater near cheese.","Create one clean, realistic, adult-oriented 4:3 learning scene for The Kitchen. Represent these targets clearly and with equal visual importance: Peeler, Grater, Rolling Pin. An adult rolling dough with a rolling pin, with a peeler near apples and a grater near cheese. Keep the main subjects safely centered for object-cover cropping. Use a natural contemporary setting and avoid stereotypes or child-oriented styling. Do not include visible words, letters, numerals, captions, labels, borders, logos, or watermarks. Do not visually reveal which option answers the assessment question.",,needed after image selection,What does Adam use on the dough?,Rolling Pin,Peeler | Grater | Rolling Pin,
kitchen-3-usage-scene-1,6,editorial review required,kitchen,The Kitchen,8,kitchen-3,The Kitchen 3,3,30,Pre-A1,1,kitchen-3-scene-1.avif,./learning-scenes/kitchen/kitchen-3-scene-1.avif,The Kitchen — The Kitchen 3 — Scene 1,Can Opener | Corkscrew | Plate,"At dinner, Layla opens a can with the can opener, opens a bottle with the corkscrew, and sets out a plate.","An adult using a can opener, with a corkscrew beside a bottle and an empty plate nearby.","Create one clean, realistic, adult-oriented 4:3 learning scene for The Kitchen. Represent these targets clearly and with equal visual importance: Can Opener, Corkscrew, Plate. An adult using a can opener, with a corkscrew beside a bottle and an empty plate nearby. Keep the main subjects safely centered for object-cover cropping. Use a natural contemporary setting and avoid stereotypes or child-oriented styling. Do not include visible words, letters, numerals, captions, labels, borders, logos, or watermarks. Do not visually reveal which option answers the assessment question.",,needed after image selection,What does Layla use for the can?,Can Opener,Can Opener | Corkscrew | Plate,
kitchen-3-usage-scene-2,6,editorial review required,kitchen,The Kitchen,8,kitchen-3,The Kitchen 3,3,30,Pre-A1,2,kitchen-3-scene-2.avif,./learning-scenes/kitchen/kitchen-3-scene-2.avif,The Kitchen — The Kitchen 3 — Scene 2,Bowl | Mug | Glass,"Hassan pours soup into a bowl, coffee into a mug, and water into a glass.","An adult serving soup in a bowl, coffee in a mug, and water in a clear glass.","Create one clean, realistic, adult-oriented 4:3 learning scene for The Kitchen. Represent these targets clearly and with equal visual importance: Bowl, Mug, Glass. An adult serving soup in a bowl, coffee in a mug, and water in a clear glass. Keep the main subjects safely centered for object-cover cropping. Use a natural contemporary setting and avoid stereotypes or child-oriented styling. Do not include visible words, letters, numerals, captions, labels, borders, logos, or watermarks. Do not visually reveal which option answers the assessment question.",,needed after image selection,Which item holds the soup?,Bowl,Bowl | Mug | Glass,
kitchen-3-usage-scene-3,6,editorial review required,kitchen,The Kitchen,8,kitchen-3,The Kitchen 3,3,30,Pre-A1,3,kitchen-3-scene-3.avif,./learning-scenes/kitchen/kitchen-3-scene-3.avif,The Kitchen — The Kitchen 3 — Scene 3,Cup | Saucer | Cutting Board,The cup sits on its saucer beside the cutting board.,A cup resting on a saucer next to a clean cutting board.,"Create one clean, realistic, adult-oriented 4:3 learning scene for The Kitchen. Represent these targets clearly and with equal visual importance: Cup, Saucer, Cutting Board. A cup resting on a saucer next to a clean cutting board. Keep the main subjects safely centered for object-cover cropping. Use a natural contemporary setting and avoid stereotypes or child-oriented styling. Do not include visible words, letters, numerals, captions, labels, borders, logos, or watermarks. Do not visually reveal which option answers the assessment question.",,needed after image selection,What is directly under the cup?,Saucer,Cup | Saucer | Cutting Board,
kitchen-3-usage-scene-4,6,editorial review required,kitchen,The Kitchen,8,kitchen-3,The Kitchen 3,3,30,Pre-A1,4,kitchen-3-scene-4.avif,./learning-scenes/kitchen/kitchen-3-scene-4.avif,The Kitchen — The Kitchen 3 — Scene 4,Colander | Measuring Cup | Measuring Spoon,Amal drains pasta in the colander and uses a measuring cup and measuring spoon for the sauce.,"An adult draining pasta in a colander, with a measuring cup and measuring spoon beside sauce ingredients.","Create one clean, realistic, adult-oriented 4:3 learning scene for The Kitchen. Represent these targets clearly and with equal visual importance: Colander, Measuring Cup, Measuring Spoon. An adult draining pasta in a colander, with a measuring cup and measuring spoon beside sauce ingredients. Keep the main subjects safely centered for object-cover cropping. Use a natural contemporary setting and avoid stereotypes or child-oriented styling. Do not include visible words, letters, numerals, captions, labels, borders, logos, or watermarks. Do not visually reveal which option answers the assessment question.",,needed after image selection,What does Amal use to drain the pasta?,Colander,Colander | Measuring Cup | Measuring Spoon,
kitchen-3-usage-scene-5,6,editorial review required,kitchen,The Kitchen,8,kitchen-3,The Kitchen 3,3,30,Pre-A1,5,kitchen-3-scene-5.avif,./learning-scenes/kitchen/kitchen-3-scene-5.avif,The Kitchen — The Kitchen 3 — Scene 5,Mixing Bowl | Pitcher | Dish Towel,"Yara mixes juice in the pitcher, dries the mixing bowl with a dish towel, and sets both on the counter.",An adult drying a mixing bowl with a dish towel while a pitcher of juice sits on the counter.,"Create one clean, realistic, adult-oriented 4:3 learning scene for The Kitchen. Represent these targets clearly and with equal visual importance: Mixing Bowl, Pitcher, Dish Towel. An adult drying a mixing bowl with a dish towel while a pitcher of juice sits on the counter. Keep the main subjects safely centered for object-cover cropping. Use a natural contemporary setting and avoid stereotypes or child-oriented styling. Do not include visible words, letters, numerals, captions, labels, borders, logos, or watermarks. Do not visually reveal which option answers the assessment question.",,needed after image selection,What does Yara dry?,Mixing Bowl,Mixing Bowl | Pitcher | Dish Towel,
kitchen-4-usage-scene-1,6,editorial review required,kitchen,The Kitchen,8,kitchen-4,The Kitchen 4,4,31,Pre-A1,1,kitchen-4-scene-1.avif,./learning-scenes/kitchen/kitchen-4-scene-1.avif,The Kitchen — The Kitchen 4 — Scene 1,Oven Mitt | Apron | Trash Can,"While baking, Tarek wears an apron, uses an oven mitt, and puts scraps in the trash can.",An adult baker wearing an apron and oven mitt while placing food scraps in a kitchen trash can.,"Create one clean, realistic, adult-oriented 4:3 learning scene for The Kitchen. Represent these targets clearly and with equal visual importance: Oven Mitt, Apron, Trash Can. An adult baker wearing an apron and oven mitt while placing food scraps in a kitchen trash can. Keep the main subjects safely centered for object-cover cropping. Use a natural contemporary setting and avoid stereotypes or child-oriented styling. Do not include visible words, letters, numerals, captions, labels, borders, logos, or watermarks. Do not visually reveal which option answers the assessment question.",,needed after image selection,What protects Tarek's hand from the hot tray?,Oven Mitt,Oven Mitt | Apron | Trash Can,
kitchen-4-usage-scene-2,6,editorial review required,kitchen,The Kitchen,8,kitchen-4,The Kitchen 4,4,31,Pre-A1,2,kitchen-4-scene-2.avif,./learning-scenes/kitchen/kitchen-4-scene-2.avif,The Kitchen — The Kitchen 4 — Scene 2,Paper Towel | Plastic Wrap | Aluminum Foil,"Heba covers one dish with plastic wrap, another with aluminum foil, and cleans a spill with a paper towel.",An adult wiping a small spill with paper towel; two dishes are separately covered with plastic wrap and aluminum foil.,"Create one clean, realistic, adult-oriented 4:3 learning scene for The Kitchen. Represent these targets clearly and with equal visual importance: Paper Towel, Plastic Wrap, Aluminum Foil. An adult wiping a small spill with paper towel; two dishes are separately covered with plastic wrap and aluminum foil. Keep the main subjects safely centered for object-cover cropping. Use a natural contemporary setting and avoid stereotypes or child-oriented styling. Do not include visible words, letters, numerals, captions, labels, borders, logos, or watermarks. Do not visually reveal which option answers the assessment question.",,needed after image selection,What does Heba use to clean the spill?,Paper Towel,Paper Towel | Plastic Wrap | Aluminum Foil,
kitchen-4-usage-scene-3,6,editorial review required,kitchen,The Kitchen,8,kitchen-4,The Kitchen 4,4,31,Pre-A1,3,kitchen-4-scene-3.avif,./learning-scenes/kitchen/kitchen-4-scene-3.avif,The Kitchen — The Kitchen 4 — Scene 3,Food Container | Sponge | Dish Soap,"After dinner, Walid washes a food container with dish soap and a sponge.",An adult washing a reusable food container at the sink with dish soap and a sponge.,"Create one clean, realistic, adult-oriented 4:3 learning scene for The Kitchen. Represent these targets clearly and with equal visual importance: Food Container, Sponge, Dish Soap. An adult washing a reusable food container at the sink with dish soap and a sponge. Keep the main subjects safely centered for object-cover cropping. Use a natural contemporary setting and avoid stereotypes or child-oriented styling. Do not include visible words, letters, numerals, captions, labels, borders, logos, or watermarks. Do not visually reveal which option answers the assessment question.",,needed after image selection,What does Walid wash?,Food Container,Food Container | Sponge | Dish Soap,
kitchen-4-usage-scene-4,6,editorial review required,kitchen,The Kitchen,8,kitchen-4,The Kitchen 4,4,31,Pre-A1,4,kitchen-4-scene-4.avif,./learning-scenes/kitchen/kitchen-4-scene-4.avif,The Kitchen — The Kitchen 4 — Scene 4,Dish Rack | Cling Film | Bread,The clean dishes dry in the dish rack while bread is covered with cling film.,"Clean dishes drying in a dish rack, with a loaf of bread partly covered by transparent cling film.","Create one clean, realistic, adult-oriented 4:3 learning scene for The Kitchen. Represent these targets clearly and with equal visual importance: Dish Rack, Cling Film, Bread. Clean dishes drying in a dish rack, with a loaf of bread partly covered by transparent cling film. Keep the main subjects safely centered for object-cover cropping. Use a natural contemporary setting and avoid stereotypes or child-oriented styling. Do not include visible words, letters, numerals, captions, labels, borders, logos, or watermarks. Do not visually reveal which option answers the assessment question.",,needed after image selection,Where do the clean dishes dry?,Dish Rack,Dish Rack | Cling Film | Bread,
kitchen-4-usage-scene-5,6,editorial review required,kitchen,The Kitchen,8,kitchen-4,The Kitchen 4,4,31,Pre-A1,5,kitchen-4-scene-5.avif,./learning-scenes/kitchen/kitchen-4-scene-5.avif,The Kitchen — The Kitchen 4 — Scene 5,Butter | Milk | Egg,"For breakfast, Reem fries an egg and serves it with bread, butter, and milk.","An adult frying an egg and setting a breakfast table with bread, butter, and a glass of milk.","Create one clean, realistic, adult-oriented 4:3 learning scene for The Kitchen. Represent these targets clearly and with equal visual importance: Butter, Milk, Egg. An adult frying an egg and setting a breakfast table with bread, butter, and a glass of milk. Keep the main subjects safely centered for object-cover cropping. Use a natural contemporary setting and avoid stereotypes or child-oriented styling. Do not include visible words, letters, numerals, captions, labels, borders, logos, or watermarks. Do not visually reveal which option answers the assessment question.",,needed after image selection,What does Reem fry?,Egg,Butter | Milk | Egg,
kitchen-5-usage-scene-1,6,editorial review required,kitchen,The Kitchen,8,kitchen-5,The Kitchen 5,5,32,Pre-A1,1,kitchen-5-scene-1.avif,./learning-scenes/kitchen/kitchen-5-scene-1.avif,The Kitchen — The Kitchen 5 — Scene 1,Cheese | Rice | Pasta,"For a quick dinner, Bilal cooks pasta and rice, then adds cheese to the pasta.","An adult adding grated cheese to cooked pasta, with a separate bowl of rice nearby.","Create one clean, realistic, adult-oriented 4:3 learning scene for The Kitchen. Represent these targets clearly and with equal visual importance: Cheese, Rice, Pasta. An adult adding grated cheese to cooked pasta, with a separate bowl of rice nearby. Keep the main subjects safely centered for object-cover cropping. Use a natural contemporary setting and avoid stereotypes or child-oriented styling. Do not include visible words, letters, numerals, captions, labels, borders, logos, or watermarks. Do not visually reveal which option answers the assessment question.",,needed after image selection,What does Bilal add to the pasta?,Cheese,Cheese | Rice | Pasta,
kitchen-5-usage-scene-2,6,editorial review required,kitchen,The Kitchen,8,kitchen-5,The Kitchen 5,5,32,Pre-A1,2,kitchen-5-scene-2.avif,./learning-scenes/kitchen/kitchen-5-scene-2.avif,The Kitchen — The Kitchen 5 — Scene 2,Cooking Oil | Salt | Sugar,"Maha pours cooking oil into the pan and adds a little salt, but no sugar.","An adult pouring cooking oil into a pan, with separate unlabelled containers of salt and sugar nearby.","Create one clean, realistic, adult-oriented 4:3 learning scene for The Kitchen. Represent these targets clearly and with equal visual importance: Cooking Oil, Salt, Sugar. An adult pouring cooking oil into a pan, with separate unlabelled containers of salt and sugar nearby. Keep the main subjects safely centered for object-cover cropping. Use a natural contemporary setting and avoid stereotypes or child-oriented styling. Do not include visible words, letters, numerals, captions, labels, borders, logos, or watermarks. Do not visually reveal which option answers the assessment question.",,needed after image selection,What does Maha pour into the pan?,Cooking Oil,Cooking Oil | Salt | Sugar,
kitchen-5-usage-scene-3,6,editorial review required,kitchen,The Kitchen,8,kitchen-5,The Kitchen 5,5,32,Pre-A1,3,kitchen-5-scene-3.avif,./learning-scenes/kitchen/kitchen-5-scene-3.avif,The Kitchen — The Kitchen 5 — Scene 3,Pepper | Flour | Vinegar,"To make the sauce, Fadi mixes flour with vinegar and adds pepper.","An adult making sauce with flour and vinegar, sprinkling visible ground pepper into the bowl.","Create one clean, realistic, adult-oriented 4:3 learning scene for The Kitchen. Represent these targets clearly and with equal visual importance: Pepper, Flour, Vinegar. An adult making sauce with flour and vinegar, sprinkling visible ground pepper into the bowl. Keep the main subjects safely centered for object-cover cropping. Use a natural contemporary setting and avoid stereotypes or child-oriented styling. Do not include visible words, letters, numerals, captions, labels, borders, logos, or watermarks. Do not visually reveal which option answers the assessment question.",,needed after image selection,What does Fadi add for a spicy taste?,Pepper,Pepper | Flour | Vinegar,
kitchen-5-usage-scene-4,6,editorial review required,kitchen,The Kitchen,8,kitchen-5,The Kitchen 5,5,32,Pre-A1,4,kitchen-5-scene-4.avif,./learning-scenes/kitchen/kitchen-5-scene-4.avif,The Kitchen — The Kitchen 5 — Scene 4,Honey | Apple | Juice,"At breakfast, Amina puts honey on apple slices and drinks a glass of juice.","An adult drizzling honey over apple slices, with a glass of juice beside the plate.","Create one clean, realistic, adult-oriented 4:3 learning scene for The Kitchen. Represent these targets clearly and with equal visual importance: Honey, Apple, Juice. An adult drizzling honey over apple slices, with a glass of juice beside the plate. Keep the main subjects safely centered for object-cover cropping. Use a natural contemporary setting and avoid stereotypes or child-oriented styling. Do not include visible words, letters, numerals, captions, labels, borders, logos, or watermarks. Do not visually reveal which option answers the assessment question.",,needed after image selection,What does Amina put on the apple slices?,Honey,Honey | Apple | Juice,
living-room-1-usage-scene-1,6,editorial review required,living-room,The Living Room,9,living-room-1,The Living Room 1,1,33,Pre-A1,1,living-room-1-scene-1.avif,./learning-scenes/living-room/living-room-1-scene-1.avif,The Living Room — The Living Room 1 — Scene 1,Sofa | Armchair | Coffee Table,"Maya sits on the sofa, her guest uses the armchair, and their drinks rest on the coffee table.",Two adults seated on a sofa and armchair with drinks on the coffee table between them.,"Create one clean, realistic, adult-oriented 4:3 learning scene for The Living Room. Represent these targets clearly and with equal visual importance: Sofa, Armchair, Coffee Table. Two adults seated on a sofa and armchair with drinks on the coffee table between them. Keep the main subjects safely centered for object-cover cropping. Use a natural contemporary setting and avoid stereotypes or child-oriented styling. Do not include visible words, letters, numerals, captions, labels, borders, logos, or watermarks. Do not visually reveal which option answers the assessment question.",,needed after image selection,Where do the drinks rest?,Coffee Table,Sofa | Armchair | Coffee Table,
living-room-1-usage-scene-2,6,editorial review required,living-room,The Living Room,9,living-room-1,The Living Room 1,1,33,Pre-A1,2,living-room-1-scene-2.avif,./learning-scenes/living-room/living-room-1-scene-2.avif,The Living Room — The Living Room 1 — Scene 2,Side Table | Ottoman | Rocking Chair,A book lies on the side table while Omar rests his feet on the ottoman beside the rocking chair.,"An adult resting feet on an ottoman, with a book on a side table and an empty rocking chair nearby.","Create one clean, realistic, adult-oriented 4:3 learning scene for The Living Room. Represent these targets clearly and with equal visual importance: Side Table, Ottoman, Rocking Chair. An adult resting feet on an ottoman, with a book on a side table and an empty rocking chair nearby. Keep the main subjects safely centered for object-cover cropping. Use a natural contemporary setting and avoid stereotypes or child-oriented styling. Do not include visible words, letters, numerals, captions, labels, borders, logos, or watermarks. Do not visually reveal which option answers the assessment question.",,needed after image selection,Where does Omar rest his feet?,Ottoman,Side Table | Ottoman | Rocking Chair,
living-room-1-usage-scene-3,6,editorial review required,living-room,The Living Room,9,living-room-1,The Living Room 1,1,33,Pre-A1,3,living-room-1-scene-3.avif,./learning-scenes/living-room/living-room-1-scene-3.avif,The Living Room — The Living Room 1 — Scene 3,Dining Table | Dining Chair | Bench,The family eats at the dining table; two people use dining chairs and one sits on the bench.,"Adults eating at a dining table, with dining chairs and one person seated on a bench.","Create one clean, realistic, adult-oriented 4:3 learning scene for The Living Room. Represent these targets clearly and with equal visual importance: Dining Table, Dining Chair, Bench. Adults eating at a dining table, with dining chairs and one person seated on a bench. Keep the main subjects safely centered for object-cover cropping. Use a natural contemporary setting and avoid stereotypes or child-oriented styling. Do not include visible words, letters, numerals, captions, labels, borders, logos, or watermarks. Do not visually reveal which option answers the assessment question.",,needed after image selection,Where does one person sit instead of a chair?,Bench,Dining Table | Dining Chair | Bench,
living-room-1-usage-scene-4,6,editorial review required,living-room,The Living Room,9,living-room-1,The Living Room 1,1,33,Pre-A1,4,living-room-1-scene-4.avif,./learning-scenes/living-room/living-room-1-scene-4.avif,The Living Room — The Living Room 1 — Scene 4,Stool | Bookshelf | TV Stand,A small plant sits on the stool between the bookshelf and the TV stand.,A small plant on a stool positioned between a bookshelf and a TV stand.,"Create one clean, realistic, adult-oriented 4:3 learning scene for The Living Room. Represent these targets clearly and with equal visual importance: Stool, Bookshelf, TV Stand. A small plant on a stool positioned between a bookshelf and a TV stand. Keep the main subjects safely centered for object-cover cropping. Use a natural contemporary setting and avoid stereotypes or child-oriented styling. Do not include visible words, letters, numerals, captions, labels, borders, logos, or watermarks. Do not visually reveal which option answers the assessment question.",,needed after image selection,What holds the small plant?,Stool,Stool | Bookshelf | TV Stand,
living-room-1-usage-scene-5,6,editorial review required,living-room,The Living Room,9,living-room-1,The Living Room 1,1,33,Pre-A1,5,living-room-1-scene-5.avif,./learning-scenes/living-room/living-room-1-scene-5.avif,The Living Room — The Living Room 1 — Scene 5,Cabinet | Sideboard | Shelf,"The cabinet has doors, the sideboard holds serving dishes, and the wall shelf displays a vase.","A living room with a closed cabinet, a sideboard holding serving dishes, and a wall shelf displaying a vase.","Create one clean, realistic, adult-oriented 4:3 learning scene for The Living Room. Represent these targets clearly and with equal visual importance: Cabinet, Sideboard, Shelf. A living room with a closed cabinet, a sideboard holding serving dishes, and a wall shelf displaying a vase. Keep the main subjects safely centered for object-cover cropping. Use a natural contemporary setting and avoid stereotypes or child-oriented styling. Do not include visible words, letters, numerals, captions, labels, borders, logos, or watermarks. Do not visually reveal which option answers the assessment question.",,needed after image selection,What holds the serving dishes?,Sideboard,Cabinet | Sideboard | Shelf,
living-room-2-usage-scene-1,6,editorial review required,living-room,The Living Room,9,living-room-2,The Living Room 2,2,34,Pre-A1,1,living-room-2-scene-1.avif,./learning-scenes/living-room/living-room-2-scene-1.avif,The Living Room — The Living Room 2 — Scene 1,Drawer | Magazine Rack | Display Case,"Nadia puts keys in the drawer, magazines in the magazine rack, and a model in the display case.","An adult organizing keys into a drawer, magazines into a rack, and a model into a glass display case.","Create one clean, realistic, adult-oriented 4:3 learning scene for The Living Room. Represent these targets clearly and with equal visual importance: Drawer, Magazine Rack, Display Case. An adult organizing keys into a drawer, magazines into a rack, and a model into a glass display case. Keep the main subjects safely centered for object-cover cropping. Use a natural contemporary setting and avoid stereotypes or child-oriented styling. Do not include visible words, letters, numerals, captions, labels, borders, logos, or watermarks. Do not visually reveal which option answers the assessment question.",,needed after image selection,Where does Nadia put the magazines?,Magazine Rack,Drawer | Magazine Rack | Display Case,
living-room-2-usage-scene-2,6,editorial review required,living-room,The Living Room,9,living-room-2,The Living Room 2,2,34,Pre-A1,2,living-room-2-scene-2.avif,./learning-scenes/living-room/living-room-2-scene-2.avif,The Living Room — The Living Room 2 — Scene 2,Coat Rack | Shoe Rack | Television,Guests leave coats on the coat rack and shoes on the shoe rack before watching television.,"Adults entering a living room, hanging coats on a coat rack and placing shoes on a shoe rack near a television.","Create one clean, realistic, adult-oriented 4:3 learning scene for The Living Room. Represent these targets clearly and with equal visual importance: Coat Rack, Shoe Rack, Television. Adults entering a living room, hanging coats on a coat rack and placing shoes on a shoe rack near a television. Keep the main subjects safely centered for object-cover cropping. Use a natural contemporary setting and avoid stereotypes or child-oriented styling. Do not include visible words, letters, numerals, captions, labels, borders, logos, or watermarks. Do not visually reveal which option answers the assessment question.",,needed after image selection,Where do guests leave their shoes?,Shoe Rack,Coat Rack | Shoe Rack | Television,
living-room-2-usage-scene-3,6,editorial review required,living-room,The Living Room,9,living-room-2,The Living Room 2,2,34,Pre-A1,3,living-room-2-scene-3.avif,./learning-scenes/living-room/living-room-2-scene-3.avif,The Living Room — The Living Room 2 — Scene 3,Remote Control | Speaker | Game Console,"Sam uses the remote control to start the game console, and the sound comes through the speaker.","An adult holding a remote control near a game console, with sound represented subtly from a speaker.","Create one clean, realistic, adult-oriented 4:3 learning scene for The Living Room. Represent these targets clearly and with equal visual importance: Remote Control, Speaker, Game Console. An adult holding a remote control near a game console, with sound represented subtly from a speaker. Keep the main subjects safely centered for object-cover cropping. Use a natural contemporary setting and avoid stereotypes or child-oriented styling. Do not include visible words, letters, numerals, captions, labels, borders, logos, or watermarks. Do not visually reveal which option answers the assessment question.",,needed after image selection,What does Sam use to start the console?,Remote Control,Remote Control | Speaker | Game Console,
living-room-2-usage-scene-4,6,editorial review required,living-room,The Living Room,9,living-room-2,The Living Room 2,2,34,Pre-A1,4,living-room-2-scene-4.avif,./learning-scenes/living-room/living-room-2-scene-4.avif,The Living Room — The Living Room 2 — Scene 4,DVD Player | Sound Bar | Wi-Fi Router,"The DVD player and sound bar sit below the television, while the Wi-Fi router is on a higher shelf.",A media unit with a DVD player and sound bar below a television and a Wi-Fi router on a higher shelf.,"Create one clean, realistic, adult-oriented 4:3 learning scene for The Living Room. Represent these targets clearly and with equal visual importance: DVD Player, Sound Bar, Wi-Fi Router. A media unit with a DVD player and sound bar below a television and a Wi-Fi router on a higher shelf. Keep the main subjects safely centered for object-cover cropping. Use a natural contemporary setting and avoid stereotypes or child-oriented styling. Do not include visible words, letters, numerals, captions, labels, borders, logos, or watermarks. Do not visually reveal which option answers the assessment question.",,needed after image selection,What provides the wireless internet connection?,Wi-Fi Router,DVD Player | Sound Bar | Wi-Fi Router,
living-room-2-usage-scene-5,6,editorial review required,living-room,The Living Room,9,living-room-2,The Living Room 2,2,34,Pre-A1,5,living-room-2-scene-5.avif,./learning-scenes/living-room/living-room-2-scene-5.avif,The Living Room — The Living Room 2 — Scene 5,Power Strip | Cable | Plug,"A cable connects the television to the power strip, and the strip's plug goes into the wall socket.",A safe close-up showing a television cable connected to a power strip and its plug inserted into a wall socket.,"Create one clean, realistic, adult-oriented 4:3 learning scene for The Living Room. Represent these targets clearly and with equal visual importance: Power Strip, Cable, Plug. A safe close-up showing a television cable connected to a power strip and its plug inserted into a wall socket. Keep the main subjects safely centered for object-cover cropping. Use a natural contemporary setting and avoid stereotypes or child-oriented styling. Do not include visible words, letters, numerals, captions, labels, borders, logos, or watermarks. Do not visually reveal which option answers the assessment question.",,needed after image selection,What goes into the wall socket?,Plug,Power Strip | Cable | Plug,
living-room-3-usage-scene-1,6,editorial review required,living-room,The Living Room,9,living-room-3,The Living Room 3,3,35,Pre-A1,1,living-room-3-scene-1.avif,./learning-scenes/living-room/living-room-3-scene-1.avif,The Living Room — The Living Room 3 — Scene 1,Floor Lamp | Table Lamp | Ceiling Light,"The floor lamp stands by the sofa, the table lamp sits beside it, and the ceiling light lights the whole room.","A living room clearly showing a floor lamp beside a sofa, a table lamp on a side table, and a ceiling light.","Create one clean, realistic, adult-oriented 4:3 learning scene for The Living Room. Represent these targets clearly and with equal visual importance: Floor Lamp, Table Lamp, Ceiling Light. A living room clearly showing a floor lamp beside a sofa, a table lamp on a side table, and a ceiling light. Keep the main subjects safely centered for object-cover cropping. Use a natural contemporary setting and avoid stereotypes or child-oriented styling. Do not include visible words, letters, numerals, captions, labels, borders, logos, or watermarks. Do not visually reveal which option answers the assessment question.",,needed after image selection,Which light stands on the floor?,Floor Lamp,Floor Lamp | Table Lamp | Ceiling Light,
living-room-3-usage-scene-2,6,editorial review required,living-room,The Living Room,9,living-room-3,The Living Room 3,3,35,Pre-A1,2,living-room-3-scene-2.avif,./learning-scenes/living-room/living-room-3-scene-2.avif,The Living Room — The Living Room 3 — Scene 2,Chandelier | Light Bulb | Candle,"A chandelier hangs above the table, a candle burns safely below, and a spare light bulb rests nearby.","A chandelier above a table, a safely contained candle below, and an unused light bulb nearby.","Create one clean, realistic, adult-oriented 4:3 learning scene for The Living Room. Represent these targets clearly and with equal visual importance: Chandelier, Light Bulb, Candle. A chandelier above a table, a safely contained candle below, and an unused light bulb nearby. Keep the main subjects safely centered for object-cover cropping. Use a natural contemporary setting and avoid stereotypes or child-oriented styling. Do not include visible words, letters, numerals, captions, labels, borders, logos, or watermarks. Do not visually reveal which option answers the assessment question.",,needed after image selection,What hangs above the table?,Chandelier,Chandelier | Light Bulb | Candle,
living-room-3-usage-scene-3,6,editorial review required,living-room,The Living Room,9,living-room-3,The Living Room 3,3,35,Pre-A1,3,living-room-3-scene-3.avif,./learning-scenes/living-room/living-room-3-scene-3.avif,The Living Room — The Living Room 3 — Scene 3,Candle Holder | String Lights | Picture Frame,"The candle sits in a candle holder beside the picture frame, with string lights on the wall behind them.","A candle safely seated in a candle holder beside a picture frame, with unlettered string lights behind them.","Create one clean, realistic, adult-oriented 4:3 learning scene for The Living Room. Represent these targets clearly and with equal visual importance: Candle Holder, String Lights, Picture Frame. A candle safely seated in a candle holder beside a picture frame, with unlettered string lights behind them. Keep the main subjects safely centered for object-cover cropping. Use a natural contemporary setting and avoid stereotypes or child-oriented styling. Do not include visible words, letters, numerals, captions, labels, borders, logos, or watermarks. Do not visually reveal which option answers the assessment question.",,needed after image selection,What holds the candle?,Candle Holder,Candle Holder | String Lights | Picture Frame,
living-room-3-usage-scene-4,6,editorial review required,living-room,The Living Room,9,living-room-3,The Living Room 3,3,35,Pre-A1,4,living-room-3-scene-4.avif,./learning-scenes/living-room/living-room-3-scene-4.avif,The Living Room — The Living Room 3 — Scene 4,Wall Clock | Cushion | Throw Blanket,"The wall clock hangs above the sofa, where a cushion and throw blanket make the seat comfortable.",A wall clock above a sofa furnished with one cushion and a folded throw blanket.,"Create one clean, realistic, adult-oriented 4:3 learning scene for The Living Room. Represent these targets clearly and with equal visual importance: Wall Clock, Cushion, Throw Blanket. A wall clock above a sofa furnished with one cushion and a folded throw blanket. Keep the main subjects safely centered for object-cover cropping. Use a natural contemporary setting and avoid stereotypes or child-oriented styling. Do not include visible words, letters, numerals, captions, labels, borders, logos, or watermarks. Do not visually reveal which option answers the assessment question.",,needed after image selection,What tells the time?,Wall Clock,Wall Clock | Cushion | Throw Blanket,
living-room-3-usage-scene-5,6,editorial review required,living-room,The Living Room,9,living-room-3,The Living Room 3,3,35,Pre-A1,5,living-room-3-scene-5.avif,./learning-scenes/living-room/living-room-3-scene-5.avif,The Living Room — The Living Room 3 — Scene 5,Rug | Carpet | Curtain,"A small rug lies over part of the carpet, and a curtain hangs beside the window.","A clearly bounded small rug laid over a larger carpet, with a curtain beside the window.","Create one clean, realistic, adult-oriented 4:3 learning scene for The Living Room. Represent these targets clearly and with equal visual importance: Rug, Carpet, Curtain. A clearly bounded small rug laid over a larger carpet, with a curtain beside the window. Keep the main subjects safely centered for object-cover cropping. Use a natural contemporary setting and avoid stereotypes or child-oriented styling. Do not include visible words, letters, numerals, captions, labels, borders, logos, or watermarks. Do not visually reveal which option answers the assessment question.",,needed after image selection,What covers only part of the carpet?,Rug,Rug | Carpet | Curtain,
living-room-4-usage-scene-1,6,editorial review required,living-room,The Living Room,9,living-room-4,The Living Room 4,4,36,Pre-A1,1,living-room-4-scene-1.avif,./learning-scenes/living-room/living-room-4-scene-1.avif,The Living Room — The Living Room 4 — Scene 1,Tablecloth | Placemat | Coaster,"At dinner, the tablecloth covers the table, each plate sits on a placemat, and each glass has a coaster.","A dining table with a tablecloth, visible placemats under plates, and coasters under glasses.","Create one clean, realistic, adult-oriented 4:3 learning scene for The Living Room. Represent these targets clearly and with equal visual importance: Tablecloth, Placemat, Coaster. A dining table with a tablecloth, visible placemats under plates, and coasters under glasses. Keep the main subjects safely centered for object-cover cropping. Use a natural contemporary setting and avoid stereotypes or child-oriented styling. Do not include visible words, letters, numerals, captions, labels, borders, logos, or watermarks. Do not visually reveal which option answers the assessment question.",,needed after image selection,What is under each glass?,Coaster,Tablecloth | Placemat | Coaster,
living-room-4-usage-scene-2,6,editorial review required,living-room,The Living Room,9,living-room-4,The Living Room 4,4,36,Pre-A1,2,living-room-4-scene-2.avif,./learning-scenes/living-room/living-room-4-scene-2.avif,The Living Room — The Living Room 4 — Scene 2,Doormat | Tapestry | Plant,"A plant stands just inside the door, a doormat lies outside, and a tapestry hangs on the wall.","A doorway with a doormat outside, a plant inside, and a tapestry on the interior wall.","Create one clean, realistic, adult-oriented 4:3 learning scene for The Living Room. Represent these targets clearly and with equal visual importance: Doormat, Tapestry, Plant. A doorway with a doormat outside, a plant inside, and a tapestry on the interior wall. Keep the main subjects safely centered for object-cover cropping. Use a natural contemporary setting and avoid stereotypes or child-oriented styling. Do not include visible words, letters, numerals, captions, labels, borders, logos, or watermarks. Do not visually reveal which option answers the assessment question.",,needed after image selection,What lies outside the door?,Doormat,Doormat | Tapestry | Plant,
living-room-4-usage-scene-3,6,editorial review required,living-room,The Living Room,9,living-room-4,The Living Room 4,4,36,Pre-A1,3,living-room-4-scene-3.avif,./learning-scenes/living-room/living-room-4-scene-3.avif,The Living Room — The Living Room 4 — Scene 3,Vase | Photo Frame | Painting,"Fresh flowers fill the vase beside a photo frame, with a painting hanging above them.","Fresh flowers in a vase beside a photo frame, with a painting hanging above the arrangement.","Create one clean, realistic, adult-oriented 4:3 learning scene for The Living Room. Represent these targets clearly and with equal visual importance: Vase, Photo Frame, Painting. Fresh flowers in a vase beside a photo frame, with a painting hanging above the arrangement. Keep the main subjects safely centered for object-cover cropping. Use a natural contemporary setting and avoid stereotypes or child-oriented styling. Do not include visible words, letters, numerals, captions, labels, borders, logos, or watermarks. Do not visually reveal which option answers the assessment question.",,needed after image selection,What holds the fresh flowers?,Vase,Vase | Photo Frame | Painting,
living-room-4-usage-scene-4,6,editorial review required,living-room,The Living Room,9,living-room-4,The Living Room 4,4,36,Pre-A1,4,living-room-4-scene-4.avif,./learning-scenes/living-room/living-room-4-scene-4.avif,The Living Room — The Living Room 4 — Scene 4,Book | Magazine | Newspaper,"On Sunday morning, Farah reads a newspaper while a book and magazine wait on the table.","An adult reading a newspaper, with a closed book and magazine separately visible on the table.","Create one clean, realistic, adult-oriented 4:3 learning scene for The Living Room. Represent these targets clearly and with equal visual importance: Book, Magazine, Newspaper. An adult reading a newspaper, with a closed book and magazine separately visible on the table. Keep the main subjects safely centered for object-cover cropping. Use a natural contemporary setting and avoid stereotypes or child-oriented styling. Do not include visible words, letters, numerals, captions, labels, borders, logos, or watermarks. Do not visually reveal which option answers the assessment question.",,needed after image selection,What is Farah reading?,Newspaper,Book | Magazine | Newspaper,
living-room-4-usage-scene-5,6,editorial review required,living-room,The Living Room,9,living-room-4,The Living Room 4,4,36,Pre-A1,5,living-room-4-scene-5.avif,./learning-scenes/living-room/living-room-4-scene-5.avif,The Living Room — The Living Room 4 — Scene 5,Board Game | Puzzle | Playing Cards,Friends play a board game while a puzzle and a pack of playing cards wait on the shelf.,"Adults playing a board game, with a puzzle box and a pack of playing cards on a shelf.","Create one clean, realistic, adult-oriented 4:3 learning scene for The Living Room. Represent these targets clearly and with equal visual importance: Board Game, Puzzle, Playing Cards. Adults playing a board game, with a puzzle box and a pack of playing cards on a shelf. Keep the main subjects safely centered for object-cover cropping. Use a natural contemporary setting and avoid stereotypes or child-oriented styling. Do not include visible words, letters, numerals, captions, labels, borders, logos, or watermarks. Do not visually reveal which option answers the assessment question.",,needed after image selection,What are the friends playing?,Board Game,Board Game | Puzzle | Playing Cards,
living-room-5-usage-scene-1,6,editorial review required,living-room,The Living Room,9,living-room-5,The Living Room 5,5,37,Pre-A1,1,living-room-5-scene-1.avif,./learning-scenes/living-room/living-room-5-scene-1.avif,The Living Room — The Living Room 5 — Scene 1,Lamp | Phone | Tablet,The lamp lights the table while Lina checks her phone and her tablet charges nearby.,A lamp illuminating a table where an adult checks a phone and a tablet rests nearby.,"Create one clean, realistic, adult-oriented 4:3 learning scene for The Living Room. Represent these targets clearly and with equal visual importance: Lamp, Phone, Tablet. A lamp illuminating a table where an adult checks a phone and a tablet rests nearby. Keep the main subjects safely centered for object-cover cropping. Use a natural contemporary setting and avoid stereotypes or child-oriented styling. Do not include visible words, letters, numerals, captions, labels, borders, logos, or watermarks. Do not visually reveal which option answers the assessment question.",,needed after image selection,What lights the table?,Lamp,Lamp | Phone | Tablet,
living-room-5-usage-scene-2,6,editorial review required,living-room,The Living Room,9,living-room-5,The Living Room 5,5,37,Pre-A1,2,living-room-5-scene-2.avif,./learning-scenes/living-room/living-room-5-scene-2.avif,The Living Room — The Living Room 5 — Scene 2,Charger | Headphones | Watch TV,"Kareem connects the charger to his phone, puts on his headphones, and watches TV.","An adult wearing headphones while watching television, with a phone visibly connected to a charger.","Create one clean, realistic, adult-oriented 4:3 learning scene for The Living Room. Represent these targets clearly and with equal visual importance: Charger, Headphones, Watch TV. An adult wearing headphones while watching television, with a phone visibly connected to a charger. Keep the main subjects safely centered for object-cover cropping. Use a natural contemporary setting and avoid stereotypes or child-oriented styling. Do not include visible words, letters, numerals, captions, labels, borders, logos, or watermarks. Do not visually reveal which option answers the assessment question.",,needed after image selection,What does Kareem put on his ears?,Headphones,Charger | Headphones | Watch TV,
living-room-5-usage-scene-3,6,editorial review required,living-room,The Living Room,9,living-room-5,The Living Room 5,5,37,Pre-A1,3,living-room-5-scene-3.avif,./learning-scenes/living-room/living-room-5-scene-3.avif,The Living Room — The Living Room 5 — Scene 3,Read a Book | Play Games | Listen to Music,"After dinner, the family reads a book, plays games, and listens to music together.","Adults sharing a living room: one reads a book, others play a game, and music plays from a speaker.","Create one clean, realistic, adult-oriented 4:3 learning scene for The Living Room. Represent these targets clearly and with equal visual importance: Read a Book, Play Games, Listen to Music. Adults sharing a living room: one reads a book, others play a game, and music plays from a speaker. Keep the main subjects safely centered for object-cover cropping. Use a natural contemporary setting and avoid stereotypes or child-oriented styling. Do not include visible words, letters, numerals, captions, labels, borders, logos, or watermarks. Do not visually reveal which option answers the assessment question.",,needed after image selection,What do they do with the book?,Read a Book,Read a Book | Play Games | Listen to Music,
living-room-5-usage-scene-4,6,editorial review required,living-room,The Living Room,9,living-room-5,The Living Room 5,5,37,Pre-A1,4,living-room-5-scene-4.avif,./learning-scenes/living-room/living-room-5-scene-4.avif,The Living Room — The Living Room 5 — Scene 4,Relax | Sit Down | Chat,Two friends sit down to chat while their host relaxes on the sofa.,Two adults seated and talking together while another adult relaxes comfortably on a sofa.,"Create one clean, realistic, adult-oriented 4:3 learning scene for The Living Room. Represent these targets clearly and with equal visual importance: Relax, Sit Down, Chat. Two adults seated and talking together while another adult relaxes comfortably on a sofa. Keep the main subjects safely centered for object-cover cropping. Use a natural contemporary setting and avoid stereotypes or child-oriented styling. Do not include visible words, letters, numerals, captions, labels, borders, logos, or watermarks. Do not visually reveal which option answers the assessment question.",,needed after image selection,What do the two friends do together?,Chat,Relax | Sit Down | Chat,
living-room-5-usage-scene-5,6,editorial review required,living-room,The Living Room,9,living-room-5,The Living Room 5,5,37,Pre-A1,5,living-room-5-scene-5.avif,./learning-scenes/living-room/living-room-5-scene-5.avif,The Living Room — The Living Room 5 — Scene 5,Take a Nap,"After lunch, Ibrahim takes a nap on the sofa.",An adult taking a short daytime nap on a sofa in a quiet living room.,"Create one clean, realistic, adult-oriented 4:3 learning scene for The Living Room. Represent these targets clearly and with equal visual importance: Take a Nap. An adult taking a short daytime nap on a sofa in a quiet living room. Keep the main subjects safely centered for object-cover cropping. Use a natural contemporary setting and avoid stereotypes or child-oriented styling. Do not include visible words, letters, numerals, captions, labels, borders, logos, or watermarks. Do not visually reveal which option answers the assessment question.",,needed after image selection,What does Ibrahim do on the sofa?,Take a Nap,Take a Nap,
fruits-1-usage-scene-1,6,editorial review required,fruits,Fruits,10,fruits-1,Fruits 1,1,38,Pre-A1,1,fruits-1-scene-1.avif,./learning-scenes/fruits/fruits-1-scene-1.avif,Fruits — Fruits 1 — Scene 1,Apple | Banana | Orange,"At the market, Jo chooses an apple for lunch, a banana for breakfast, and an orange for juice.","An adult shopper placing an apple with lunch items, a banana with breakfast items, and oranges beside a juicer.","Create one clean, realistic, adult-oriented 4:3 learning scene for Fruits. Represent these targets clearly and with equal visual importance: Apple, Banana, Orange. An adult shopper placing an apple with lunch items, a banana with breakfast items, and oranges beside a juicer. Keep the main subjects safely centered for object-cover cropping. Use a natural contemporary setting and avoid stereotypes or child-oriented styling. Do not include visible words, letters, numerals, captions, labels, borders, logos, or watermarks. Do not visually reveal which option answers the assessment question.",,needed after image selection,Which fruit is for breakfast?,Banana,Apple | Banana | Orange,
fruits-1-usage-scene-2,6,editorial review required,fruits,Fruits,10,fruits-1,Fruits 1,1,38,Pre-A1,2,fruits-1-scene-2.avif,./learning-scenes/fruits/fruits-1-scene-2.avif,Fruits — Fruits 1 — Scene 2,Grape | Strawberry | Watermelon,"The fruit salad has grapes and strawberries, and a large watermelon is ready to slice.",A fruit-salad bowl with grapes and strawberries beside a whole watermelon and a safe cutting area.,"Create one clean, realistic, adult-oriented 4:3 learning scene for Fruits. Represent these targets clearly and with equal visual importance: Grape, Strawberry, Watermelon. A fruit-salad bowl with grapes and strawberries beside a whole watermelon and a safe cutting area. Keep the main subjects safely centered for object-cover cropping. Use a natural contemporary setting and avoid stereotypes or child-oriented styling. Do not include visible words, letters, numerals, captions, labels, borders, logos, or watermarks. Do not visually reveal which option answers the assessment question.",,needed after image selection,Which fruit is ready to slice?,Watermelon,Grape | Strawberry | Watermelon,
fruits-1-usage-scene-3,6,editorial review required,fruits,Fruits,10,fruits-1,Fruits 1,1,38,Pre-A1,3,fruits-1-scene-3.avif,./learning-scenes/fruits/fruits-1-scene-3.avif,Fruits — Fruits 1 — Scene 3,Pineapple | Mango | Peach,"Mina buys a pineapple and a mango, then chooses a soft peach to eat today.","An adult shopper holding a ripe peach, with a pineapple and mango already in the shopping basket.","Create one clean, realistic, adult-oriented 4:3 learning scene for Fruits. Represent these targets clearly and with equal visual importance: Pineapple, Mango, Peach. An adult shopper holding a ripe peach, with a pineapple and mango already in the shopping basket. Keep the main subjects safely centered for object-cover cropping. Use a natural contemporary setting and avoid stereotypes or child-oriented styling. Do not include visible words, letters, numerals, captions, labels, borders, logos, or watermarks. Do not visually reveal which option answers the assessment question.",,needed after image selection,Which fruit will Mina eat today?,Peach,Pineapple | Mango | Peach,
fruits-1-usage-scene-4,6,editorial review required,fruits,Fruits,10,fruits-1,Fruits 1,1,38,Pre-A1,4,fruits-1-scene-4.avif,./learning-scenes/fruits/fruits-1-scene-4.avif,Fruits — Fruits 1 — Scene 4,Pear | Blueberry | Raspberry,"A pear is in the lunch box, while blueberries and raspberries top the yogurt.","A pear inside an open lunch box, with separate blueberries and raspberries on a bowl of yogurt.","Create one clean, realistic, adult-oriented 4:3 learning scene for Fruits. Represent these targets clearly and with equal visual importance: Pear, Blueberry, Raspberry. A pear inside an open lunch box, with separate blueberries and raspberries on a bowl of yogurt. Keep the main subjects safely centered for object-cover cropping. Use a natural contemporary setting and avoid stereotypes or child-oriented styling. Do not include visible words, letters, numerals, captions, labels, borders, logos, or watermarks. Do not visually reveal which option answers the assessment question.",,needed after image selection,What is in the lunch box?,Pear,Pear | Blueberry | Raspberry,
fruits-1-usage-scene-5,6,editorial review required,fruits,Fruits,10,fruits-1,Fruits 1,1,38,Pre-A1,5,fruits-1-scene-5.avif,./learning-scenes/fruits/fruits-1-scene-5.avif,Fruits — Fruits 1 — Scene 5,Blackberry | Cranberry | Gooseberry,"The baker decorates one tart with blackberries, one with cranberries, and one with gooseberries.","Three separate fruit tarts: the first with blackberries, the second with cranberries, and the third with gooseberries, without labels.","Create one clean, realistic, adult-oriented 4:3 learning scene for Fruits. Represent these targets clearly and with equal visual importance: Blackberry, Cranberry, Gooseberry. Three separate fruit tarts: the first with blackberries, the second with cranberries, and the third with gooseberries, without labels. Keep the main subjects safely centered for object-cover cropping. Use a natural contemporary setting and avoid stereotypes or child-oriented styling. Do not include visible words, letters, numerals, captions, labels, borders, logos, or watermarks. Do not visually reveal which option answers the assessment question.",,needed after image selection,Which berries are on the first tart?,Blackberry,Blackberry | Cranberry | Gooseberry,
fruits-2-usage-scene-1,6,editorial review required,fruits,Fruits,10,fruits-2,Fruits 2,2,39,Pre-A1,1,fruits-2-scene-1.avif,./learning-scenes/fruits/fruits-2-scene-1.avif,Fruits — Fruits 2 — Scene 1,Mulberry | Boysenberry | Acai Berry,"At the café, the bowls contain mulberries, boysenberries, and açaí berries for three different smoothies.","Three distinct bowls arranged left to right with mulberries, boysenberries, and acai berries for smoothies.","Create one clean, realistic, adult-oriented 4:3 learning scene for Fruits. Represent these targets clearly and with equal visual importance: Mulberry, Boysenberry, Acai Berry. Three distinct bowls arranged left to right with mulberries, boysenberries, and acai berries for smoothies. Keep the main subjects safely centered for object-cover cropping. Use a natural contemporary setting and avoid stereotypes or child-oriented styling. Do not include visible words, letters, numerals, captions, labels, borders, logos, or watermarks. Do not visually reveal which option answers the assessment question.",,needed after image selection,Which berries are in the middle bowl?,Boysenberry,Mulberry | Boysenberry | Acai Berry,
fruits-2-usage-scene-2,6,editorial review required,fruits,Fruits,10,fruits-2,Fruits 2,2,39,Pre-A1,2,fruits-2-scene-2.avif,./learning-scenes/fruits/fruits-2-scene-2.avif,Fruits — Fruits 2 — Scene 2,Lingonberry | Elderberry | Papaya,The market stall displays lingonberries and elderberries beside one ripe papaya.,A market display with small piles of lingonberries and elderberries beside one clearly larger ripe papaya.,"Create one clean, realistic, adult-oriented 4:3 learning scene for Fruits. Represent these targets clearly and with equal visual importance: Lingonberry, Elderberry, Papaya. A market display with small piles of lingonberries and elderberries beside one clearly larger ripe papaya. Keep the main subjects safely centered for object-cover cropping. Use a natural contemporary setting and avoid stereotypes or child-oriented styling. Do not include visible words, letters, numerals, captions, labels, borders, logos, or watermarks. Do not visually reveal which option answers the assessment question.",,needed after image selection,Which fruit is the largest?,Papaya,Lingonberry | Elderberry | Papaya,
fruits-2-usage-scene-3,6,editorial review required,fruits,Fruits,10,fruits-2,Fruits 2,2,39,Pre-A1,3,fruits-2-scene-3.avif,./learning-scenes/fruits/fruits-2-scene-3.avif,Fruits — Fruits 2 — Scene 3,Coconut | Passion Fruit | Guava,"Nina opens a coconut, slices a guava, and spoons out the inside of a passion fruit.","An adult preparing fruit: opening a coconut, slicing a guava, and spooning pulp from a passion fruit.","Create one clean, realistic, adult-oriented 4:3 learning scene for Fruits. Represent these targets clearly and with equal visual importance: Coconut, Passion Fruit, Guava. An adult preparing fruit: opening a coconut, slicing a guava, and spooning pulp from a passion fruit. Keep the main subjects safely centered for object-cover cropping. Use a natural contemporary setting and avoid stereotypes or child-oriented styling. Do not include visible words, letters, numerals, captions, labels, borders, logos, or watermarks. Do not visually reveal which option answers the assessment question.",,needed after image selection,Which fruit does Nina open?,Coconut,Coconut | Passion Fruit | Guava,
fruits-2-usage-scene-4,6,editorial review required,fruits,Fruits,10,fruits-2,Fruits 2,2,39,Pre-A1,4,fruits-2-scene-4.avif,./learning-scenes/fruits/fruits-2-scene-4.avif,Fruits — Fruits 2 — Scene 4,Lychee | Dragon Fruit | Star Fruit,"For a tasting plate, the chef peels a lychee and slices dragon fruit and star fruit.","A chef peeling a lychee, with sliced dragon fruit and star fruit displayed separately on a tasting plate.","Create one clean, realistic, adult-oriented 4:3 learning scene for Fruits. Represent these targets clearly and with equal visual importance: Lychee, Dragon Fruit, Star Fruit. A chef peeling a lychee, with sliced dragon fruit and star fruit displayed separately on a tasting plate. Keep the main subjects safely centered for object-cover cropping. Use a natural contemporary setting and avoid stereotypes or child-oriented styling. Do not include visible words, letters, numerals, captions, labels, borders, logos, or watermarks. Do not visually reveal which option answers the assessment question.",,needed after image selection,Which fruit does the chef peel?,Lychee,Lychee | Dragon Fruit | Star Fruit,
fruits-2-usage-scene-5,6,editorial review required,fruits,Fruits,10,fruits-2,Fruits 2,2,39,Pre-A1,5,fruits-2-scene-5.avif,./learning-scenes/fruits/fruits-2-scene-5.avif,Fruits — Fruits 2 — Scene 5,Jackfruit | Durian | Rambutan,"The shopkeeper cuts the jackfruit, keeps the durian closed, and places rambutan in a basket.","A market worker cutting a jackfruit, with a closed durian and a basket of rambutan nearby.","Create one clean, realistic, adult-oriented 4:3 learning scene for Fruits. Represent these targets clearly and with equal visual importance: Jackfruit, Durian, Rambutan. A market worker cutting a jackfruit, with a closed durian and a basket of rambutan nearby. Keep the main subjects safely centered for object-cover cropping. Use a natural contemporary setting and avoid stereotypes or child-oriented styling. Do not include visible words, letters, numerals, captions, labels, borders, logos, or watermarks. Do not visually reveal which option answers the assessment question.",,needed after image selection,Which fruit does the shopkeeper cut?,Jackfruit,Jackfruit | Durian | Rambutan,
fruits-3-usage-scene-1,6,editorial review required,fruits,Fruits,10,fruits-3,Fruits 3,3,40,Pre-A1,1,fruits-3-scene-1.avif,./learning-scenes/fruits/fruits-3-scene-1.avif,Fruits — Fruits 3 — Scene 1,Lemon | Lime | Grapefruit,"For breakfast, Salma squeezes a lemon, slices a lime, and halves a grapefruit.","An adult squeezing a lemon, with a sliced lime and halved grapefruit clearly separate.","Create one clean, realistic, adult-oriented 4:3 learning scene for Fruits. Represent these targets clearly and with equal visual importance: Lemon, Lime, Grapefruit. An adult squeezing a lemon, with a sliced lime and halved grapefruit clearly separate. Keep the main subjects safely centered for object-cover cropping. Use a natural contemporary setting and avoid stereotypes or child-oriented styling. Do not include visible words, letters, numerals, captions, labels, borders, logos, or watermarks. Do not visually reveal which option answers the assessment question.",,needed after image selection,Which fruit does Salma squeeze?,Lemon,Lemon | Lime | Grapefruit,
fruits-3-usage-scene-2,6,editorial review required,fruits,Fruits,10,fruits-3,Fruits 3,3,40,Pre-A1,2,fruits-3-scene-2.avif,./learning-scenes/fruits/fruits-3-scene-2.avif,Fruits — Fruits 3 — Scene 2,Tangerine | Mandarin | Clementine,"The fruit bowl holds a tangerine, a mandarin, and two small clementines.","A fruit bowl with exactly one tangerine, one mandarin, and two clearly smaller clementines.","Create one clean, realistic, adult-oriented 4:3 learning scene for Fruits. Represent these targets clearly and with equal visual importance: Tangerine, Mandarin, Clementine. A fruit bowl with exactly one tangerine, one mandarin, and two clearly smaller clementines. Keep the main subjects safely centered for object-cover cropping. Use a natural contemporary setting and avoid stereotypes or child-oriented styling. Do not include visible words, letters, numerals, captions, labels, borders, logos, or watermarks. Do not visually reveal which option answers the assessment question.",,needed after image selection,Which fruit appears twice?,Clementine,Tangerine | Mandarin | Clementine,
fruits-3-usage-scene-3,6,editorial review required,fruits,Fruits,10,fruits-3,Fruits 3,3,40,Pre-A1,3,fruits-3-scene-3.avif,./learning-scenes/fruits/fruits-3-scene-3.avif,Fruits — Fruits 3 — Scene 3,Kumquat | Blood Orange | Pomelo,"At the citrus stall, the kumquat is the smallest fruit, the pomelo is the largest, and the blood orange is cut open.","A citrus display comparing a small kumquat, a large pomelo, and a cut blood orange.","Create one clean, realistic, adult-oriented 4:3 learning scene for Fruits. Represent these targets clearly and with equal visual importance: Kumquat, Blood Orange, Pomelo. A citrus display comparing a small kumquat, a large pomelo, and a cut blood orange. Keep the main subjects safely centered for object-cover cropping. Use a natural contemporary setting and avoid stereotypes or child-oriented styling. Do not include visible words, letters, numerals, captions, labels, borders, logos, or watermarks. Do not visually reveal which option answers the assessment question.",,needed after image selection,Which fruit is the largest?,Pomelo,Kumquat | Blood Orange | Pomelo,
fruits-3-usage-scene-4,6,editorial review required,fruits,Fruits,10,fruits-3,Fruits 3,3,40,Pre-A1,4,fruits-3-scene-4.avif,./learning-scenes/fruits/fruits-3-scene-4.avif,Fruits — Fruits 3 — Scene 4,Yuzu | Cherry | Plum,The cook adds yuzu to a sauce while a cherry and a plum remain on the plate.,"A cook adding yuzu juice to a sauce, with one cherry and one plum remaining on a plate.","Create one clean, realistic, adult-oriented 4:3 learning scene for Fruits. Represent these targets clearly and with equal visual importance: Yuzu, Cherry, Plum. A cook adding yuzu juice to a sauce, with one cherry and one plum remaining on a plate. Keep the main subjects safely centered for object-cover cropping. Use a natural contemporary setting and avoid stereotypes or child-oriented styling. Do not include visible words, letters, numerals, captions, labels, borders, logos, or watermarks. Do not visually reveal which option answers the assessment question.",,needed after image selection,What does the cook add to the sauce?,Yuzu,Yuzu | Cherry | Plum,
fruits-3-usage-scene-5,6,editorial review required,fruits,Fruits,10,fruits-3,Fruits 3,3,40,Pre-A1,5,fruits-3-scene-5.avif,./learning-scenes/fruits/fruits-3-scene-5.avif,Fruits — Fruits 3 — Scene 5,Apricot | Nectarine | Date,"For a snack, Adil packs an apricot, a nectarine, and three dates.","An open snack box with one apricot, one nectarine, and exactly three dates.","Create one clean, realistic, adult-oriented 4:3 learning scene for Fruits. Represent these targets clearly and with equal visual importance: Apricot, Nectarine, Date. An open snack box with one apricot, one nectarine, and exactly three dates. Keep the main subjects safely centered for object-cover cropping. Use a natural contemporary setting and avoid stereotypes or child-oriented styling. Do not include visible words, letters, numerals, captions, labels, borders, logos, or watermarks. Do not visually reveal which option answers the assessment question.",,needed after image selection,Which fruit does Adil pack three of?,Date,Apricot | Nectarine | Date,
