lesson_id,unit_id,unit_name,unit_order,lesson_name,lesson_order,global_order,core_cefr,level_up_cefr,advanced_cefr,target_count,scene_count,exercise_count,image_count,missing_image_count,content_issue_count,editorial_status,next_action
numbers-counting-1,numbers-counting,Numbers & Counting,1,Numbers & Counting 1,1,1,Pre-A1,A2,B1,15,5,8,0,5,0,baseline present; enrichment needed,"Review core senses and collocations, then author optional level-up and advanced uses."
numbers-counting-2,numbers-counting,Numbers & Counting,1,Numbers & Counting 2,2,2,Pre-A1,A2,B1,15,5,8,0,5,0,baseline present; enrichment needed,"Review core senses and collocations, then author optional level-up and advanced uses."
numbers-counting-3,numbers-counting,Numbers & Counting,1,Numbers & Counting 3,3,3,Pre-A1,A2,B1,15,5,8,0,5,0,baseline present; enrichment needed,"Review core senses and collocations, then author optional level-up and advanced uses."
numbers-counting-4,numbers-counting,Numbers & Counting,1,Numbers & Counting 4,4,4,Pre-A1,A2,B1,5,2,5,0,2,0,baseline present; enrichment needed,"Review core senses and collocations, then author optional level-up and advanced uses."
colors-1,colors,Colors,2,Colors 1,1,5,Pre-A1,A2,B1,15,5,8,1,4,0,baseline present; enrichment needed,"Review core senses and collocations, then author optional level-up and advanced uses."
colors-2,colors,Colors,2,Colors 2,2,6,Pre-A1,A2,B1,15,5,8,0,5,0,baseline present; enrichment needed,"Review core senses and collocations, then author optional level-up and advanced uses."
colors-3,colors,Colors,2,Colors 3,3,7,Pre-A1,A2,B1,10,4,7,0,4,0,baseline present; enrichment needed,"Review core senses and collocations, then author optional level-up and advanced uses."
shapes-geometry-1,shapes-geometry,Shapes & Geometry,3,Shapes & Geometry 1,1,8,Pre-A1,A2,B1,15,5,8,5,0,0,baseline present; enrichment needed,"Review core senses and collocations, then author optional level-up and advanced uses."
shapes-geometry-2,shapes-geometry,Shapes & Geometry,3,Shapes & Geometry 2,2,9,Pre-A1,A2,B1,15,5,8,5,0,0,baseline present; enrichment needed,"Review core senses and collocations, then author optional level-up and advanced uses."
shapes-geometry-3,shapes-geometry,Shapes & Geometry,3,Shapes & Geometry 3,3,10,Pre-A1,A2,B1,15,5,8,5,0,0,baseline present; enrichment needed,"Review core senses and collocations, then author optional level-up and advanced uses."
shapes-geometry-4,shapes-geometry,Shapes & Geometry,3,Shapes & Geometry 4,4,11,Pre-A1,A2,B1,5,2,5,2,0,0,baseline present; enrichment needed,"Review core senses and collocations, then author optional level-up and advanced uses."
basic-emotions-1,basic-emotions,Basic Emotions,4,Basic Emotions 1,1,12,Pre-A1,A2,B1,15,5,8,0,5,0,baseline present; enrichment needed,"Review core senses and collocations, then author optional level-up and advanced uses."
basic-emotions-2,basic-emotions,Basic Emotions,4,Basic Emotions 2,2,13,Pre-A1,A2,B1,15,5,8,0,5,0,baseline present; enrichment needed,"Review core senses and collocations, then author optional level-up and advanced uses."
basic-emotions-3,basic-emotions,Basic Emotions,4,Basic Emotions 3,3,14,Pre-A1,A2,B1,10,4,7,0,4,0,baseline present; enrichment needed,"Review core senses and collocations, then author optional level-up and advanced uses."
family-1,family,The Family,5,The Family 1,1,15,Pre-A1,A2,B1,15,5,8,0,5,0,baseline present; enrichment needed,"Review core senses and collocations, then author optional level-up and advanced uses."
family-2,family,The Family,5,The Family 2,2,16,Pre-A1,A2,B1,15,5,8,0,5,0,baseline present; enrichment needed,"Review core senses and collocations, then author optional level-up and advanced uses."
family-3,family,The Family,5,The Family 3,3,17,Pre-A1,A2,B1,10,4,7,0,4,0,baseline present; enrichment needed,"Review core senses and collocations, then author optional level-up and advanced uses."
bedroom-1,bedroom,The Bedroom,6,The Bedroom 1,1,18,Pre-A1,A2,B1,15,5,7,0,5,0,baseline present; enrichment needed,"Review core senses and collocations, then author optional level-up and advanced uses."
bedroom-2,bedroom,The Bedroom,6,The Bedroom 2,2,19,Pre-A1,A2,B1,15,5,7,0,5,0,baseline present; enrichment needed,"Review core senses and collocations, then author optional level-up and advanced uses."
bedroom-3,bedroom,The Bedroom,6,The Bedroom 3,3,20,Pre-A1,A2,B1,15,5,7,0,5,0,baseline present; enrichment needed,"Review core senses and collocations, then author optional level-up and advanced uses."
bedroom-4,bedroom,The Bedroom,6,The Bedroom 4,4,21,Pre-A1,A2,B1,13,5,7,0,5,0,baseline present; enrichment needed,"Review core senses and collocations, then author optional level-up and advanced uses."
bathroom-1,bathroom,The Bathroom,7,Fixtures & Fittings,1,22,Pre-A1,A2,B1,10,4,6,0,4,0,baseline present; enrichment needed,"Review core senses and collocations, then author optional level-up and advanced uses."
bathroom-2,bathroom,The Bathroom,7,Toiletries,2,23,Pre-A1,A2,B1,10,4,6,0,4,0,baseline present; enrichment needed,"Review core senses and collocations, then author optional level-up and advanced uses."
bathroom-3,bathroom,The Bathroom,7,Bathroom Supplies,3,24,Pre-A1,A2,B1,10,4,6,0,4,0,baseline present; enrichment needed,"Review core senses and collocations, then author optional level-up and advanced uses."
bathroom-4,bathroom,The Bathroom,7,Bath & Shower,4,25,Pre-A1,A2,B1,10,4,6,0,4,0,baseline present; enrichment needed,"Review core senses and collocations, then author optional level-up and advanced uses."
bathroom-5,bathroom,The Bathroom,7,Personal Care,5,26,Pre-A1,A2,B1,10,4,6,0,4,0,baseline present; enrichment needed,"Review core senses and collocations, then author optional level-up and advanced uses."
bathroom-6,bathroom,The Bathroom,7,Cleaning Items,6,27,Pre-A1,A2,B1,17,6,8,0,6,0,baseline present; enrichment needed,"Review core senses and collocations, then author optional level-up and advanced uses."
kitchen-1,kitchen,The Kitchen,8,The Kitchen 1,1,28,Pre-A1,A2,B1,15,5,7,0,5,0,baseline present; enrichment needed,"Review core senses and collocations, then author optional level-up and advanced uses."
kitchen-2,kitchen,The Kitchen,8,The Kitchen 2,2,29,Pre-A1,A2,B1,15,5,7,0,5,0,baseline present; enrichment needed,"Review core senses and collocations, then author optional level-up and advanced uses."
kitchen-3,kitchen,The Kitchen,8,The Kitchen 3,3,30,Pre-A1,A2,B1,15,5,7,0,5,0,baseline present; enrichment needed,"Review core senses and collocations, then author optional level-up and advanced uses."
kitchen-4,kitchen,The Kitchen,8,The Kitchen 4,4,31,Pre-A1,A2,B1,15,5,7,0,5,0,baseline present; enrichment needed,"Review core senses and collocations, then author optional level-up and advanced uses."
kitchen-5,kitchen,The Kitchen,8,The Kitchen 5,5,32,Pre-A1,A2,B1,12,4,6,0,4,0,baseline present; enrichment needed,"Review core senses and collocations, then author optional level-up and advanced uses."
living-room-1,living-room,The Living Room,9,The Living Room 1,1,33,Pre-A1,A2,B1,15,5,7,0,5,0,baseline present; enrichment needed,"Review core senses and collocations, then author optional level-up and advanced uses."
living-room-2,living-room,The Living Room,9,The Living Room 2,2,34,Pre-A1,A2,B1,15,5,7,0,5,0,baseline present; enrichment needed,"Review core senses and collocations, then author optional level-up and advanced uses."
living-room-3,living-room,The Living Room,9,The Living Room 3,3,35,Pre-A1,A2,B1,15,5,7,0,5,0,baseline present; enrichment needed,"Review core senses and collocations, then author optional level-up and advanced uses."
living-room-4,living-room,The Living Room,9,The Living Room 4,4,36,Pre-A1,A2,B1,15,5,7,0,5,0,baseline present; enrichment needed,"Review core senses and collocations, then author optional level-up and advanced uses."
living-room-5,living-room,The Living Room,9,The Living Room 5,5,37,Pre-A1,A2,B1,13,5,7,0,5,0,baseline present; enrichment needed,"Review core senses and collocations, then author optional level-up and advanced uses."
fruits-1,fruits,Fruits,10,Fruits 1,1,38,Pre-A1,A2,B1,15,5,7,0,5,0,baseline present; enrichment needed,"Review core senses and collocations, then author optional level-up and advanced uses."
fruits-2,fruits,Fruits,10,Fruits 2,2,39,Pre-A1,A2,B1,15,5,7,0,5,0,baseline present; enrichment needed,"Review core senses and collocations, then author optional level-up and advanced uses."
fruits-3,fruits,Fruits,10,Fruits 3,3,40,Pre-A1,A2,B1,15,5,7,0,5,0,baseline present; enrichment needed,"Review core senses and collocations, then author optional level-up and advanced uses."
fruits-4,fruits,Fruits,10,Fruits 4,4,41,Pre-A1,A2,B1,5,2,5,0,2,0,baseline present; enrichment needed,"Review core senses and collocations, then author optional level-up and advanced uses."
vegetables-1,vegetables,Vegetables,11,Vegetables 1,1,42,Pre-A1,A2,B1,15,5,8,0,5,0,baseline present; enrichment needed,"Review core senses and collocations, then author optional level-up and advanced uses."
vegetables-2,vegetables,Vegetables,11,Vegetables 2,2,43,Pre-A1,A2,B1,15,5,8,0,5,0,baseline present; enrichment needed,"Review core senses and collocations, then author optional level-up and advanced uses."
vegetables-3,vegetables,Vegetables,11,Vegetables 3,3,44,Pre-A1,A2,B1,15,5,8,0,5,0,baseline present; enrichment needed,"Review core senses and collocations, then author optional level-up and advanced uses."
vegetables-4,vegetables,Vegetables,11,Vegetables 4,4,45,Pre-A1,A2,B1,15,5,8,0,5,0,baseline present; enrichment needed,"Review core senses and collocations, then author optional level-up and advanced uses."
telling-time-1,telling-time,Telling Time,12,Telling Time 1,1,46,Pre-A1,A2,B1,15,5,8,0,5,0,baseline present; enrichment needed,"Review core senses and collocations, then author optional level-up and advanced uses."
telling-time-2,telling-time,Telling Time,12,Telling Time 2,2,47,Pre-A1,A2,B1,15,5,8,0,5,0,baseline present; enrichment needed,"Review core senses and collocations, then author optional level-up and advanced uses."
telling-time-3,telling-time,Telling Time,12,Telling Time 3,3,48,Pre-A1,A2,B1,15,5,8,0,5,0,baseline present; enrichment needed,"Review core senses and collocations, then author optional level-up and advanced uses."
telling-time-4,telling-time,Telling Time,12,Telling Time 4,4,49,Pre-A1,A2,B1,5,2,5,0,2,0,baseline present; enrichment needed,"Review core senses and collocations, then author optional level-up and advanced uses."
days-months-1,days-months,Days & Months,13,Days & Months 1,1,50,Pre-A1,A2,B1,15,5,8,0,5,0,baseline present; enrichment needed,"Review core senses and collocations, then author optional level-up and advanced uses."
days-months-2,days-months,Days & Months,13,Days & Months 2,2,51,Pre-A1,A2,B1,15,5,8,0,5,0,baseline present; enrichment needed,"Review core senses and collocations, then author optional level-up and advanced uses."
days-months-3,days-months,Days & Months,13,Days & Months 3,3,52,Pre-A1,A2,B1,15,5,8,0,5,0,baseline present; enrichment needed,"Review core senses and collocations, then author optional level-up and advanced uses."
days-months-4,days-months,Days & Months,13,Days & Months 4,4,53,Pre-A1,A2,B1,5,2,5,0,2,0,baseline present; enrichment needed,"Review core senses and collocations, then author optional level-up and advanced uses."
daily-action-verbs-1,daily-action-verbs,Daily Action Verbs,14,Daily Action Verbs 1,1,54,Pre-A1,A2,B1,15,5,8,0,5,0,baseline present; enrichment needed,"Review core senses and collocations, then author optional level-up and advanced uses."
daily-action-verbs-2,daily-action-verbs,Daily Action Verbs,14,Daily Action Verbs 2,2,55,Pre-A1,A2,B1,15,5,8,0,5,0,baseline present; enrichment needed,"Review core senses and collocations, then author optional level-up and advanced uses."
daily-action-verbs-3,daily-action-verbs,Daily Action Verbs,14,Daily Action Verbs 3,3,56,Pre-A1,A2,B1,15,5,8,0,5,0,baseline present; enrichment needed,"Review core senses and collocations, then author optional level-up and advanced uses."
daily-action-verbs-4,daily-action-verbs,Daily Action Verbs,14,Daily Action Verbs 4,4,57,Pre-A1,A2,B1,5,2,5,0,2,0,baseline present; enrichment needed,"Review core senses and collocations, then author optional level-up and advanced uses."
prepositions-of-place-1,prepositions-of-place,Prepositions of Place,15,Prepositions of Place 1,1,58,Pre-A1,A2,B1,15,5,8,0,5,0,baseline present; enrichment needed,"Review core senses and collocations, then author optional level-up and advanced uses."
prepositions-of-place-2,prepositions-of-place,Prepositions of Place,15,Prepositions of Place 2,2,59,Pre-A1,A2,B1,15,5,8,0,5,0,baseline present; enrichment needed,"Review core senses and collocations, then author optional level-up and advanced uses."
prepositions-of-place-3,prepositions-of-place,Prepositions of Place,15,Prepositions of Place 3,3,60,Pre-A1,A2,B1,10,4,7,0,4,0,baseline present; enrichment needed,"Review core senses and collocations, then author optional level-up and advanced uses."
daily-routines-1,daily-routines,Daily Routines,16,Daily Routines 1,1,61,Pre-A1,A2,B1,15,5,8,0,5,0,baseline present; enrichment needed,"Review core senses and collocations, then author optional level-up and advanced uses."
daily-routines-2,daily-routines,Daily Routines,16,Daily Routines 2,2,62,Pre-A1,A2,B1,15,5,8,0,5,0,baseline present; enrichment needed,"Review core senses and collocations, then author optional level-up and advanced uses."
daily-routines-3,daily-routines,Daily Routines,16,Daily Routines 3,3,63,Pre-A1,A2,B1,15,5,8,0,5,0,baseline present; enrichment needed,"Review core senses and collocations, then author optional level-up and advanced uses."
daily-routines-4,daily-routines,Daily Routines,16,Daily Routines 4,4,64,Pre-A1,A2,B1,4,2,5,0,2,0,baseline present; enrichment needed,"Review core senses and collocations, then author optional level-up and advanced uses."
classroom-1,classroom,The Classroom,17,The Classroom 1,1,65,Pre-A1,A2,B1,15,5,8,0,5,0,baseline present; enrichment needed,"Review core senses and collocations, then author optional level-up and advanced uses."
classroom-2,classroom,The Classroom,17,The Classroom 2,2,66,Pre-A1,A2,B1,15,5,8,0,5,0,baseline present; enrichment needed,"Review core senses and collocations, then author optional level-up and advanced uses."
classroom-3,classroom,The Classroom,17,The Classroom 3,3,67,Pre-A1,A2,B1,15,5,8,0,5,0,baseline present; enrichment needed,"Review core senses and collocations, then author optional level-up and advanced uses."
classroom-4,classroom,The Classroom,17,The Classroom 4,4,68,Pre-A1,A2,B1,15,5,8,0,5,0,baseline present; enrichment needed,"Review core senses and collocations, then author optional level-up and advanced uses."
classroom-5,classroom,The Classroom,17,The Classroom 5,5,69,Pre-A1,A2,B1,6,2,5,0,2,0,baseline present; enrichment needed,"Review core senses and collocations, then author optional level-up and advanced uses."
toys-games-1,toys-games,Toys & Games,18,Toys & Games 1,1,70,Pre-A1,A2,B1,15,5,8,0,5,0,baseline present; enrichment needed,"Review core senses and collocations, then author optional level-up and advanced uses."
toys-games-2,toys-games,Toys & Games,18,Toys & Games 2,2,71,Pre-A1,A2,B1,15,5,8,0,5,0,baseline present; enrichment needed,"Review core senses and collocations, then author optional level-up and advanced uses."
toys-games-3,toys-games,Toys & Games,18,Toys & Games 3,3,72,Pre-A1,A2,B1,10,4,7,0,4,0,baseline present; enrichment needed,"Review core senses and collocations, then author optional level-up and advanced uses."
market-1,market,The Market,19,The Market 1,1,73,Pre-A1,A2,B1,15,5,8,0,5,0,baseline present; enrichment needed,"Review core senses and collocations, then author optional level-up and advanced uses."
market-2,market,The Market,19,The Market 2,2,74,Pre-A1,A2,B1,15,5,8,0,5,0,baseline present; enrichment needed,"Review core senses and collocations, then author optional level-up and advanced uses."
market-3,market,The Market,19,The Market 3,3,75,Pre-A1,A2,B1,15,5,8,0,5,0,baseline present; enrichment needed,"Review core senses and collocations, then author optional level-up and advanced uses."
market-4,market,The Market,19,The Market 4,4,76,Pre-A1,A2,B1,15,5,8,0,5,0,baseline present; enrichment needed,"Review core senses and collocations, then author optional level-up and advanced uses."
market-5,market,The Market,19,The Market 5,5,77,Pre-A1,A2,B1,15,5,8,0,5,0,baseline present; enrichment needed,"Review core senses and collocations, then author optional level-up and advanced uses."
market-6,market,The Market,19,The Market 6,6,78,Pre-A1,A2,B1,11,4,7,0,4,0,baseline present; enrichment needed,"Review core senses and collocations, then author optional level-up and advanced uses."
giving-directions-1,giving-directions,Giving Directions,20,Giving Directions 1,1,79,Pre-A1,A2,B1,15,5,8,0,5,0,baseline present; enrichment needed,"Review core senses and collocations, then author optional level-up and advanced uses."
giving-directions-2,giving-directions,Giving Directions,20,Giving Directions 2,2,80,Pre-A1,A2,B1,15,5,8,0,5,0,baseline present; enrichment needed,"Review core senses and collocations, then author optional level-up and advanced uses."
giving-directions-3,giving-directions,Giving Directions,20,Giving Directions 3,3,81,Pre-A1,A2,B1,15,5,8,0,5,0,baseline present; enrichment needed,"Review core senses and collocations, then author optional level-up and advanced uses."
giving-directions-4,giving-directions,Giving Directions,20,Giving Directions 4,4,82,Pre-A1,A2,B1,5,2,5,0,2,0,baseline present; enrichment needed,"Review core senses and collocations, then author optional level-up and advanced uses."
movement-verbs-1,movement-verbs,Movement Verbs,21,Movement Verbs 1,1,83,Pre-A1,A2,B1,15,5,8,0,5,0,baseline present; enrichment needed,"Review core senses and collocations, then author optional level-up and advanced uses."
movement-verbs-2,movement-verbs,Movement Verbs,21,Movement Verbs 2,2,84,Pre-A1,A2,B1,15,5,8,0,5,0,baseline present; enrichment needed,"Review core senses and collocations, then author optional level-up and advanced uses."
movement-verbs-3,movement-verbs,Movement Verbs,21,Movement Verbs 3,3,85,Pre-A1,A2,B1,15,5,8,0,5,0,baseline present; enrichment needed,"Review core senses and collocations, then author optional level-up and advanced uses."
movement-verbs-4,movement-verbs,Movement Verbs,21,Movement Verbs 4,4,86,Pre-A1,A2,B1,5,2,5,0,2,0,baseline present; enrichment needed,"Review core senses and collocations, then author optional level-up and advanced uses."
hand-actions-1,hand-actions,Hand Actions,22,Hand Actions 1,1,87,Pre-A1,A2,B1,15,5,8,0,5,0,baseline present; enrichment needed,"Review core senses and collocations, then author optional level-up and advanced uses."
hand-actions-2,hand-actions,Hand Actions,22,Hand Actions 2,2,88,Pre-A1,A2,B1,15,5,8,0,5,0,baseline present; enrichment needed,"Review core senses and collocations, then author optional level-up and advanced uses."
hand-actions-3,hand-actions,Hand Actions,22,Hand Actions 3,3,89,Pre-A1,A2,B1,15,5,8,0,5,0,baseline present; enrichment needed,"Review core senses and collocations, then author optional level-up and advanced uses."
hand-actions-4,hand-actions,Hand Actions,22,Hand Actions 4,4,90,Pre-A1,A2,B1,5,2,5,0,2,0,baseline present; enrichment needed,"Review core senses and collocations, then author optional level-up and advanced uses."
farm-1,farm,The Farm,23,The Farm 1,1,91,A1,A2,B1,15,5,9,0,5,0,baseline present; enrichment needed,"Review core senses and collocations, then author optional level-up and advanced uses."
farm-2,farm,The Farm,23,The Farm 2,2,92,A1,A2,B1,15,5,9,0,5,0,baseline present; enrichment needed,"Review core senses and collocations, then author optional level-up and advanced uses."
farm-3,farm,The Farm,23,The Farm 3,3,93,A1,A2,B1,15,5,9,0,5,0,baseline present; enrichment needed,"Review core senses and collocations, then author optional level-up and advanced uses."
farm-4,farm,The Farm,23,The Farm 4,4,94,A1,A2,B1,15,5,9,0,5,0,baseline present; enrichment needed,"Review core senses and collocations, then author optional level-up and advanced uses."
farm-5,farm,The Farm,23,The Farm 5,5,95,A1,A2,B1,15,5,9,0,5,0,baseline present; enrichment needed,"Review core senses and collocations, then author optional level-up and advanced uses."
farm-6,farm,The Farm,23,The Farm 6,6,96,A1,A2,B1,11,4,8,0,4,0,baseline present; enrichment needed,"Review core senses and collocations, then author optional level-up and advanced uses."
garden-1,garden,The Garden,24,The Garden 1,1,97,A1,A2,B1,15,5,9,0,5,0,baseline present; enrichment needed,"Review core senses and collocations, then author optional level-up and advanced uses."
garden-2,garden,The Garden,24,The Garden 2,2,98,A1,A2,B1,15,5,9,0,5,0,baseline present; enrichment needed,"Review core senses and collocations, then author optional level-up and advanced uses."
garden-3,garden,The Garden,24,The Garden 3,3,99,A1,A2,B1,15,5,9,0,5,0,baseline present; enrichment needed,"Review core senses and collocations, then author optional level-up and advanced uses."
garden-4,garden,The Garden,24,The Garden 4,4,100,A1,A2,B1,15,5,9,0,5,0,baseline present; enrichment needed,"Review core senses and collocations, then author optional level-up and advanced uses."
garden-5,garden,The Garden,24,The Garden 5,5,101,A1,A2,B1,7,3,7,0,3,0,baseline present; enrichment needed,"Review core senses and collocations, then author optional level-up and advanced uses."
park-1,park,The Park,25,The Park 1,1,102,A1,A2,B1,15,5,9,0,5,0,baseline present; enrichment needed,"Review core senses and collocations, then author optional level-up and advanced uses."
park-2,park,The Park,25,The Park 2,2,103,A1,A2,B1,15,5,9,0,5,0,baseline present; enrichment needed,"Review core senses and collocations, then author optional level-up and advanced uses."
park-3,park,The Park,25,The Park 3,3,104,A1,A2,B1,15,5,9,0,5,0,baseline present; enrichment needed,"Review core senses and collocations, then author optional level-up and advanced uses."
park-4,park,The Park,25,The Park 4,4,105,A1,A2,B1,15,5,9,0,5,0,baseline present; enrichment needed,"Review core senses and collocations, then author optional level-up and advanced uses."
park-5,park,The Park,25,The Park 5,5,106,A1,A2,B1,11,4,8,0,4,0,baseline present; enrichment needed,"Review core senses and collocations, then author optional level-up and advanced uses."
playground-1,playground,The Playground,26,The Playground 1,1,107,A1,A2,B1,15,5,9,0,5,0,baseline present; enrichment needed,"Review core senses and collocations, then author optional level-up and advanced uses."
playground-2,playground,The Playground,26,The Playground 2,2,108,A1,A2,B1,15,5,9,0,5,0,baseline present; enrichment needed,"Review core senses and collocations, then author optional level-up and advanced uses."
playground-3,playground,The Playground,26,The Playground 3,3,109,A1,A2,B1,15,5,9,0,5,0,baseline present; enrichment needed,"Review core senses and collocations, then author optional level-up and advanced uses."
playground-4,playground,The Playground,26,The Playground 4,4,110,A1,A2,B1,15,5,9,0,5,0,baseline present; enrichment needed,"Review core senses and collocations, then author optional level-up and advanced uses."
pet-shop-1,pet-shop,The Pet Shop,27,The Pet Shop 1,1,111,A1,A2,B1,15,5,9,0,5,0,baseline present; enrichment needed,"Review core senses and collocations, then author optional level-up and advanced uses."
pet-shop-2,pet-shop,The Pet Shop,27,The Pet Shop 2,2,112,A1,A2,B1,15,5,9,0,5,0,baseline present; enrichment needed,"Review core senses and collocations, then author optional level-up and advanced uses."
pet-shop-3,pet-shop,The Pet Shop,27,The Pet Shop 3,3,113,A1,A2,B1,15,5,9,0,5,0,baseline present; enrichment needed,"Review core senses and collocations, then author optional level-up and advanced uses."
pet-shop-4,pet-shop,The Pet Shop,27,The Pet Shop 4,4,114,A1,A2,B1,15,5,9,0,5,0,baseline present; enrichment needed,"Review core senses and collocations, then author optional level-up and advanced uses."
pet-shop-5,pet-shop,The Pet Shop,27,The Pet Shop 5,5,115,A1,A2,B1,15,5,9,0,5,0,baseline present; enrichment needed,"Review core senses and collocations, then author optional level-up and advanced uses."
pet-shop-6,pet-shop,The Pet Shop,27,The Pet Shop 6,6,116,A1,A2,B1,15,5,9,0,5,0,baseline present; enrichment needed,"Review core senses and collocations, then author optional level-up and advanced uses."
pet-shop-7,pet-shop,The Pet Shop,27,The Pet Shop 7,7,117,A1,A2,B1,15,5,9,0,5,0,baseline present; enrichment needed,"Review core senses and collocations, then author optional level-up and advanced uses."
pet-shop-8,pet-shop,The Pet Shop,27,The Pet Shop 8,8,118,A1,A2,B1,2,1,5,0,1,0,baseline present; enrichment needed,"Review core senses and collocations, then author optional level-up and advanced uses."
vet-clinic-1,vet-clinic,The Vet Clinic,28,The Vet Clinic 1,1,119,A1,A2,B1,15,5,9,0,5,0,baseline present; enrichment needed,"Review core senses and collocations, then author optional level-up and advanced uses."
vet-clinic-2,vet-clinic,The Vet Clinic,28,The Vet Clinic 2,2,120,A1,A2,B1,15,5,9,0,5,0,baseline present; enrichment needed,"Review core senses and collocations, then author optional level-up and advanced uses."
vet-clinic-3,vet-clinic,The Vet Clinic,28,The Vet Clinic 3,3,121,A1,A2,B1,15,5,9,0,5,0,baseline present; enrichment needed,"Review core senses and collocations, then author optional level-up and advanced uses."
vet-clinic-4,vet-clinic,The Vet Clinic,28,The Vet Clinic 4,4,122,A1,A2,B1,15,5,9,0,5,0,baseline present; enrichment needed,"Review core senses and collocations, then author optional level-up and advanced uses."
bakery-1,bakery,The Bakery,29,The Bakery 1,1,123,A1,A2,B1,15,5,9,0,5,5,repair before enrichment,Fix deterministic answer or media metadata issues before editorial enrichment.
bakery-2,bakery,The Bakery,29,The Bakery 2,2,124,A1,A2,B1,15,5,9,0,5,5,repair before enrichment,Fix deterministic answer or media metadata issues before editorial enrichment.
bakery-3,bakery,The Bakery,29,The Bakery 3,3,125,A1,A2,B1,15,5,9,0,5,5,repair before enrichment,Fix deterministic answer or media metadata issues before editorial enrichment.
bakery-4,bakery,The Bakery,29,The Bakery 4,4,126,A1,A2,B1,15,5,9,0,5,5,repair before enrichment,Fix deterministic answer or media metadata issues before editorial enrichment.
bakery-5,bakery,The Bakery,29,The Bakery 5,5,127,A1,A2,B1,9,3,7,0,3,0,baseline present; enrichment needed,"Review core senses and collocations, then author optional level-up and advanced uses."
coffee-shop-1,coffee-shop,The Coffee Shop,30,The Coffee Shop 1,1,128,A1,A2,B1,15,5,9,0,5,5,repair before enrichment,Fix deterministic answer or media metadata issues before editorial enrichment.
coffee-shop-2,coffee-shop,The Coffee Shop,30,The Coffee Shop 2,2,129,A1,A2,B1,15,5,9,0,5,5,repair before enrichment,Fix deterministic answer or media metadata issues before editorial enrichment.
coffee-shop-3,coffee-shop,The Coffee Shop,30,The Coffee Shop 3,3,130,A1,A2,B1,15,5,9,0,5,5,repair before enrichment,Fix deterministic answer or media metadata issues before editorial enrichment.
coffee-shop-4,coffee-shop,The Coffee Shop,30,The Coffee Shop 4,4,131,A1,A2,B1,15,5,9,0,5,5,repair before enrichment,Fix deterministic answer or media metadata issues before editorial enrichment.
ice-cream-shop-1,ice-cream-shop,The Ice Cream Shop,31,The Ice Cream Shop 1,1,132,A1,A2,B1,15,5,9,0,5,5,repair before enrichment,Fix deterministic answer or media metadata issues before editorial enrichment.
ice-cream-shop-2,ice-cream-shop,The Ice Cream Shop,31,The Ice Cream Shop 2,2,133,A1,A2,B1,15,5,9,0,5,5,repair before enrichment,Fix deterministic answer or media metadata issues before editorial enrichment.
ice-cream-shop-3,ice-cream-shop,The Ice Cream Shop,31,The Ice Cream Shop 3,3,134,A1,A2,B1,15,5,9,0,5,5,repair before enrichment,Fix deterministic answer or media metadata issues before editorial enrichment.
ice-cream-shop-4,ice-cream-shop,The Ice Cream Shop,31,The Ice Cream Shop 4,4,135,A1,A2,B1,15,5,9,0,5,5,repair before enrichment,Fix deterministic answer or media metadata issues before editorial enrichment.
pizza-shop-1,pizza-shop,The Pizza Shop,32,The Pizza Shop 1,1,136,A1,A2,B1,15,5,9,0,5,5,repair before enrichment,Fix deterministic answer or media metadata issues before editorial enrichment.
pizza-shop-2,pizza-shop,The Pizza Shop,32,The Pizza Shop 2,2,137,A1,A2,B1,15,5,9,0,5,5,repair before enrichment,Fix deterministic answer or media metadata issues before editorial enrichment.
pizza-shop-3,pizza-shop,The Pizza Shop,32,The Pizza Shop 3,3,138,A1,A2,B1,15,5,9,0,5,5,repair before enrichment,Fix deterministic answer or media metadata issues before editorial enrichment.
pizza-shop-4,pizza-shop,The Pizza Shop,32,The Pizza Shop 4,4,139,A1,A2,B1,13,5,9,0,5,5,repair before enrichment,Fix deterministic answer or media metadata issues before editorial enrichment.
restaurant-1,restaurant,L4 Restaurant,33,L4 Restaurant 1,1,140,A1,A2,B1,15,5,9,0,5,5,repair before enrichment,Fix deterministic answer or media metadata issues before editorial enrichment.
restaurant-2,restaurant,L4 Restaurant,33,L4 Restaurant 2,2,141,A1,A2,B1,15,5,9,0,5,5,repair before enrichment,Fix deterministic answer or media metadata issues before editorial enrichment.
restaurant-3,restaurant,L4 Restaurant,33,L4 Restaurant 3,3,142,A1,A2,B1,15,5,9,0,5,5,repair before enrichment,Fix deterministic answer or media metadata issues before editorial enrichment.
restaurant-4,restaurant,L4 Restaurant,33,L4 Restaurant 4,4,143,A1,A2,B1,15,5,9,0,5,5,repair before enrichment,Fix deterministic answer or media metadata issues before editorial enrichment.
restaurant-5,restaurant,L4 Restaurant,33,L4 Restaurant 5,5,144,A1,A2,B1,15,5,9,0,5,5,repair before enrichment,Fix deterministic answer or media metadata issues before editorial enrichment.
restaurant-6,restaurant,L4 Restaurant,33,L4 Restaurant 6,6,145,A1,A2,B1,4,2,6,0,2,1,repair before enrichment,Fix deterministic answer or media metadata issues before editorial enrichment.
supermarket-1,supermarket,The Supermarket,34,The Supermarket 1,1,146,A1,A2,B1,15,5,9,0,5,4,repair before enrichment,Fix deterministic answer or media metadata issues before editorial enrichment.
supermarket-2,supermarket,The Supermarket,34,The Supermarket 2,2,147,A1,A2,B1,15,5,9,0,5,5,repair before enrichment,Fix deterministic answer or media metadata issues before editorial enrichment.
supermarket-3,supermarket,The Supermarket,34,The Supermarket 3,3,148,A1,A2,B1,15,5,9,0,5,5,repair before enrichment,Fix deterministic answer or media metadata issues before editorial enrichment.
supermarket-4,supermarket,The Supermarket,34,The Supermarket 4,4,149,A1,A2,B1,15,5,9,0,5,5,repair before enrichment,Fix deterministic answer or media metadata issues before editorial enrichment.
supermarket-5,supermarket,The Supermarket,34,The Supermarket 5,5,150,A1,A2,B1,15,5,9,0,5,5,repair before enrichment,Fix deterministic answer or media metadata issues before editorial enrichment.
supermarket-6,supermarket,The Supermarket,34,The Supermarket 6,6,151,A1,A2,B1,15,5,9,0,5,5,repair before enrichment,Fix deterministic answer or media metadata issues before editorial enrichment.
supermarket-7,supermarket,The Supermarket,34,The Supermarket 7,7,152,A1,A2,B1,15,5,9,0,5,5,repair before enrichment,Fix deterministic answer or media metadata issues before editorial enrichment.
supermarket-8,supermarket,The Supermarket,34,The Supermarket 8,8,153,A1,A2,B1,15,5,9,0,5,5,repair before enrichment,Fix deterministic answer or media metadata issues before editorial enrichment.
supermarket-9,supermarket,The Supermarket,34,The Supermarket 9,9,154,A1,A2,B1,15,5,9,0,5,5,repair before enrichment,Fix deterministic answer or media metadata issues before editorial enrichment.
supermarket-10,supermarket,The Supermarket,34,The Supermarket 10,10,155,A1,A2,B1,15,5,9,0,5,5,repair before enrichment,Fix deterministic answer or media metadata issues before editorial enrichment.
supermarket-11,supermarket,The Supermarket,34,The Supermarket 11,11,156,A1,A2,B1,15,5,9,0,5,5,repair before enrichment,Fix deterministic answer or media metadata issues before editorial enrichment.
supermarket-12,supermarket,The Supermarket,34,The Supermarket 12,12,157,A1,A2,B1,15,5,9,0,5,5,repair before enrichment,Fix deterministic answer or media metadata issues before editorial enrichment.
supermarket-13,supermarket,The Supermarket,34,The Supermarket 13,13,158,A1,A2,B1,15,5,9,0,5,5,repair before enrichment,Fix deterministic answer or media metadata issues before editorial enrichment.
supermarket-14,supermarket,The Supermarket,34,The Supermarket 14,14,159,A1,A2,B1,15,5,9,0,5,5,repair before enrichment,Fix deterministic answer or media metadata issues before editorial enrichment.
supermarket-15,supermarket,The Supermarket,34,The Supermarket 15,15,160,A1,A2,B1,15,5,9,0,5,5,repair before enrichment,Fix deterministic answer or media metadata issues before editorial enrichment.
supermarket-16,supermarket,The Supermarket,34,The Supermarket 16,16,161,A1,A2,B1,15,5,9,0,5,5,repair before enrichment,Fix deterministic answer or media metadata issues before editorial enrichment.
supermarket-17,supermarket,The Supermarket,34,The Supermarket 17,17,162,A1,A2,B1,15,5,9,0,5,5,repair before enrichment,Fix deterministic answer or media metadata issues before editorial enrichment.
supermarket-18,supermarket,The Supermarket,34,The Supermarket 18,18,163,A1,A2,B1,15,5,9,0,5,5,repair before enrichment,Fix deterministic answer or media metadata issues before editorial enrichment.
supermarket-19,supermarket,The Supermarket,34,The Supermarket 19,19,164,A1,A2,B1,15,5,9,0,5,5,repair before enrichment,Fix deterministic answer or media metadata issues before editorial enrichment.
supermarket-20,supermarket,The Supermarket,34,The Supermarket 20,20,165,A1,A2,B1,15,5,9,0,5,5,repair before enrichment,Fix deterministic answer or media metadata issues before editorial enrichment.
supermarket-21,supermarket,The Supermarket,34,The Supermarket 21,21,166,A1,A2,B1,15,5,9,0,5,5,repair before enrichment,Fix deterministic answer or media metadata issues before editorial enrichment.
supermarket-22,supermarket,The Supermarket,34,The Supermarket 22,22,167,A1,A2,B1,15,5,9,0,5,4,repair before enrichment,Fix deterministic answer or media metadata issues before editorial enrichment.
supermarket-23,supermarket,The Supermarket,34,The Supermarket 23,23,168,A1,A2,B1,15,5,9,0,5,5,repair before enrichment,Fix deterministic answer or media metadata issues before editorial enrichment.
supermarket-24,supermarket,The Supermarket,34,The Supermarket 24,24,169,A1,A2,B1,15,5,9,0,5,5,repair before enrichment,Fix deterministic answer or media metadata issues before editorial enrichment.
supermarket-25,supermarket,The Supermarket,34,The Supermarket 25,25,170,A1,A2,B1,9,3,7,0,3,3,repair before enrichment,Fix deterministic answer or media metadata issues before editorial enrichment.
meat-seafood-1,meat-seafood,Meat & Seafood,35,Meat & Seafood 1,1,171,A1,A2,B1,15,5,9,0,5,4,repair before enrichment,Fix deterministic answer or media metadata issues before editorial enrichment.
meat-seafood-2,meat-seafood,Meat & Seafood,35,Meat & Seafood 2,2,172,A1,A2,B1,15,5,9,0,5,5,repair before enrichment,Fix deterministic answer or media metadata issues before editorial enrichment.
meat-seafood-3,meat-seafood,Meat & Seafood,35,Meat & Seafood 3,3,173,A1,A2,B1,15,5,9,0,5,5,repair before enrichment,Fix deterministic answer or media metadata issues before editorial enrichment.
meat-seafood-4,meat-seafood,Meat & Seafood,35,Meat & Seafood 4,4,174,A1,A2,B1,5,2,6,0,2,2,repair before enrichment,Fix deterministic answer or media metadata issues before editorial enrichment.
grains-dairy-1,grains-dairy,Grains & Dairy,36,Grains & Dairy 1,1,175,A1,A2,B1,15,5,9,0,5,5,repair before enrichment,Fix deterministic answer or media metadata issues before editorial enrichment.
grains-dairy-2,grains-dairy,Grains & Dairy,36,Grains & Dairy 2,2,176,A1,A2,B1,15,5,9,0,5,5,repair before enrichment,Fix deterministic answer or media metadata issues before editorial enrichment.
grains-dairy-3,grains-dairy,Grains & Dairy,36,Grains & Dairy 3,3,177,A1,A2,B1,15,5,9,0,5,5,repair before enrichment,Fix deterministic answer or media metadata issues before editorial enrichment.
grains-dairy-4,grains-dairy,Grains & Dairy,36,Grains & Dairy 4,4,178,A1,A2,B1,5,2,6,0,2,2,repair before enrichment,Fix deterministic answer or media metadata issues before editorial enrichment.
beverages-1,beverages,Beverages,37,Beverages 1,1,179,A1,A2,B1,15,5,9,0,5,5,repair before enrichment,Fix deterministic answer or media metadata issues before editorial enrichment.
beverages-2,beverages,Beverages,37,Beverages 2,2,180,A1,A2,B1,15,5,9,0,5,5,repair before enrichment,Fix deterministic answer or media metadata issues before editorial enrichment.
beverages-3,beverages,Beverages,37,Beverages 3,3,181,A1,A2,B1,15,5,9,0,5,5,repair before enrichment,Fix deterministic answer or media metadata issues before editorial enrichment.
beverages-4,beverages,Beverages,37,Beverages 4,4,182,A1,A2,B1,5,2,6,0,2,2,repair before enrichment,Fix deterministic answer or media metadata issues before editorial enrichment.
kitchen-utensils-1,kitchen-utensils,Kitchen Utensils,38,Kitchen Utensils 1,1,183,A1,A2,B1,15,5,9,0,5,5,repair before enrichment,Fix deterministic answer or media metadata issues before editorial enrichment.
kitchen-utensils-2,kitchen-utensils,Kitchen Utensils,38,Kitchen Utensils 2,2,184,A1,A2,B1,15,5,9,0,5,5,repair before enrichment,Fix deterministic answer or media metadata issues before editorial enrichment.
kitchen-utensils-3,kitchen-utensils,Kitchen Utensils,38,Kitchen Utensils 3,3,185,A1,A2,B1,15,5,9,0,5,5,repair before enrichment,Fix deterministic answer or media metadata issues before editorial enrichment.
kitchen-utensils-4,kitchen-utensils,Kitchen Utensils,38,Kitchen Utensils 4,4,186,A1,A2,B1,5,2,6,0,2,2,repair before enrichment,Fix deterministic answer or media metadata issues before editorial enrichment.
cooking-methods-1,cooking-methods,Cooking Methods,39,Cooking Methods 1,1,187,A1,A2,B1,15,5,9,0,5,5,repair before enrichment,Fix deterministic answer or media metadata issues before editorial enrichment.
cooking-methods-2,cooking-methods,Cooking Methods,39,Cooking Methods 2,2,188,A1,A2,B1,15,5,9,0,5,5,repair before enrichment,Fix deterministic answer or media metadata issues before editorial enrichment.
cooking-methods-3,cooking-methods,Cooking Methods,39,Cooking Methods 3,3,189,A1,A2,B1,15,5,9,0,5,5,repair before enrichment,Fix deterministic answer or media metadata issues before editorial enrichment.
cooking-methods-4,cooking-methods,Cooking Methods,39,Cooking Methods 4,4,190,A1,A2,B1,5,2,6,0,2,2,repair before enrichment,Fix deterministic answer or media metadata issues before editorial enrichment.
seasonings-condiments-1,seasonings-condiments,Seasonings & Condiments,40,Seasonings & Condiments 1,1,191,A1,A2,B1,15,5,9,0,5,5,repair before enrichment,Fix deterministic answer or media metadata issues before editorial enrichment.
seasonings-condiments-2,seasonings-condiments,Seasonings & Condiments,40,Seasonings & Condiments 2,2,192,A1,A2,B1,15,5,9,0,5,5,repair before enrichment,Fix deterministic answer or media metadata issues before editorial enrichment.
seasonings-condiments-3,seasonings-condiments,Seasonings & Condiments,40,Seasonings & Condiments 3,3,193,A1,A2,B1,15,5,9,0,5,5,repair before enrichment,Fix deterministic answer or media metadata issues before editorial enrichment.
seasonings-condiments-4,seasonings-condiments,Seasonings & Condiments,40,Seasonings & Condiments 4,4,194,A1,A2,B1,5,2,6,0,2,2,repair before enrichment,Fix deterministic answer or media metadata issues before editorial enrichment.
seasons-weather-1,seasons-weather,Seasons & Weather,41,Seasons & Weather 1,1,195,A1,A2,B1,15,5,9,0,5,5,repair before enrichment,Fix deterministic answer or media metadata issues before editorial enrichment.
seasons-weather-2,seasons-weather,Seasons & Weather,41,Seasons & Weather 2,2,196,A1,A2,B1,15,5,9,0,5,5,repair before enrichment,Fix deterministic answer or media metadata issues before editorial enrichment.
seasons-weather-3,seasons-weather,Seasons & Weather,41,Seasons & Weather 3,3,197,A1,A2,B1,15,5,9,0,5,4,repair before enrichment,Fix deterministic answer or media metadata issues before editorial enrichment.
seasons-weather-4,seasons-weather,Seasons & Weather,41,Seasons & Weather 4,4,198,A1,A2,B1,5,2,6,0,2,2,repair before enrichment,Fix deterministic answer or media metadata issues before editorial enrichment.
weather-station-1,weather-station,The Weather Station,42,The Weather Station 1,1,199,A1,A2,B1,15,5,9,0,5,5,repair before enrichment,Fix deterministic answer or media metadata issues before editorial enrichment.
weather-station-2,weather-station,The Weather Station,42,The Weather Station 2,2,200,A1,A2,B1,15,5,9,0,5,5,repair before enrichment,Fix deterministic answer or media metadata issues before editorial enrichment.
weather-station-3,weather-station,The Weather Station,42,The Weather Station 3,3,201,A1,A2,B1,15,5,9,0,5,4,repair before enrichment,Fix deterministic answer or media metadata issues before editorial enrichment.
weather-station-4,weather-station,The Weather Station,42,The Weather Station 4,4,202,A1,A2,B1,15,5,9,0,5,5,repair before enrichment,Fix deterministic answer or media metadata issues before editorial enrichment.
weather-station-5,weather-station,The Weather Station,42,The Weather Station 5,5,203,A1,A2,B1,10,4,8,0,4,4,repair before enrichment,Fix deterministic answer or media metadata issues before editorial enrichment.
community-center-1,community-center,The Community Center,43,The Community Center 1,1,204,A1,A2,B1,15,5,9,0,5,5,repair before enrichment,Fix deterministic answer or media metadata issues before editorial enrichment.
community-center-2,community-center,The Community Center,43,The Community Center 2,2,205,A1,A2,B1,15,5,9,0,5,5,repair before enrichment,Fix deterministic answer or media metadata issues before editorial enrichment.
community-center-3,community-center,The Community Center,43,The Community Center 3,3,206,A1,A2,B1,15,5,9,0,5,5,repair before enrichment,Fix deterministic answer or media metadata issues before editorial enrichment.
community-center-4,community-center,The Community Center,43,The Community Center 4,4,207,A1,A2,B1,15,5,9,0,5,4,repair before enrichment,Fix deterministic answer or media metadata issues before editorial enrichment.
police-station-1,police-station,The Police Station,44,The Police Station 1,1,208,A1,A2,B1,15,5,9,0,5,4,repair before enrichment,Fix deterministic answer or media metadata issues before editorial enrichment.
police-station-2,police-station,The Police Station,44,The Police Station 2,2,209,A1,A2,B1,15,5,9,0,5,5,repair before enrichment,Fix deterministic answer or media metadata issues before editorial enrichment.
police-station-3,police-station,The Police Station,44,The Police Station 3,3,210,A1,A2,B1,15,5,9,0,5,4,repair before enrichment,Fix deterministic answer or media metadata issues before editorial enrichment.
police-station-4,police-station,The Police Station,44,The Police Station 4,4,211,A1,A2,B1,15,5,9,0,5,5,repair before enrichment,Fix deterministic answer or media metadata issues before editorial enrichment.
first-aid-room-1,first-aid-room,The First Aid Room,45,The First Aid Room 1,1,212,A1,A2,B1,15,5,9,0,5,5,repair before enrichment,Fix deterministic answer or media metadata issues before editorial enrichment.
first-aid-room-2,first-aid-room,The First Aid Room,45,The First Aid Room 2,2,213,A1,A2,B1,15,5,9,0,5,5,repair before enrichment,Fix deterministic answer or media metadata issues before editorial enrichment.
first-aid-room-3,first-aid-room,The First Aid Room,45,The First Aid Room 3,3,214,A1,A2,B1,15,5,9,0,5,5,repair before enrichment,Fix deterministic answer or media metadata issues before editorial enrichment.
first-aid-room-4,first-aid-room,The First Aid Room,45,The First Aid Room 4,4,215,A1,A2,B1,15,5,9,0,5,5,repair before enrichment,Fix deterministic answer or media metadata issues before editorial enrichment.
first-aid-room-5,first-aid-room,The First Aid Room,45,The First Aid Room 5,5,216,A1,A2,B1,15,5,9,0,5,5,repair before enrichment,Fix deterministic answer or media metadata issues before editorial enrichment.
first-aid-room-6,first-aid-room,The First Aid Room,45,The First Aid Room 6,6,217,A1,A2,B1,15,5,9,0,5,5,repair before enrichment,Fix deterministic answer or media metadata issues before editorial enrichment.
first-aid-room-7,first-aid-room,The First Aid Room,45,The First Aid Room 7,7,218,A1,A2,B1,15,5,9,0,5,5,repair before enrichment,Fix deterministic answer or media metadata issues before editorial enrichment.
first-aid-room-8,first-aid-room,The First Aid Room,45,The First Aid Room 8,8,219,A1,A2,B1,10,4,8,0,4,3,repair before enrichment,Fix deterministic answer or media metadata issues before editorial enrichment.
gas-station-1,gas-station,The Gas Station,46,The Gas Station 1,1,220,A1,A2,B1,15,5,9,0,5,0,baseline present; enrichment needed,"Review core senses and collocations, then author optional level-up and advanced uses."
gas-station-2,gas-station,The Gas Station,46,The Gas Station 2,2,221,A1,A2,B1,15,5,9,0,5,0,baseline present; enrichment needed,"Review core senses and collocations, then author optional level-up and advanced uses."
gas-station-3,gas-station,The Gas Station,46,The Gas Station 3,3,222,A1,A2,B1,15,5,9,0,5,0,baseline present; enrichment needed,"Review core senses and collocations, then author optional level-up and advanced uses."
gas-station-4,gas-station,The Gas Station,46,The Gas Station 4,4,223,A1,A2,B1,15,5,9,0,5,0,baseline present; enrichment needed,"Review core senses and collocations, then author optional level-up and advanced uses."
spatial-relations-1,spatial-relations,Spatial Relations,47,Spatial Relations 1,1,224,A1,A2,B1,15,5,9,0,5,5,repair before enrichment,Fix deterministic answer or media metadata issues before editorial enrichment.
spatial-relations-2,spatial-relations,Spatial Relations,47,Spatial Relations 2,2,225,A1,A2,B1,15,5,9,0,5,5,repair before enrichment,Fix deterministic answer or media metadata issues before editorial enrichment.
spatial-relations-3,spatial-relations,Spatial Relations,47,Spatial Relations 3,3,226,A1,A2,B1,10,4,8,0,4,4,repair before enrichment,Fix deterministic answer or media metadata issues before editorial enrichment.
maps-navigation-1,maps-navigation,Maps & Navigation,48,Maps & Navigation 1,1,227,A1,A2,B1,15,5,9,0,5,0,baseline present; enrichment needed,"Review core senses and collocations, then author optional level-up and advanced uses."
maps-navigation-2,maps-navigation,Maps & Navigation,48,Maps & Navigation 2,2,228,A1,A2,B1,15,5,9,0,5,0,baseline present; enrichment needed,"Review core senses and collocations, then author optional level-up and advanced uses."
maps-navigation-3,maps-navigation,Maps & Navigation,48,Maps & Navigation 3,3,229,A1,A2,B1,10,4,8,0,4,0,baseline present; enrichment needed,"Review core senses and collocations, then author optional level-up and advanced uses."
communication-verbs-1,communication-verbs,Communication Verbs,49,Communication Verbs 1,1,230,A1,A2,B1,15,5,9,0,5,0,baseline present; enrichment needed,"Review core senses and collocations, then author optional level-up and advanced uses."
communication-verbs-2,communication-verbs,Communication Verbs,49,Communication Verbs 2,2,231,A1,A2,B1,15,5,9,0,5,0,baseline present; enrichment needed,"Review core senses and collocations, then author optional level-up and advanced uses."
communication-verbs-3,communication-verbs,Communication Verbs,49,Communication Verbs 3,3,232,A1,A2,B1,15,5,9,0,5,0,baseline present; enrichment needed,"Review core senses and collocations, then author optional level-up and advanced uses."
communication-verbs-4,communication-verbs,Communication Verbs,49,Communication Verbs 4,4,233,A1,A2,B1,5,2,6,0,2,0,baseline present; enrichment needed,"Review core senses and collocations, then author optional level-up and advanced uses."
shades-tones-1,shades-tones,Shades & Tones,50,Shades & Tones 1,1,234,A1,A2,B1,15,5,9,0,5,0,baseline present; enrichment needed,"Review core senses and collocations, then author optional level-up and advanced uses."
shades-tones-2,shades-tones,Shades & Tones,50,Shades & Tones 2,2,235,A1,A2,B1,15,5,9,0,5,0,baseline present; enrichment needed,"Review core senses and collocations, then author optional level-up and advanced uses."
shades-tones-3,shades-tones,Shades & Tones,50,Shades & Tones 3,3,236,A1,A2,B1,15,5,9,0,5,0,baseline present; enrichment needed,"Review core senses and collocations, then author optional level-up and advanced uses."
shades-tones-4,shades-tones,Shades & Tones,50,Shades & Tones 4,4,237,A1,A2,B1,5,2,6,0,2,0,baseline present; enrichment needed,"Review core senses and collocations, then author optional level-up and advanced uses."
materials-1,materials,Materials,51,Materials 1,1,238,A1,A2,B1,15,5,9,0,5,0,baseline present; enrichment needed,"Review core senses and collocations, then author optional level-up and advanced uses."
materials-2,materials,Materials,51,Materials 2,2,239,A1,A2,B1,15,5,9,0,5,0,baseline present; enrichment needed,"Review core senses and collocations, then author optional level-up and advanced uses."
materials-3,materials,Materials,51,Materials 3,3,240,A1,A2,B1,15,5,9,0,5,0,baseline present; enrichment needed,"Review core senses and collocations, then author optional level-up and advanced uses."
materials-4,materials,Materials,51,Materials 4,4,241,A1,A2,B1,5,2,6,0,2,0,baseline present; enrichment needed,"Review core senses and collocations, then author optional level-up and advanced uses."
patterns-textures-1,patterns-textures,Patterns & Textures,52,Patterns & Textures 1,1,242,A1,A2,B1,15,5,9,0,5,0,baseline present; enrichment needed,"Review core senses and collocations, then author optional level-up and advanced uses."
patterns-textures-2,patterns-textures,Patterns & Textures,52,Patterns & Textures 2,2,243,A1,A2,B1,15,5,9,0,5,0,baseline present; enrichment needed,"Review core senses and collocations, then author optional level-up and advanced uses."
patterns-textures-3,patterns-textures,Patterns & Textures,52,Patterns & Textures 3,3,244,A1,A2,B1,10,4,8,0,4,0,baseline present; enrichment needed,"Review core senses and collocations, then author optional level-up and advanced uses."
measurements-units-1,measurements-units,Measurements & Units,53,Measurements & Units 1,1,245,A1,A2,B1,15,5,9,0,5,0,baseline present; enrichment needed,"Review core senses and collocations, then author optional level-up and advanced uses."
measurements-units-2,measurements-units,Measurements & Units,53,Measurements & Units 2,2,246,A1,A2,B1,15,5,9,0,5,0,baseline present; enrichment needed,"Review core senses and collocations, then author optional level-up and advanced uses."
measurements-units-3,measurements-units,Measurements & Units,53,Measurements & Units 3,3,247,A1,A2,B1,15,5,9,0,5,0,baseline present; enrichment needed,"Review core senses and collocations, then author optional level-up and advanced uses."
measurements-units-4,measurements-units,Measurements & Units,53,Measurements & Units 4,4,248,A1,A2,B1,5,2,6,0,2,0,baseline present; enrichment needed,"Review core senses and collocations, then author optional level-up and advanced uses."
money-currency-1,money-currency,Money & Currency,54,Money & Currency 1,1,249,A1,A2,B1,15,5,9,0,5,0,baseline present; enrichment needed,"Review core senses and collocations, then author optional level-up and advanced uses."
money-currency-2,money-currency,Money & Currency,54,Money & Currency 2,2,250,A1,A2,B1,15,5,9,0,5,0,baseline present; enrichment needed,"Review core senses and collocations, then author optional level-up and advanced uses."
money-currency-3,money-currency,Money & Currency,54,Money & Currency 3,3,251,A1,A2,B1,15,5,9,0,5,0,baseline present; enrichment needed,"Review core senses and collocations, then author optional level-up and advanced uses."
money-currency-4,money-currency,Money & Currency,54,Money & Currency 4,4,252,A1,A2,B1,4,2,6,0,2,0,baseline present; enrichment needed,"Review core senses and collocations, then author optional level-up and advanced uses."
sports-equipment-1,sports-equipment,Sports Equipment,55,Sports Equipment 1,1,253,A1,A2,B1,15,5,9,0,5,0,baseline present; enrichment needed,"Review core senses and collocations, then author optional level-up and advanced uses."
sports-equipment-2,sports-equipment,Sports Equipment,55,Sports Equipment 2,2,254,A1,A2,B1,15,5,9,0,5,0,baseline present; enrichment needed,"Review core senses and collocations, then author optional level-up and advanced uses."
sports-equipment-3,sports-equipment,Sports Equipment,55,Sports Equipment 3,3,255,A1,A2,B1,15,5,9,0,5,0,baseline present; enrichment needed,"Review core senses and collocations, then author optional level-up and advanced uses."
sports-equipment-4,sports-equipment,Sports Equipment,55,Sports Equipment 4,4,256,A1,A2,B1,5,2,6,0,2,0,baseline present; enrichment needed,"Review core senses and collocations, then author optional level-up and advanced uses."
sports-center-1,sports-center,L4 Sports Center,56,L4 Sports Center 1,1,257,A1,A2,B1,15,5,9,0,5,0,baseline present; enrichment needed,"Review core senses and collocations, then author optional level-up and advanced uses."
sports-center-2,sports-center,L4 Sports Center,56,L4 Sports Center 2,2,258,A1,A2,B1,15,5,9,0,5,0,baseline present; enrichment needed,"Review core senses and collocations, then author optional level-up and advanced uses."
sports-center-3,sports-center,L4 Sports Center,56,L4 Sports Center 3,3,259,A1,A2,B1,15,5,9,0,5,0,baseline present; enrichment needed,"Review core senses and collocations, then author optional level-up and advanced uses."
sports-center-4,sports-center,L4 Sports Center,56,L4 Sports Center 4,4,260,A1,A2,B1,15,5,9,0,5,0,baseline present; enrichment needed,"Review core senses and collocations, then author optional level-up and advanced uses."
sports-center-5,sports-center,L4 Sports Center,56,L4 Sports Center 5,5,261,A1,A2,B1,12,4,8,0,4,0,baseline present; enrichment needed,"Review core senses and collocations, then author optional level-up and advanced uses."
beach-1,beach,L4 Beach,57,L4 Beach 1,1,262,A1,A2,B1,15,5,9,0,5,0,baseline present; enrichment needed,"Review core senses and collocations, then author optional level-up and advanced uses."
beach-2,beach,L4 Beach,57,L4 Beach 2,2,263,A1,A2,B1,15,5,9,0,5,0,baseline present; enrichment needed,"Review core senses and collocations, then author optional level-up and advanced uses."
beach-3,beach,L4 Beach,57,L4 Beach 3,3,264,A1,A2,B1,15,5,9,0,5,0,baseline present; enrichment needed,"Review core senses and collocations, then author optional level-up and advanced uses."
beach-4,beach,L4 Beach,57,L4 Beach 4,4,265,A1,A2,B1,15,5,9,0,5,0,baseline present; enrichment needed,"Review core senses and collocations, then author optional level-up and advanced uses."
beach-5,beach,L4 Beach,57,L4 Beach 5,5,266,A1,A2,B1,12,4,8,0,4,0,baseline present; enrichment needed,"Review core senses and collocations, then author optional level-up and advanced uses."
amusement-park-1,amusement-park,The Amusement Park,58,The Amusement Park 1,1,267,A1,A2,B1,15,5,9,0,5,0,baseline present; enrichment needed,"Review core senses and collocations, then author optional level-up and advanced uses."
amusement-park-2,amusement-park,The Amusement Park,58,The Amusement Park 2,2,268,A1,A2,B1,15,5,9,0,5,0,baseline present; enrichment needed,"Review core senses and collocations, then author optional level-up and advanced uses."
amusement-park-3,amusement-park,The Amusement Park,58,The Amusement Park 3,3,269,A1,A2,B1,15,5,9,0,5,0,baseline present; enrichment needed,"Review core senses and collocations, then author optional level-up and advanced uses."
amusement-park-4,amusement-park,The Amusement Park,58,The Amusement Park 4,4,270,A1,A2,B1,15,5,9,0,5,0,baseline present; enrichment needed,"Review core senses and collocations, then author optional level-up and advanced uses."
amusement-park-5,amusement-park,The Amusement Park,58,The Amusement Park 5,5,271,A1,A2,B1,10,4,8,0,4,0,baseline present; enrichment needed,"Review core senses and collocations, then author optional level-up and advanced uses."
human-body-head-and-face-1,human-body-head-and-face,The Human Body (Head & Face),59,The Human Body (Head & Face) 1,1,272,A2,B1,B2,15,5,10,0,5,0,baseline present; enrichment needed,"Review core senses and collocations, then author optional level-up and advanced uses."
human-body-head-and-face-2,human-body-head-and-face,The Human Body (Head & Face),59,The Human Body (Head & Face) 2,2,273,A2,B1,B2,15,5,10,0,5,0,baseline present; enrichment needed,"Review core senses and collocations, then author optional level-up and advanced uses."
human-body-head-and-face-3,human-body-head-and-face,The Human Body (Head & Face),59,The Human Body (Head & Face) 3,3,274,A2,B1,B2,15,5,10,0,5,0,baseline present; enrichment needed,"Review core senses and collocations, then author optional level-up and advanced uses."
human-body-head-and-face-4,human-body-head-and-face,The Human Body (Head & Face),59,The Human Body (Head & Face) 4,4,275,A2,B1,B2,14,5,10,0,5,1,repair before enrichment,Fix deterministic answer or media metadata issues before editorial enrichment.
human-body-upper-body-1,human-body-upper-body,The Human Body (Upper Body),60,The Human Body (Upper Body) 1,1,276,A2,B1,B2,15,5,10,0,5,5,repair before enrichment,Fix deterministic answer or media metadata issues before editorial enrichment.
human-body-upper-body-2,human-body-upper-body,The Human Body (Upper Body),60,The Human Body (Upper Body) 2,2,277,A2,B1,B2,15,5,10,0,5,4,repair before enrichment,Fix deterministic answer or media metadata issues before editorial enrichment.
human-body-upper-body-3,human-body-upper-body,The Human Body (Upper Body),60,The Human Body (Upper Body) 3,3,278,A2,B1,B2,15,5,10,0,5,5,repair before enrichment,Fix deterministic answer or media metadata issues before editorial enrichment.
human-body-upper-body-4,human-body-upper-body,The Human Body (Upper Body),60,The Human Body (Upper Body) 4,4,279,A2,B1,B2,5,2,7,0,2,2,repair before enrichment,Fix deterministic answer or media metadata issues before editorial enrichment.
human-body-lower-body-1,human-body-lower-body,The Human Body (Lower Body),61,The Human Body (Lower Body) 1,1,280,A2,B1,B2,15,5,10,0,5,5,repair before enrichment,Fix deterministic answer or media metadata issues before editorial enrichment.
human-body-lower-body-2,human-body-lower-body,The Human Body (Lower Body),61,The Human Body (Lower Body) 2,2,281,A2,B1,B2,15,5,10,0,5,5,repair before enrichment,Fix deterministic answer or media metadata issues before editorial enrichment.
human-body-lower-body-3,human-body-lower-body,The Human Body (Lower Body),61,The Human Body (Lower Body) 3,3,282,A2,B1,B2,15,5,10,0,5,5,repair before enrichment,Fix deterministic answer or media metadata issues before editorial enrichment.
human-body-lower-body-4,human-body-lower-body,The Human Body (Lower Body),61,The Human Body (Lower Body) 4,4,283,A2,B1,B2,5,2,7,0,2,2,repair before enrichment,Fix deterministic answer or media metadata issues before editorial enrichment.
human-body-hands-and-feet-1,human-body-hands-and-feet,The Human Body (Hands & Feet),62,The Human Body (Hands & Feet) 1,1,284,A2,B1,B2,15,5,10,0,5,5,repair before enrichment,Fix deterministic answer or media metadata issues before editorial enrichment.
human-body-hands-and-feet-2,human-body-hands-and-feet,The Human Body (Hands & Feet),62,The Human Body (Hands & Feet) 2,2,285,A2,B1,B2,15,5,10,0,5,5,repair before enrichment,Fix deterministic answer or media metadata issues before editorial enrichment.
human-body-hands-and-feet-3,human-body-hands-and-feet,The Human Body (Hands & Feet),62,The Human Body (Hands & Feet) 3,3,286,A2,B1,B2,15,5,10,0,5,5,repair before enrichment,Fix deterministic answer or media metadata issues before editorial enrichment.
human-body-hands-and-feet-4,human-body-hands-and-feet,The Human Body (Hands & Feet),62,The Human Body (Hands & Feet) 4,4,287,A2,B1,B2,5,2,7,0,2,2,repair before enrichment,Fix deterministic answer or media metadata issues before editorial enrichment.
physical-appearance-1,physical-appearance,Physical Appearance,63,Physical Appearance 1,1,288,A2,B1,B2,15,5,10,0,5,4,repair before enrichment,Fix deterministic answer or media metadata issues before editorial enrichment.
physical-appearance-2,physical-appearance,Physical Appearance,63,Physical Appearance 2,2,289,A2,B1,B2,15,5,10,0,5,4,repair before enrichment,Fix deterministic answer or media metadata issues before editorial enrichment.
physical-appearance-3,physical-appearance,Physical Appearance,63,Physical Appearance 3,3,290,A2,B1,B2,15,5,10,0,5,5,repair before enrichment,Fix deterministic answer or media metadata issues before editorial enrichment.
physical-appearance-4,physical-appearance,Physical Appearance,63,Physical Appearance 4,4,291,A2,B1,B2,15,5,10,0,5,5,repair before enrichment,Fix deterministic answer or media metadata issues before editorial enrichment.
skin-hair-1,skin-hair,Skin & Hair,64,Skin & Hair 1,1,292,A2,B1,B2,15,5,10,0,5,0,baseline present; enrichment needed,"Review core senses and collocations, then author optional level-up and advanced uses."
skin-hair-2,skin-hair,Skin & Hair,64,Skin & Hair 2,2,293,A2,B1,B2,15,5,10,0,5,0,baseline present; enrichment needed,"Review core senses and collocations, then author optional level-up and advanced uses."
skin-hair-3,skin-hair,Skin & Hair,64,Skin & Hair 3,3,294,A2,B1,B2,15,5,10,0,5,0,baseline present; enrichment needed,"Review core senses and collocations, then author optional level-up and advanced uses."
skin-hair-4,skin-hair,Skin & Hair,64,Skin & Hair 4,4,295,A2,B1,B2,4,2,7,0,2,0,baseline present; enrichment needed,"Review core senses and collocations, then author optional level-up and advanced uses."
ages-life-stages-1,ages-life-stages,Ages & Life Stages,65,Ages & Life Stages 1,1,296,A2,B1,B2,15,5,10,0,5,0,baseline present; enrichment needed,"Review core senses and collocations, then author optional level-up and advanced uses."
ages-life-stages-2,ages-life-stages,Ages & Life Stages,65,Ages & Life Stages 2,2,297,A2,B1,B2,15,5,10,0,5,0,baseline present; enrichment needed,"Review core senses and collocations, then author optional level-up and advanced uses."
ages-life-stages-3,ages-life-stages,Ages & Life Stages,65,Ages & Life Stages 3,3,298,A2,B1,B2,15,5,10,0,5,0,baseline present; enrichment needed,"Review core senses and collocations, then author optional level-up and advanced uses."
ages-life-stages-4,ages-life-stages,Ages & Life Stages,65,Ages & Life Stages 4,4,299,A2,B1,B2,3,1,6,0,1,0,baseline present; enrichment needed,"Review core senses and collocations, then author optional level-up and advanced uses."
everyday-clothing-1,everyday-clothing,Everyday Clothing,66,Everyday Clothing 1,1,300,A2,B1,B2,15,5,10,0,5,0,baseline present; enrichment needed,"Review core senses and collocations, then author optional level-up and advanced uses."
everyday-clothing-2,everyday-clothing,Everyday Clothing,66,Everyday Clothing 2,2,301,A2,B1,B2,15,5,10,0,5,0,baseline present; enrichment needed,"Review core senses and collocations, then author optional level-up and advanced uses."
everyday-clothing-3,everyday-clothing,Everyday Clothing,66,Everyday Clothing 3,3,302,A2,B1,B2,15,5,10,0,5,0,baseline present; enrichment needed,"Review core senses and collocations, then author optional level-up and advanced uses."
everyday-clothing-4,everyday-clothing,Everyday Clothing,66,Everyday Clothing 4,4,303,A2,B1,B2,5,2,7,0,2,0,baseline present; enrichment needed,"Review core senses and collocations, then author optional level-up and advanced uses."
accessories-jewelry-1,accessories-jewelry,Accessories & Jewelry,67,Accessories & Jewelry 1,1,304,A2,B1,B2,15,5,10,0,5,0,baseline present; enrichment needed,"Review core senses and collocations, then author optional level-up and advanced uses."
accessories-jewelry-2,accessories-jewelry,Accessories & Jewelry,67,Accessories & Jewelry 2,2,305,A2,B1,B2,15,5,10,0,5,0,baseline present; enrichment needed,"Review core senses and collocations, then author optional level-up and advanced uses."
accessories-jewelry-3,accessories-jewelry,Accessories & Jewelry,67,Accessories & Jewelry 3,3,306,A2,B1,B2,15,5,10,0,5,0,baseline present; enrichment needed,"Review core senses and collocations, then author optional level-up and advanced uses."
accessories-jewelry-4,accessories-jewelry,Accessories & Jewelry,67,Accessories & Jewelry 4,4,307,A2,B1,B2,5,2,7,0,2,0,baseline present; enrichment needed,"Review core senses and collocations, then author optional level-up and advanced uses."
footwear-1,footwear,Footwear,68,Footwear 1,1,308,A2,B1,B2,15,5,10,0,5,0,baseline present; enrichment needed,"Review core senses and collocations, then author optional level-up and advanced uses."
footwear-2,footwear,Footwear,68,Footwear 2,2,309,A2,B1,B2,15,5,10,0,5,0,baseline present; enrichment needed,"Review core senses and collocations, then author optional level-up and advanced uses."
footwear-3,footwear,Footwear,68,Footwear 3,3,310,A2,B1,B2,15,5,10,0,5,0,baseline present; enrichment needed,"Review core senses and collocations, then author optional level-up and advanced uses."
footwear-4,footwear,Footwear,68,Footwear 4,4,311,A2,B1,B2,5,2,7,0,2,0,baseline present; enrichment needed,"Review core senses and collocations, then author optional level-up and advanced uses."
extended-family-1,extended-family,Extended Family,69,Extended Family 1,1,312,A2,B1,B2,15,5,10,0,5,0,baseline present; enrichment needed,"Review core senses and collocations, then author optional level-up and advanced uses."
extended-family-2,extended-family,Extended Family,69,Extended Family 2,2,313,A2,B1,B2,15,5,10,0,5,0,baseline present; enrichment needed,"Review core senses and collocations, then author optional level-up and advanced uses."
extended-family-3,extended-family,Extended Family,69,Extended Family 3,3,314,A2,B1,B2,10,4,9,0,4,0,baseline present; enrichment needed,"Review core senses and collocations, then author optional level-up and advanced uses."
relationships-roles-1,relationships-roles,Relationships & Roles,70,Relationships & Roles 1,1,315,A2,B1,B2,15,5,10,0,5,0,baseline present; enrichment needed,"Review core senses and collocations, then author optional level-up and advanced uses."
relationships-roles-2,relationships-roles,Relationships & Roles,70,Relationships & Roles 2,2,316,A2,B1,B2,15,5,10,0,5,0,baseline present; enrichment needed,"Review core senses and collocations, then author optional level-up and advanced uses."
relationships-roles-3,relationships-roles,Relationships & Roles,70,Relationships & Roles 3,3,317,A2,B1,B2,10,4,9,0,4,0,baseline present; enrichment needed,"Review core senses and collocations, then author optional level-up and advanced uses."
life-events-1,life-events,Life Events,71,Life Events 1,1,318,A2,B1,B2,15,5,10,0,5,0,baseline present; enrichment needed,"Review core senses and collocations, then author optional level-up and advanced uses."
life-events-2,life-events,Life Events,71,Life Events 2,2,319,A2,B1,B2,15,5,10,0,5,0,baseline present; enrichment needed,"Review core senses and collocations, then author optional level-up and advanced uses."
life-events-3,life-events,Life Events,71,Life Events 3,3,320,A2,B1,B2,15,5,10,0,5,0,baseline present; enrichment needed,"Review core senses and collocations, then author optional level-up and advanced uses."
life-events-4,life-events,Life Events,71,Life Events 4,4,321,A2,B1,B2,4,2,7,0,2,0,baseline present; enrichment needed,"Review core senses and collocations, then author optional level-up and advanced uses."
birthday-party-1,birthday-party,The Birthday Party,72,The Birthday Party 1,1,322,A2,B1,B2,15,5,10,0,5,0,baseline present; enrichment needed,"Review core senses and collocations, then author optional level-up and advanced uses."
birthday-party-2,birthday-party,The Birthday Party,72,The Birthday Party 2,2,323,A2,B1,B2,15,5,10,0,5,0,baseline present; enrichment needed,"Review core senses and collocations, then author optional level-up and advanced uses."
birthday-party-3,birthday-party,The Birthday Party,72,The Birthday Party 3,3,324,A2,B1,B2,15,5,10,0,5,0,baseline present; enrichment needed,"Review core senses and collocations, then author optional level-up and advanced uses."
birthday-party-4,birthday-party,The Birthday Party,72,The Birthday Party 4,4,325,A2,B1,B2,14,5,10,0,5,0,baseline present; enrichment needed,"Review core senses and collocations, then author optional level-up and advanced uses."
wedding-1,wedding,The Wedding,73,The Wedding 1,1,326,A2,B1,B2,15,5,10,0,5,0,baseline present; enrichment needed,"Review core senses and collocations, then author optional level-up and advanced uses."
wedding-2,wedding,The Wedding,73,The Wedding 2,2,327,A2,B1,B2,15,5,10,0,5,0,baseline present; enrichment needed,"Review core senses and collocations, then author optional level-up and advanced uses."
wedding-3,wedding,The Wedding,73,The Wedding 3,3,328,A2,B1,B2,15,5,10,0,5,0,baseline present; enrichment needed,"Review core senses and collocations, then author optional level-up and advanced uses."
wedding-4,wedding,The Wedding,73,The Wedding 4,4,329,A2,B1,B2,15,5,10,0,5,0,baseline present; enrichment needed,"Review core senses and collocations, then author optional level-up and advanced uses."
graduation-1,graduation,The Graduation,74,The Graduation 1,1,330,A2,B1,B2,15,5,10,0,5,0,baseline present; enrichment needed,"Review core senses and collocations, then author optional level-up and advanced uses."
graduation-2,graduation,The Graduation,74,The Graduation 2,2,331,A2,B1,B2,15,5,10,0,5,0,baseline present; enrichment needed,"Review core senses and collocations, then author optional level-up and advanced uses."
graduation-3,graduation,The Graduation,74,The Graduation 3,3,332,A2,B1,B2,15,5,10,0,5,0,baseline present; enrichment needed,"Review core senses and collocations, then author optional level-up and advanced uses."
graduation-4,graduation,The Graduation,74,The Graduation 4,4,333,A2,B1,B2,15,5,10,0,5,0,baseline present; enrichment needed,"Review core senses and collocations, then author optional level-up and advanced uses."
facial-expressions-1,facial-expressions,Facial Expressions,75,Facial Expressions 1,1,334,A2,B1,B2,15,5,10,0,5,0,baseline present; enrichment needed,"Review core senses and collocations, then author optional level-up and advanced uses."
facial-expressions-2,facial-expressions,Facial Expressions,75,Facial Expressions 2,2,335,A2,B1,B2,15,5,10,0,5,0,baseline present; enrichment needed,"Review core senses and collocations, then author optional level-up and advanced uses."
facial-expressions-3,facial-expressions,Facial Expressions,75,Facial Expressions 3,3,336,A2,B1,B2,15,5,10,0,5,0,baseline present; enrichment needed,"Review core senses and collocations, then author optional level-up and advanced uses."
facial-expressions-4,facial-expressions,Facial Expressions,75,Facial Expressions 4,4,337,A2,B1,B2,5,2,7,0,2,0,baseline present; enrichment needed,"Review core senses and collocations, then author optional level-up and advanced uses."
complex-feelings-1,complex-feelings,Complex Feelings,76,Complex Feelings 1,1,338,A2,B1,B2,15,5,10,0,5,0,baseline present; enrichment needed,"Review core senses and collocations, then author optional level-up and advanced uses."
complex-feelings-2,complex-feelings,Complex Feelings,76,Complex Feelings 2,2,339,A2,B1,B2,15,5,10,0,5,0,baseline present; enrichment needed,"Review core senses and collocations, then author optional level-up and advanced uses."
complex-feelings-3,complex-feelings,Complex Feelings,76,Complex Feelings 3,3,340,A2,B1,B2,15,5,10,0,5,0,baseline present; enrichment needed,"Review core senses and collocations, then author optional level-up and advanced uses."
complex-feelings-4,complex-feelings,Complex Feelings,76,Complex Feelings 4,4,341,A2,B1,B2,5,2,7,0,2,0,baseline present; enrichment needed,"Review core senses and collocations, then author optional level-up and advanced uses."
social-situations-1,social-situations,Social Situations,77,Social Situations 1,1,342,A2,B1,B2,15,5,10,0,5,0,baseline present; enrichment needed,"Review core senses and collocations, then author optional level-up and advanced uses."
social-situations-2,social-situations,Social Situations,77,Social Situations 2,2,343,A2,B1,B2,15,5,10,0,5,0,baseline present; enrichment needed,"Review core senses and collocations, then author optional level-up and advanced uses."
social-situations-3,social-situations,Social Situations,77,Social Situations 3,3,344,A2,B1,B2,10,4,9,0,4,0,baseline present; enrichment needed,"Review core senses and collocations, then author optional level-up and advanced uses."
personality-character-1,personality-character,Personality & Character,78,Personality & Character 1,1,345,A2,B1,B2,15,5,10,0,5,0,baseline present; enrichment needed,"Review core senses and collocations, then author optional level-up and advanced uses."
personality-character-2,personality-character,Personality & Character,78,Personality & Character 2,2,346,A2,B1,B2,15,5,10,0,5,0,baseline present; enrichment needed,"Review core senses and collocations, then author optional level-up and advanced uses."
personality-character-3,personality-character,Personality & Character,78,Personality & Character 3,3,347,A2,B1,B2,15,5,10,0,5,0,baseline present; enrichment needed,"Review core senses and collocations, then author optional level-up and advanced uses."
personality-character-4,personality-character,Personality & Character,78,Personality & Character 4,4,348,A2,B1,B2,5,2,7,0,2,0,baseline present; enrichment needed,"Review core senses and collocations, then author optional level-up and advanced uses."
indoor-hobbies-1,indoor-hobbies,Indoor Hobbies,79,Indoor Hobbies 1,1,349,A2,B1,B2,15,5,10,0,5,5,repair before enrichment,Fix deterministic answer or media metadata issues before editorial enrichment.
indoor-hobbies-2,indoor-hobbies,Indoor Hobbies,79,Indoor Hobbies 2,2,350,A2,B1,B2,15,5,10,0,5,5,repair before enrichment,Fix deterministic answer or media metadata issues before editorial enrichment.
indoor-hobbies-3,indoor-hobbies,Indoor Hobbies,79,Indoor Hobbies 3,3,351,A2,B1,B2,10,4,9,0,4,4,repair before enrichment,Fix deterministic answer or media metadata issues before editorial enrichment.
creative-hobbies-1,creative-hobbies,Creative Hobbies,80,Creative Hobbies 1,1,352,A2,B1,B2,15,5,10,0,5,5,repair before enrichment,Fix deterministic answer or media metadata issues before editorial enrichment.
creative-hobbies-2,creative-hobbies,Creative Hobbies,80,Creative Hobbies 2,2,353,A2,B1,B2,15,5,10,0,5,1,repair before enrichment,Fix deterministic answer or media metadata issues before editorial enrichment.
creative-hobbies-3,creative-hobbies,Creative Hobbies,80,Creative Hobbies 3,3,354,A2,B1,B2,10,4,9,0,4,1,repair before enrichment,Fix deterministic answer or media metadata issues before editorial enrichment.
shopping-mall-1,shopping-mall,The Shopping Mall,81,The Shopping Mall 1,1,355,A2,B1,B2,15,5,10,0,5,4,repair before enrichment,Fix deterministic answer or media metadata issues before editorial enrichment.
shopping-mall-2,shopping-mall,The Shopping Mall,81,The Shopping Mall 2,2,356,A2,B1,B2,15,5,10,0,5,5,repair before enrichment,Fix deterministic answer or media metadata issues before editorial enrichment.
shopping-mall-3,shopping-mall,The Shopping Mall,81,The Shopping Mall 3,3,357,A2,B1,B2,15,5,10,0,5,5,repair before enrichment,Fix deterministic answer or media metadata issues before editorial enrichment.
shopping-mall-4,shopping-mall,The Shopping Mall,81,The Shopping Mall 4,4,358,A2,B1,B2,15,5,10,0,5,4,repair before enrichment,Fix deterministic answer or media metadata issues before editorial enrichment.
hospital-1,hospital,L5 Hospital,82,L5 Hospital 1,1,359,A2,B1,B2,15,5,10,0,5,0,baseline present; enrichment needed,"Review core senses and collocations, then author optional level-up and advanced uses."
hospital-2,hospital,L5 Hospital,82,L5 Hospital 2,2,360,A2,B1,B2,15,5,10,0,5,3,repair before enrichment,Fix deterministic answer or media metadata issues before editorial enrichment.
hospital-3,hospital,L5 Hospital,82,L5 Hospital 3,3,361,A2,B1,B2,15,5,10,0,5,4,repair before enrichment,Fix deterministic answer or media metadata issues before editorial enrichment.
hospital-4,hospital,L5 Hospital,82,L5 Hospital 4,4,362,A2,B1,B2,15,5,10,0,5,5,repair before enrichment,Fix deterministic answer or media metadata issues before editorial enrichment.
hospital-5,hospital,L5 Hospital,82,L5 Hospital 5,5,363,A2,B1,B2,15,5,10,0,5,4,repair before enrichment,Fix deterministic answer or media metadata issues before editorial enrichment.
hospital-6,hospital,L5 Hospital,82,L5 Hospital 6,6,364,A2,B1,B2,15,5,10,0,5,4,repair before enrichment,Fix deterministic answer or media metadata issues before editorial enrichment.
hospital-7,hospital,L5 Hospital,82,L5 Hospital 7,7,365,A2,B1,B2,15,5,10,0,5,5,repair before enrichment,Fix deterministic answer or media metadata issues before editorial enrichment.
hospital-8,hospital,L5 Hospital,82,L5 Hospital 8,8,366,A2,B1,B2,15,5,10,0,5,5,repair before enrichment,Fix deterministic answer or media metadata issues before editorial enrichment.
hospital-9,hospital,L5 Hospital,82,L5 Hospital 9,9,367,A2,B1,B2,8,3,8,0,3,3,repair before enrichment,Fix deterministic answer or media metadata issues before editorial enrichment.
pharmacy-1,pharmacy,The Pharmacy,83,The Pharmacy 1,1,368,A2,B1,B2,15,5,10,0,5,5,repair before enrichment,Fix deterministic answer or media metadata issues before editorial enrichment.
pharmacy-2,pharmacy,The Pharmacy,83,The Pharmacy 2,2,369,A2,B1,B2,15,5,10,0,5,5,repair before enrichment,Fix deterministic answer or media metadata issues before editorial enrichment.
pharmacy-3,pharmacy,The Pharmacy,83,The Pharmacy 3,3,370,A2,B1,B2,15,5,10,0,5,5,repair before enrichment,Fix deterministic answer or media metadata issues before editorial enrichment.
pharmacy-4,pharmacy,The Pharmacy,83,The Pharmacy 4,4,371,A2,B1,B2,15,5,10,0,5,5,repair before enrichment,Fix deterministic answer or media metadata issues before editorial enrichment.
pharmacy-5,pharmacy,The Pharmacy,83,The Pharmacy 5,5,372,A2,B1,B2,15,5,10,0,5,4,repair before enrichment,Fix deterministic answer or media metadata issues before editorial enrichment.
pharmacy-6,pharmacy,The Pharmacy,83,The Pharmacy 6,6,373,A2,B1,B2,15,5,10,0,5,4,repair before enrichment,Fix deterministic answer or media metadata issues before editorial enrichment.
pharmacy-7,pharmacy,The Pharmacy,83,The Pharmacy 7,7,374,A2,B1,B2,15,5,10,0,5,5,repair before enrichment,Fix deterministic answer or media metadata issues before editorial enrichment.
pharmacy-8,pharmacy,The Pharmacy,83,The Pharmacy 8,8,375,A2,B1,B2,11,4,9,0,4,4,repair before enrichment,Fix deterministic answer or media metadata issues before editorial enrichment.
dentist-1,dentist,The Dentist,84,The Dentist 1,1,376,A2,B1,B2,15,5,10,0,5,5,repair before enrichment,Fix deterministic answer or media metadata issues before editorial enrichment.
dentist-2,dentist,The Dentist,84,The Dentist 2,2,377,A2,B1,B2,15,5,10,0,5,5,repair before enrichment,Fix deterministic answer or media metadata issues before editorial enrichment.
dentist-3,dentist,The Dentist,84,The Dentist 3,3,378,A2,B1,B2,15,5,10,0,5,5,repair before enrichment,Fix deterministic answer or media metadata issues before editorial enrichment.
dentist-4,dentist,The Dentist,84,The Dentist 4,4,379,A2,B1,B2,15,5,10,0,5,5,repair before enrichment,Fix deterministic answer or media metadata issues before editorial enrichment.
dentist-5,dentist,The Dentist,84,The Dentist 5,5,380,A2,B1,B2,15,5,10,0,5,5,repair before enrichment,Fix deterministic answer or media metadata issues before editorial enrichment.
dentist-6,dentist,The Dentist,84,The Dentist 6,6,381,A2,B1,B2,15,5,10,0,5,5,repair before enrichment,Fix deterministic answer or media metadata issues before editorial enrichment.
dentist-7,dentist,The Dentist,84,The Dentist 7,7,382,A2,B1,B2,15,5,10,0,5,4,repair before enrichment,Fix deterministic answer or media metadata issues before editorial enrichment.
dentist-8,dentist,The Dentist,84,The Dentist 8,8,383,A2,B1,B2,10,4,9,0,4,4,repair before enrichment,Fix deterministic answer or media metadata issues before editorial enrichment.
dental-clinic-1,dental-clinic,The Dental Clinic,85,The Dental Clinic 1,1,384,A2,B1,B2,15,5,10,0,5,4,repair before enrichment,Fix deterministic answer or media metadata issues before editorial enrichment.
dental-clinic-2,dental-clinic,The Dental Clinic,85,The Dental Clinic 2,2,385,A2,B1,B2,15,5,10,0,5,5,repair before enrichment,Fix deterministic answer or media metadata issues before editorial enrichment.
dental-clinic-3,dental-clinic,The Dental Clinic,85,The Dental Clinic 3,3,386,A2,B1,B2,15,5,10,0,5,5,repair before enrichment,Fix deterministic answer or media metadata issues before editorial enrichment.
dental-clinic-4,dental-clinic,The Dental Clinic,85,The Dental Clinic 4,4,387,A2,B1,B2,15,5,10,0,5,5,repair before enrichment,Fix deterministic answer or media metadata issues before editorial enrichment.
dental-clinic-5,dental-clinic,The Dental Clinic,85,The Dental Clinic 5,5,388,A2,B1,B2,15,5,10,0,5,5,repair before enrichment,Fix deterministic answer or media metadata issues before editorial enrichment.
dental-clinic-6,dental-clinic,The Dental Clinic,85,The Dental Clinic 6,6,389,A2,B1,B2,15,5,10,0,5,5,repair before enrichment,Fix deterministic answer or media metadata issues before editorial enrichment.
dental-clinic-7,dental-clinic,The Dental Clinic,85,The Dental Clinic 7,7,390,A2,B1,B2,15,5,10,0,5,5,repair before enrichment,Fix deterministic answer or media metadata issues before editorial enrichment.
dental-clinic-8,dental-clinic,The Dental Clinic,85,The Dental Clinic 8,8,391,A2,B1,B2,1,1,6,0,1,1,repair before enrichment,Fix deterministic answer or media metadata issues before editorial enrichment.
eye-doctor-1,eye-doctor,The Eye Doctor,86,The Eye Doctor 1,1,392,A2,B1,B2,15,5,10,0,5,5,repair before enrichment,Fix deterministic answer or media metadata issues before editorial enrichment.
eye-doctor-2,eye-doctor,The Eye Doctor,86,The Eye Doctor 2,2,393,A2,B1,B2,15,5,10,0,5,5,repair before enrichment,Fix deterministic answer or media metadata issues before editorial enrichment.
eye-doctor-3,eye-doctor,The Eye Doctor,86,The Eye Doctor 3,3,394,A2,B1,B2,15,5,10,0,5,5,repair before enrichment,Fix deterministic answer or media metadata issues before editorial enrichment.
eye-doctor-4,eye-doctor,The Eye Doctor,86,The Eye Doctor 4,4,395,A2,B1,B2,15,5,10,0,5,5,repair before enrichment,Fix deterministic answer or media metadata issues before editorial enrichment.
eye-doctor-5,eye-doctor,The Eye Doctor,86,The Eye Doctor 5,5,396,A2,B1,B2,15,5,10,0,5,5,repair before enrichment,Fix deterministic answer or media metadata issues before editorial enrichment.
eye-doctor-6,eye-doctor,The Eye Doctor,86,The Eye Doctor 6,6,397,A2,B1,B2,15,5,10,0,5,5,repair before enrichment,Fix deterministic answer or media metadata issues before editorial enrichment.
eye-doctor-7,eye-doctor,The Eye Doctor,86,The Eye Doctor 7,7,398,A2,B1,B2,15,5,10,0,5,5,repair before enrichment,Fix deterministic answer or media metadata issues before editorial enrichment.
eye-doctor-8,eye-doctor,The Eye Doctor,86,The Eye Doctor 8,8,399,A2,B1,B2,6,2,7,0,2,2,repair before enrichment,Fix deterministic answer or media metadata issues before editorial enrichment.
hair-salon-1,hair-salon,The Hair Salon,87,The Hair Salon 1,1,400,A2,B1,B2,15,5,10,0,5,5,repair before enrichment,Fix deterministic answer or media metadata issues before editorial enrichment.
hair-salon-2,hair-salon,The Hair Salon,87,The Hair Salon 2,2,401,A2,B1,B2,15,5,10,0,5,5,repair before enrichment,Fix deterministic answer or media metadata issues before editorial enrichment.
hair-salon-3,hair-salon,The Hair Salon,87,The Hair Salon 3,3,402,A2,B1,B2,15,5,10,0,5,5,repair before enrichment,Fix deterministic answer or media metadata issues before editorial enrichment.
hair-salon-4,hair-salon,The Hair Salon,87,The Hair Salon 4,4,403,A2,B1,B2,15,5,10,0,5,5,repair before enrichment,Fix deterministic answer or media metadata issues before editorial enrichment.
hair-salon-5,hair-salon,The Hair Salon,87,The Hair Salon 5,5,404,A2,B1,B2,15,5,10,0,5,5,repair before enrichment,Fix deterministic answer or media metadata issues before editorial enrichment.
hair-salon-6,hair-salon,The Hair Salon,87,The Hair Salon 6,6,405,A2,B1,B2,15,5,10,0,5,5,repair before enrichment,Fix deterministic answer or media metadata issues before editorial enrichment.
hair-salon-7,hair-salon,The Hair Salon,87,The Hair Salon 7,7,406,A2,B1,B2,7,3,8,0,3,2,repair before enrichment,Fix deterministic answer or media metadata issues before editorial enrichment.
barbershop-1,barbershop,The Barbershop,88,The Barbershop 1,1,407,A2,B1,B2,15,5,10,0,5,0,baseline present; enrichment needed,"Review core senses and collocations, then author optional level-up and advanced uses."
barbershop-2,barbershop,The Barbershop,88,The Barbershop 2,2,408,A2,B1,B2,15,5,10,0,5,0,baseline present; enrichment needed,"Review core senses and collocations, then author optional level-up and advanced uses."
barbershop-3,barbershop,The Barbershop,88,The Barbershop 3,3,409,A2,B1,B2,15,5,10,0,5,0,baseline present; enrichment needed,"Review core senses and collocations, then author optional level-up and advanced uses."
barbershop-4,barbershop,The Barbershop,88,The Barbershop 4,4,410,A2,B1,B2,15,5,10,0,5,0,baseline present; enrichment needed,"Review core senses and collocations, then author optional level-up and advanced uses."
spa-1,spa,The Spa,89,The Spa 1,1,411,A2,B1,B2,15,5,10,0,5,5,repair before enrichment,Fix deterministic answer or media metadata issues before editorial enrichment.
spa-2,spa,The Spa,89,The Spa 2,2,412,A2,B1,B2,15,5,10,0,5,5,repair before enrichment,Fix deterministic answer or media metadata issues before editorial enrichment.
spa-3,spa,The Spa,89,The Spa 3,3,413,A2,B1,B2,15,5,10,0,5,5,repair before enrichment,Fix deterministic answer or media metadata issues before editorial enrichment.
spa-4,spa,The Spa,89,The Spa 4,4,414,A2,B1,B2,15,5,10,0,5,5,repair before enrichment,Fix deterministic answer or media metadata issues before editorial enrichment.
spa-5,spa,The Spa,89,The Spa 5,5,415,A2,B1,B2,15,5,10,0,5,5,repair before enrichment,Fix deterministic answer or media metadata issues before editorial enrichment.
spa-6,spa,The Spa,89,The Spa 6,6,416,A2,B1,B2,15,5,10,0,5,5,repair before enrichment,Fix deterministic answer or media metadata issues before editorial enrichment.
spa-7,spa,The Spa,89,The Spa 7,7,417,A2,B1,B2,15,5,10,0,5,5,repair before enrichment,Fix deterministic answer or media metadata issues before editorial enrichment.
spa-8,spa,The Spa,89,The Spa 8,8,418,A2,B1,B2,14,5,10,0,5,4,repair before enrichment,Fix deterministic answer or media metadata issues before editorial enrichment.
gym-1,gym,The Gym,90,The Gym 1,1,419,A2,B1,B2,15,5,10,0,5,5,repair before enrichment,Fix deterministic answer or media metadata issues before editorial enrichment.
gym-2,gym,The Gym,90,The Gym 2,2,420,A2,B1,B2,15,5,10,0,5,5,repair before enrichment,Fix deterministic answer or media metadata issues before editorial enrichment.
gym-3,gym,The Gym,90,The Gym 3,3,421,A2,B1,B2,15,5,10,0,5,5,repair before enrichment,Fix deterministic answer or media metadata issues before editorial enrichment.
gym-4,gym,The Gym,90,The Gym 4,4,422,A2,B1,B2,15,5,10,0,5,5,repair before enrichment,Fix deterministic answer or media metadata issues before editorial enrichment.
gym-5,gym,The Gym,90,The Gym 5,5,423,A2,B1,B2,15,5,10,0,5,5,repair before enrichment,Fix deterministic answer or media metadata issues before editorial enrichment.
gym-6,gym,The Gym,90,The Gym 6,6,424,A2,B1,B2,13,5,10,0,5,5,repair before enrichment,Fix deterministic answer or media metadata issues before editorial enrichment.
bicycle-shop-1,bicycle-shop,The Bicycle Shop,91,The Bicycle Shop 1,1,425,A2,B1,B2,15,5,10,0,5,0,baseline present; enrichment needed,"Review core senses and collocations, then author optional level-up and advanced uses."
bicycle-shop-2,bicycle-shop,The Bicycle Shop,91,The Bicycle Shop 2,2,426,A2,B1,B2,15,5,10,0,5,0,baseline present; enrichment needed,"Review core senses and collocations, then author optional level-up and advanced uses."
bicycle-shop-3,bicycle-shop,The Bicycle Shop,91,The Bicycle Shop 3,3,427,A2,B1,B2,15,5,10,0,5,0,baseline present; enrichment needed,"Review core senses and collocations, then author optional level-up and advanced uses."
bicycle-shop-4,bicycle-shop,The Bicycle Shop,91,The Bicycle Shop 4,4,428,A2,B1,B2,15,5,10,0,5,0,baseline present; enrichment needed,"Review core senses and collocations, then author optional level-up and advanced uses."
bus-station-1,bus-station,The Bus Station,92,The Bus Station 1,1,429,A2,B1,B2,15,5,10,0,5,0,baseline present; enrichment needed,"Review core senses and collocations, then author optional level-up and advanced uses."
bus-station-2,bus-station,The Bus Station,92,The Bus Station 2,2,430,A2,B1,B2,15,5,10,0,5,0,baseline present; enrichment needed,"Review core senses and collocations, then author optional level-up and advanced uses."
bus-station-3,bus-station,The Bus Station,92,The Bus Station 3,3,431,A2,B1,B2,15,5,10,0,5,0,baseline present; enrichment needed,"Review core senses and collocations, then author optional level-up and advanced uses."
bus-station-4,bus-station,The Bus Station,92,The Bus Station 4,4,432,A2,B1,B2,15,5,10,0,5,0,baseline present; enrichment needed,"Review core senses and collocations, then author optional level-up and advanced uses."
subway-1,subway,The Subway,93,The Subway 1,1,433,A2,B1,B2,15,5,10,0,5,0,baseline present; enrichment needed,"Review core senses and collocations, then author optional level-up and advanced uses."
subway-2,subway,The Subway,93,The Subway 2,2,434,A2,B1,B2,15,5,10,0,5,0,baseline present; enrichment needed,"Review core senses and collocations, then author optional level-up and advanced uses."
subway-3,subway,The Subway,93,The Subway 3,3,435,A2,B1,B2,15,5,10,0,5,0,baseline present; enrichment needed,"Review core senses and collocations, then author optional level-up and advanced uses."
subway-4,subway,The Subway,93,The Subway 4,4,436,A2,B1,B2,15,5,10,0,5,0,baseline present; enrichment needed,"Review core senses and collocations, then author optional level-up and advanced uses."
car-wash-1,car-wash,The Car Wash,94,The Car Wash 1,1,437,A2,B1,B2,15,5,10,0,5,0,baseline present; enrichment needed,"Review core senses and collocations, then author optional level-up and advanced uses."
car-wash-2,car-wash,The Car Wash,94,The Car Wash 2,2,438,A2,B1,B2,15,5,10,0,5,0,baseline present; enrichment needed,"Review core senses and collocations, then author optional level-up and advanced uses."
car-wash-3,car-wash,The Car Wash,94,The Car Wash 3,3,439,A2,B1,B2,15,5,10,0,5,0,baseline present; enrichment needed,"Review core senses and collocations, then author optional level-up and advanced uses."
car-wash-4,car-wash,The Car Wash,94,The Car Wash 4,4,440,A2,B1,B2,14,5,10,0,5,0,baseline present; enrichment needed,"Review core senses and collocations, then author optional level-up and advanced uses."
hotel-1,hotel,The Hotel,95,The Hotel 1,1,441,A2,B1,B2,15,5,10,0,5,5,repair before enrichment,Fix deterministic answer or media metadata issues before editorial enrichment.
hotel-2,hotel,The Hotel,95,The Hotel 2,2,442,A2,B1,B2,15,5,10,0,5,5,repair before enrichment,Fix deterministic answer or media metadata issues before editorial enrichment.
hotel-3,hotel,The Hotel,95,The Hotel 3,3,443,A2,B1,B2,15,5,10,0,5,5,repair before enrichment,Fix deterministic answer or media metadata issues before editorial enrichment.
hotel-4,hotel,The Hotel,95,The Hotel 4,4,444,A2,B1,B2,15,5,10,0,5,5,repair before enrichment,Fix deterministic answer or media metadata issues before editorial enrichment.
hotel-5,hotel,The Hotel,95,The Hotel 5,5,445,A2,B1,B2,2,1,6,0,1,1,repair before enrichment,Fix deterministic answer or media metadata issues before editorial enrichment.
laundromat-1,laundromat,The Laundromat,96,The Laundromat 1,1,446,A2,B1,B2,15,5,10,0,5,5,repair before enrichment,Fix deterministic answer or media metadata issues before editorial enrichment.
laundromat-2,laundromat,The Laundromat,96,The Laundromat 2,2,447,A2,B1,B2,15,5,10,0,5,5,repair before enrichment,Fix deterministic answer or media metadata issues before editorial enrichment.
laundromat-3,laundromat,The Laundromat,96,The Laundromat 3,3,448,A2,B1,B2,15,5,10,0,5,5,repair before enrichment,Fix deterministic answer or media metadata issues before editorial enrichment.
laundromat-4,laundromat,The Laundromat,96,The Laundromat 4,4,449,A2,B1,B2,15,5,10,0,5,5,repair before enrichment,Fix deterministic answer or media metadata issues before editorial enrichment.
laundromat-5,laundromat,The Laundromat,96,The Laundromat 5,5,450,A2,B1,B2,2,1,6,0,1,1,repair before enrichment,Fix deterministic answer or media metadata issues before editorial enrichment.
library-1,library,The Library,97,The Library 1,1,451,A2,B1,B2,15,5,10,0,5,0,baseline present; enrichment needed,"Review core senses and collocations, then author optional level-up and advanced uses."
library-2,library,The Library,97,The Library 2,2,452,A2,B1,B2,15,5,10,0,5,0,baseline present; enrichment needed,"Review core senses and collocations, then author optional level-up and advanced uses."
library-3,library,The Library,97,The Library 3,3,453,A2,B1,B2,15,5,10,0,5,0,baseline present; enrichment needed,"Review core senses and collocations, then author optional level-up and advanced uses."
library-4,library,The Library,97,The Library 4,4,454,A2,B1,B2,15,5,10,0,5,0,baseline present; enrichment needed,"Review core senses and collocations, then author optional level-up and advanced uses."
art-studio-1,art-studio,The Art Studio,98,The Art Studio 1,1,455,A2,B1,B2,15,5,10,0,5,5,repair before enrichment,Fix deterministic answer or media metadata issues before editorial enrichment.
art-studio-2,art-studio,The Art Studio,98,The Art Studio 2,2,456,A2,B1,B2,15,5,10,0,5,5,repair before enrichment,Fix deterministic answer or media metadata issues before editorial enrichment.
art-studio-3,art-studio,The Art Studio,98,The Art Studio 3,3,457,A2,B1,B2,15,5,10,0,5,5,repair before enrichment,Fix deterministic answer or media metadata issues before editorial enrichment.
art-studio-4,art-studio,The Art Studio,98,The Art Studio 4,4,458,A2,B1,B2,15,5,10,0,5,5,repair before enrichment,Fix deterministic answer or media metadata issues before editorial enrichment.
art-studio-5,art-studio,The Art Studio,98,The Art Studio 5,5,459,A2,B1,B2,10,4,9,0,4,4,repair before enrichment,Fix deterministic answer or media metadata issues before editorial enrichment.
dance-studio-1,dance-studio,The Dance Studio,99,The Dance Studio 1,1,460,A2,B1,B2,15,5,10,0,5,5,repair before enrichment,Fix deterministic answer or media metadata issues before editorial enrichment.
dance-studio-2,dance-studio,The Dance Studio,99,The Dance Studio 2,2,461,A2,B1,B2,15,5,10,0,5,5,repair before enrichment,Fix deterministic answer or media metadata issues before editorial enrichment.
dance-studio-3,dance-studio,The Dance Studio,99,The Dance Studio 3,3,462,A2,B1,B2,15,5,10,0,5,5,repair before enrichment,Fix deterministic answer or media metadata issues before editorial enrichment.
dance-studio-4,dance-studio,The Dance Studio,99,The Dance Studio 4,4,463,A2,B1,B2,15,5,10,0,5,5,repair before enrichment,Fix deterministic answer or media metadata issues before editorial enrichment.
dance-studio-5,dance-studio,The Dance Studio,99,The Dance Studio 5,5,464,A2,B1,B2,6,2,7,0,2,2,repair before enrichment,Fix deterministic answer or media metadata issues before editorial enrichment.
photography-studio-1,photography-studio,The Photography Studio,100,The Photography Studio 1,1,465,A2,B1,B2,15,5,10,0,5,5,repair before enrichment,Fix deterministic answer or media metadata issues before editorial enrichment.
photography-studio-2,photography-studio,The Photography Studio,100,The Photography Studio 2,2,466,A2,B1,B2,15,5,10,0,5,5,repair before enrichment,Fix deterministic answer or media metadata issues before editorial enrichment.
photography-studio-3,photography-studio,The Photography Studio,100,The Photography Studio 3,3,467,A2,B1,B2,15,5,10,0,5,5,repair before enrichment,Fix deterministic answer or media metadata issues before editorial enrichment.
photography-studio-4,photography-studio,The Photography Studio,100,The Photography Studio 4,4,468,A2,B1,B2,15,5,10,0,5,5,repair before enrichment,Fix deterministic answer or media metadata issues before editorial enrichment.
photography-studio-5,photography-studio,The Photography Studio,100,The Photography Studio 5,5,469,A2,B1,B2,15,5,10,0,5,5,repair before enrichment,Fix deterministic answer or media metadata issues before editorial enrichment.
photography-studio-6,photography-studio,The Photography Studio,100,The Photography Studio 6,6,470,A2,B1,B2,2,1,6,0,1,1,repair before enrichment,Fix deterministic answer or media metadata issues before editorial enrichment.
music-room-1,music-room,L7 Music Room,101,L7 Music Room 1,1,471,A2,B1,B2,15,5,10,0,5,5,repair before enrichment,Fix deterministic answer or media metadata issues before editorial enrichment.
music-room-2,music-room,L7 Music Room,101,L7 Music Room 2,2,472,A2,B1,B2,15,5,10,0,5,5,repair before enrichment,Fix deterministic answer or media metadata issues before editorial enrichment.
music-room-3,music-room,L7 Music Room,101,L7 Music Room 3,3,473,A2,B1,B2,15,5,10,0,5,5,repair before enrichment,Fix deterministic answer or media metadata issues before editorial enrichment.
music-room-4,music-room,L7 Music Room,101,L7 Music Room 4,4,474,A2,B1,B2,12,4,9,0,4,4,repair before enrichment,Fix deterministic answer or media metadata issues before editorial enrichment.
five-senses-1,five-senses,The Five Senses,102,The Five Senses 1,1,475,B1,B2,C1,15,4,10,0,4,4,repair before enrichment,Fix deterministic answer or media metadata issues before editorial enrichment.
five-senses-2,five-senses,The Five Senses,102,The Five Senses 2,2,476,B1,B2,C1,15,4,10,0,4,4,repair before enrichment,Fix deterministic answer or media metadata issues before editorial enrichment.
five-senses-3,five-senses,The Five Senses,102,The Five Senses 3,3,477,B1,B2,C1,15,4,10,0,4,4,repair before enrichment,Fix deterministic answer or media metadata issues before editorial enrichment.
five-senses-4,five-senses,The Five Senses,102,The Five Senses 4,4,478,B1,B2,C1,15,4,10,0,4,4,repair before enrichment,Fix deterministic answer or media metadata issues before editorial enrichment.
internal-organs-1,internal-organs,Internal Organs,103,Internal Organs 1,1,479,B1,B2,C1,15,4,10,0,4,3,repair before enrichment,Fix deterministic answer or media metadata issues before editorial enrichment.
internal-organs-2,internal-organs,Internal Organs,103,Internal Organs 2,2,480,B1,B2,C1,15,4,10,0,4,4,repair before enrichment,Fix deterministic answer or media metadata issues before editorial enrichment.
internal-organs-3,internal-organs,Internal Organs,103,Internal Organs 3,3,481,B1,B2,C1,15,4,10,0,4,4,repair before enrichment,Fix deterministic answer or media metadata issues before editorial enrichment.
internal-organs-4,internal-organs,Internal Organs,103,Internal Organs 4,4,482,B1,B2,C1,13,4,10,0,4,4,repair before enrichment,Fix deterministic answer or media metadata issues before editorial enrichment.
skeleton-1,skeleton,The Skeleton,104,The Skeleton 1,1,483,B1,B2,C1,15,4,10,0,4,3,repair before enrichment,Fix deterministic answer or media metadata issues before editorial enrichment.
skeleton-2,skeleton,The Skeleton,104,The Skeleton 2,2,484,B1,B2,C1,15,4,10,0,4,4,repair before enrichment,Fix deterministic answer or media metadata issues before editorial enrichment.
skeleton-3,skeleton,The Skeleton,104,The Skeleton 3,3,485,B1,B2,C1,15,4,10,0,4,4,repair before enrichment,Fix deterministic answer or media metadata issues before editorial enrichment.
skeleton-4,skeleton,The Skeleton,104,The Skeleton 4,4,486,B1,B2,C1,15,4,10,0,4,4,repair before enrichment,Fix deterministic answer or media metadata issues before editorial enrichment.
body-systems-1,body-systems,Body Systems,105,Body Systems 1,1,487,B1,B2,C1,15,4,10,0,4,4,repair before enrichment,Fix deterministic answer or media metadata issues before editorial enrichment.
body-systems-2,body-systems,Body Systems,105,Body Systems 2,2,488,B1,B2,C1,15,4,10,0,4,4,repair before enrichment,Fix deterministic answer or media metadata issues before editorial enrichment.
body-systems-3,body-systems,Body Systems,105,Body Systems 3,3,489,B1,B2,C1,15,4,10,0,4,4,repair before enrichment,Fix deterministic answer or media metadata issues before editorial enrichment.
body-systems-4,body-systems,Body Systems,105,Body Systems 4,4,490,B1,B2,C1,5,2,8,0,2,1,repair before enrichment,Fix deterministic answer or media metadata issues before editorial enrichment.
camping-site-1,camping-site,The Camping Site,106,The Camping Site 1,1,491,B1,B2,C1,15,4,10,0,4,0,baseline present; enrichment needed,"Review core senses and collocations, then author optional level-up and advanced uses."
camping-site-2,camping-site,The Camping Site,106,The Camping Site 2,2,492,B1,B2,C1,15,4,10,0,4,0,baseline present; enrichment needed,"Review core senses and collocations, then author optional level-up and advanced uses."
camping-site-3,camping-site,The Camping Site,106,The Camping Site 3,3,493,B1,B2,C1,15,4,10,0,4,0,baseline present; enrichment needed,"Review core senses and collocations, then author optional level-up and advanced uses."
camping-site-4,camping-site,The Camping Site,106,The Camping Site 4,4,494,B1,B2,C1,15,4,10,0,4,0,baseline present; enrichment needed,"Review core senses and collocations, then author optional level-up and advanced uses."
camping-site-5,camping-site,The Camping Site,106,The Camping Site 5,5,495,B1,B2,C1,12,3,9,0,3,0,baseline present; enrichment needed,"Review core senses and collocations, then author optional level-up and advanced uses."
forest-1,forest,The Forest,107,The Forest 1,1,496,B1,B2,C1,15,4,10,0,4,2,repair before enrichment,Fix deterministic answer or media metadata issues before editorial enrichment.
forest-2,forest,The Forest,107,The Forest 2,2,497,B1,B2,C1,15,4,10,0,4,3,repair before enrichment,Fix deterministic answer or media metadata issues before editorial enrichment.
forest-3,forest,The Forest,107,The Forest 3,3,498,B1,B2,C1,15,4,10,0,4,3,repair before enrichment,Fix deterministic answer or media metadata issues before editorial enrichment.
forest-4,forest,The Forest,107,The Forest 4,4,499,B1,B2,C1,15,4,10,0,4,4,repair before enrichment,Fix deterministic answer or media metadata issues before editorial enrichment.
mountain-1,mountain,The Mountain,108,The Mountain 1,1,500,B1,B2,C1,15,4,10,0,4,3,repair before enrichment,Fix deterministic answer or media metadata issues before editorial enrichment.
mountain-2,mountain,The Mountain,108,The Mountain 2,2,501,B1,B2,C1,15,4,10,0,4,3,repair before enrichment,Fix deterministic answer or media metadata issues before editorial enrichment.
mountain-3,mountain,The Mountain,108,The Mountain 3,3,502,B1,B2,C1,15,4,10,0,4,4,repair before enrichment,Fix deterministic answer or media metadata issues before editorial enrichment.
mountain-4,mountain,The Mountain,108,The Mountain 4,4,503,B1,B2,C1,15,4,10,0,4,4,repair before enrichment,Fix deterministic answer or media metadata issues before editorial enrichment.
river-1,river,The River,109,The River 1,1,504,B1,B2,C1,15,4,10,0,4,3,repair before enrichment,Fix deterministic answer or media metadata issues before editorial enrichment.
river-2,river,The River,109,The River 2,2,505,B1,B2,C1,15,4,10,0,4,2,repair before enrichment,Fix deterministic answer or media metadata issues before editorial enrichment.
river-3,river,The River,109,The River 3,3,506,B1,B2,C1,15,4,10,0,4,4,repair before enrichment,Fix deterministic answer or media metadata issues before editorial enrichment.
river-4,river,The River,109,The River 4,4,507,B1,B2,C1,15,4,10,0,4,4,repair before enrichment,Fix deterministic answer or media metadata issues before editorial enrichment.
savanna-1,savanna,The Savanna,110,The Savanna 1,1,508,B1,B2,C1,15,4,10,0,4,4,repair before enrichment,Fix deterministic answer or media metadata issues before editorial enrichment.
savanna-2,savanna,The Savanna,110,The Savanna 2,2,509,B1,B2,C1,15,4,10,0,4,4,repair before enrichment,Fix deterministic answer or media metadata issues before editorial enrichment.
savanna-3,savanna,The Savanna,110,The Savanna 3,3,510,B1,B2,C1,15,4,10,0,4,3,repair before enrichment,Fix deterministic answer or media metadata issues before editorial enrichment.
savanna-4,savanna,The Savanna,110,The Savanna 4,4,511,B1,B2,C1,15,4,10,0,4,4,repair before enrichment,Fix deterministic answer or media metadata issues before editorial enrichment.
coral-reef-1,coral-reef,The Coral Reef,111,The Coral Reef 1,1,512,B1,B2,C1,15,4,10,0,4,3,repair before enrichment,Fix deterministic answer or media metadata issues before editorial enrichment.
coral-reef-2,coral-reef,The Coral Reef,111,The Coral Reef 2,2,513,B1,B2,C1,15,4,10,0,4,4,repair before enrichment,Fix deterministic answer or media metadata issues before editorial enrichment.
coral-reef-3,coral-reef,The Coral Reef,111,The Coral Reef 3,3,514,B1,B2,C1,15,4,10,0,4,4,repair before enrichment,Fix deterministic answer or media metadata issues before editorial enrichment.
coral-reef-4,coral-reef,The Coral Reef,111,The Coral Reef 4,4,515,B1,B2,C1,15,4,10,0,4,4,repair before enrichment,Fix deterministic answer or media metadata issues before editorial enrichment.
coral-reef-5,coral-reef,The Coral Reef,111,The Coral Reef 5,5,516,B1,B2,C1,15,4,10,0,4,4,repair before enrichment,Fix deterministic answer or media metadata issues before editorial enrichment.
coral-reef-6,coral-reef,The Coral Reef,111,The Coral Reef 6,6,517,B1,B2,C1,1,1,7,0,1,1,repair before enrichment,Fix deterministic answer or media metadata issues before editorial enrichment.
desert-1,desert,The Desert,112,The Desert 1,1,518,B1,B2,C1,15,4,10,0,4,3,repair before enrichment,Fix deterministic answer or media metadata issues before editorial enrichment.
desert-2,desert,The Desert,112,The Desert 2,2,519,B1,B2,C1,15,4,10,0,4,3,repair before enrichment,Fix deterministic answer or media metadata issues before editorial enrichment.
desert-3,desert,The Desert,112,The Desert 3,3,520,B1,B2,C1,15,4,10,0,4,4,repair before enrichment,Fix deterministic answer or media metadata issues before editorial enrichment.
desert-4,desert,The Desert,112,The Desert 4,4,521,B1,B2,C1,15,4,10,0,4,4,repair before enrichment,Fix deterministic answer or media metadata issues before editorial enrichment.
desert-5,desert,The Desert,112,The Desert 5,5,522,B1,B2,C1,5,2,8,0,2,2,repair before enrichment,Fix deterministic answer or media metadata issues before editorial enrichment.
jungle-1,jungle,The Jungle,113,The Jungle 1,1,523,B1,B2,C1,15,4,10,0,4,3,repair before enrichment,Fix deterministic answer or media metadata issues before editorial enrichment.
jungle-2,jungle,The Jungle,113,The Jungle 2,2,524,B1,B2,C1,15,4,10,0,4,2,repair before enrichment,Fix deterministic answer or media metadata issues before editorial enrichment.
jungle-3,jungle,The Jungle,113,The Jungle 3,3,525,B1,B2,C1,15,4,10,0,4,4,repair before enrichment,Fix deterministic answer or media metadata issues before editorial enrichment.
jungle-4,jungle,The Jungle,113,The Jungle 4,4,526,B1,B2,C1,15,4,10,0,4,4,repair before enrichment,Fix deterministic answer or media metadata issues before editorial enrichment.
jungle-5,jungle,The Jungle,113,The Jungle 5,5,527,B1,B2,C1,9,3,9,0,3,3,repair before enrichment,Fix deterministic answer or media metadata issues before editorial enrichment.
volcano-1,volcano,The Volcano,114,The Volcano 1,1,528,B1,B2,C1,15,4,10,0,4,4,repair before enrichment,Fix deterministic answer or media metadata issues before editorial enrichment.
volcano-2,volcano,The Volcano,114,The Volcano 2,2,529,B1,B2,C1,15,4,10,0,4,4,repair before enrichment,Fix deterministic answer or media metadata issues before editorial enrichment.
volcano-3,volcano,The Volcano,114,The Volcano 3,3,530,B1,B2,C1,15,4,10,0,4,4,repair before enrichment,Fix deterministic answer or media metadata issues before editorial enrichment.
volcano-4,volcano,The Volcano,114,The Volcano 4,4,531,B1,B2,C1,15,4,10,0,4,4,repair before enrichment,Fix deterministic answer or media metadata issues before editorial enrichment.
volcano-5,volcano,The Volcano,114,The Volcano 5,5,532,B1,B2,C1,8,2,8,0,2,2,repair before enrichment,Fix deterministic answer or media metadata issues before editorial enrichment.
bird-sanctuary-1,bird-sanctuary,The Bird Sanctuary,115,The Bird Sanctuary 1,1,533,B1,B2,C1,15,4,10,0,4,0,baseline present; enrichment needed,"Review core senses and collocations, then author optional level-up and advanced uses."
bird-sanctuary-2,bird-sanctuary,The Bird Sanctuary,115,The Bird Sanctuary 2,2,534,B1,B2,C1,15,4,10,0,4,0,baseline present; enrichment needed,"Review core senses and collocations, then author optional level-up and advanced uses."
bird-sanctuary-3,bird-sanctuary,The Bird Sanctuary,115,The Bird Sanctuary 3,3,535,B1,B2,C1,15,4,10,0,4,0,baseline present; enrichment needed,"Review core senses and collocations, then author optional level-up and advanced uses."
bird-sanctuary-4,bird-sanctuary,The Bird Sanctuary,115,The Bird Sanctuary 4,4,536,B1,B2,C1,15,4,10,0,4,0,baseline present; enrichment needed,"Review core senses and collocations, then author optional level-up and advanced uses."
butterfly-garden-1,butterfly-garden,The Butterfly Garden,116,The Butterfly Garden 1,1,537,B1,B2,C1,15,4,10,0,4,0,baseline present; enrichment needed,"Review core senses and collocations, then author optional level-up and advanced uses."
butterfly-garden-2,butterfly-garden,The Butterfly Garden,116,The Butterfly Garden 2,2,538,B1,B2,C1,15,4,10,0,4,0,baseline present; enrichment needed,"Review core senses and collocations, then author optional level-up and advanced uses."
butterfly-garden-3,butterfly-garden,The Butterfly Garden,116,The Butterfly Garden 3,3,539,B1,B2,C1,15,4,10,0,4,0,baseline present; enrichment needed,"Review core senses and collocations, then author optional level-up and advanced uses."
butterfly-garden-4,butterfly-garden,The Butterfly Garden,116,The Butterfly Garden 4,4,540,B1,B2,C1,15,4,10,0,4,0,baseline present; enrichment needed,"Review core senses and collocations, then author optional level-up and advanced uses."
insect-world-1,insect-world,The Insect World,117,The Insect World 1,1,541,B1,B2,C1,15,4,10,0,4,0,baseline present; enrichment needed,"Review core senses and collocations, then author optional level-up and advanced uses."
insect-world-2,insect-world,The Insect World,117,The Insect World 2,2,542,B1,B2,C1,15,4,10,0,4,0,baseline present; enrichment needed,"Review core senses and collocations, then author optional level-up and advanced uses."
insect-world-3,insect-world,The Insect World,117,The Insect World 3,3,543,B1,B2,C1,15,4,10,0,4,0,baseline present; enrichment needed,"Review core senses and collocations, then author optional level-up and advanced uses."
insect-world-4,insect-world,The Insect World,117,The Insect World 4,4,544,B1,B2,C1,14,4,10,0,4,0,baseline present; enrichment needed,"Review core senses and collocations, then author optional level-up and advanced uses."
reptile-house-1,reptile-house,The Reptile House,118,The Reptile House 1,1,545,B1,B2,C1,15,4,10,0,4,0,baseline present; enrichment needed,"Review core senses and collocations, then author optional level-up and advanced uses."
reptile-house-2,reptile-house,The Reptile House,118,The Reptile House 2,2,546,B1,B2,C1,15,4,10,0,4,0,baseline present; enrichment needed,"Review core senses and collocations, then author optional level-up and advanced uses."
reptile-house-3,reptile-house,The Reptile House,118,The Reptile House 3,3,547,B1,B2,C1,15,4,10,0,4,0,baseline present; enrichment needed,"Review core senses and collocations, then author optional level-up and advanced uses."
reptile-house-4,reptile-house,The Reptile House,118,The Reptile House 4,4,548,B1,B2,C1,15,4,10,0,4,0,baseline present; enrichment needed,"Review core senses and collocations, then author optional level-up and advanced uses."
zoo-1,zoo,L5 Zoo,119,L5 Zoo 1,1,549,B1,B2,C1,15,4,10,0,4,0,baseline present; enrichment needed,"Review core senses and collocations, then author optional level-up and advanced uses."
zoo-2,zoo,L5 Zoo,119,L5 Zoo 2,2,550,B1,B2,C1,15,4,10,0,4,0,baseline present; enrichment needed,"Review core senses and collocations, then author optional level-up and advanced uses."
zoo-3,zoo,L5 Zoo,119,L5 Zoo 3,3,551,B1,B2,C1,15,4,10,0,4,0,baseline present; enrichment needed,"Review core senses and collocations, then author optional level-up and advanced uses."
zoo-4,zoo,L5 Zoo,119,L5 Zoo 4,4,552,B1,B2,C1,15,4,10,0,4,0,baseline present; enrichment needed,"Review core senses and collocations, then author optional level-up and advanced uses."
zoo-5,zoo,L5 Zoo,119,L5 Zoo 5,5,553,B1,B2,C1,4,1,7,0,1,0,baseline present; enrichment needed,"Review core senses and collocations, then author optional level-up and advanced uses."
aquarium-1,aquarium,L6 Aquarium,120,L6 Aquarium 1,1,554,B1,B2,C1,15,4,10,0,4,0,baseline present; enrichment needed,"Review core senses and collocations, then author optional level-up and advanced uses."
aquarium-2,aquarium,L6 Aquarium,120,L6 Aquarium 2,2,555,B1,B2,C1,15,4,10,0,4,0,baseline present; enrichment needed,"Review core senses and collocations, then author optional level-up and advanced uses."
aquarium-3,aquarium,L6 Aquarium,120,L6 Aquarium 3,3,556,B1,B2,C1,15,4,10,0,4,0,baseline present; enrichment needed,"Review core senses and collocations, then author optional level-up and advanced uses."
aquarium-4,aquarium,L6 Aquarium,120,L6 Aquarium 4,4,557,B1,B2,C1,11,3,9,0,3,0,baseline present; enrichment needed,"Review core senses and collocations, then author optional level-up and advanced uses."
train-station-1,train-station,L6 Train Station,121,L6 Train Station 1,1,558,B1,B2,C1,15,4,10,0,4,0,baseline present; enrichment needed,"Review core senses and collocations, then author optional level-up and advanced uses."
train-station-2,train-station,L6 Train Station,121,L6 Train Station 2,2,559,B1,B2,C1,15,4,10,0,4,0,baseline present; enrichment needed,"Review core senses and collocations, then author optional level-up and advanced uses."
train-station-3,train-station,L6 Train Station,121,L6 Train Station 3,3,560,B1,B2,C1,15,4,10,0,4,0,baseline present; enrichment needed,"Review core senses and collocations, then author optional level-up and advanced uses."
train-station-4,train-station,L6 Train Station,121,L6 Train Station 4,4,561,B1,B2,C1,11,3,9,0,3,0,baseline present; enrichment needed,"Review core senses and collocations, then author optional level-up and advanced uses."
airport-1,airport,L6 Airport,122,L6 Airport 1,1,562,B1,B2,C1,15,4,10,0,4,0,baseline present; enrichment needed,"Review core senses and collocations, then author optional level-up and advanced uses."
airport-2,airport,L6 Airport,122,L6 Airport 2,2,563,B1,B2,C1,15,4,10,0,4,0,baseline present; enrichment needed,"Review core senses and collocations, then author optional level-up and advanced uses."
airport-3,airport,L6 Airport,122,L6 Airport 3,3,564,B1,B2,C1,15,4,10,0,4,0,baseline present; enrichment needed,"Review core senses and collocations, then author optional level-up and advanced uses."
airport-4,airport,L6 Airport,122,L6 Airport 4,4,565,B1,B2,C1,13,4,10,0,4,0,baseline present; enrichment needed,"Review core senses and collocations, then author optional level-up and advanced uses."
harbor-1,harbor,The Harbor,123,The Harbor 1,1,566,B1,B2,C1,15,4,10,0,4,0,baseline present; enrichment needed,"Review core senses and collocations, then author optional level-up and advanced uses."
harbor-2,harbor,The Harbor,123,The Harbor 2,2,567,B1,B2,C1,15,4,10,0,4,0,baseline present; enrichment needed,"Review core senses and collocations, then author optional level-up and advanced uses."
harbor-3,harbor,The Harbor,123,The Harbor 3,3,568,B1,B2,C1,15,4,10,0,4,0,baseline present; enrichment needed,"Review core senses and collocations, then author optional level-up and advanced uses."
harbor-4,harbor,The Harbor,123,The Harbor 4,4,569,B1,B2,C1,15,4,10,0,4,0,baseline present; enrichment needed,"Review core senses and collocations, then author optional level-up and advanced uses."
harbor-5,harbor,The Harbor,123,The Harbor 5,5,570,B1,B2,C1,10,3,9,0,3,0,baseline present; enrichment needed,"Review core senses and collocations, then author optional level-up and advanced uses."
theater-1,theater,The Theater,124,The Theater 1,1,571,B1,B2,C1,15,4,10,0,4,4,repair before enrichment,Fix deterministic answer or media metadata issues before editorial enrichment.
theater-2,theater,The Theater,124,The Theater 2,2,572,B1,B2,C1,15,4,10,0,4,4,repair before enrichment,Fix deterministic answer or media metadata issues before editorial enrichment.
theater-3,theater,The Theater,124,The Theater 3,3,573,B1,B2,C1,15,4,10,0,4,3,repair before enrichment,Fix deterministic answer or media metadata issues before editorial enrichment.
theater-4,theater,The Theater,124,The Theater 4,4,574,B1,B2,C1,15,4,10,0,4,3,repair before enrichment,Fix deterministic answer or media metadata issues before editorial enrichment.
theater-5,theater,The Theater,124,The Theater 5,5,575,B1,B2,C1,9,3,9,0,3,3,repair before enrichment,Fix deterministic answer or media metadata issues before editorial enrichment.
orchestra-1,orchestra,The Orchestra,125,The Orchestra 1,1,576,B1,B2,C1,15,4,10,0,4,4,repair before enrichment,Fix deterministic answer or media metadata issues before editorial enrichment.
orchestra-2,orchestra,The Orchestra,125,The Orchestra 2,2,577,B1,B2,C1,15,4,10,0,4,4,repair before enrichment,Fix deterministic answer or media metadata issues before editorial enrichment.
orchestra-3,orchestra,The Orchestra,125,The Orchestra 3,3,578,B1,B2,C1,15,4,10,0,4,4,repair before enrichment,Fix deterministic answer or media metadata issues before editorial enrichment.
orchestra-4,orchestra,The Orchestra,125,The Orchestra 4,4,579,B1,B2,C1,15,4,10,0,4,4,repair before enrichment,Fix deterministic answer or media metadata issues before editorial enrichment.
orchestra-5,orchestra,The Orchestra,125,The Orchestra 5,5,580,B1,B2,C1,4,1,7,0,1,1,repair before enrichment,Fix deterministic answer or media metadata issues before editorial enrichment.
cinema-1,cinema,L7 Cinema,126,L7 Cinema 1,1,581,B1,B2,C1,15,4,10,0,4,4,repair before enrichment,Fix deterministic answer or media metadata issues before editorial enrichment.
cinema-2,cinema,L7 Cinema,126,L7 Cinema 2,2,582,B1,B2,C1,15,4,10,0,4,4,repair before enrichment,Fix deterministic answer or media metadata issues before editorial enrichment.
cinema-3,cinema,L7 Cinema,126,L7 Cinema 3,3,583,B1,B2,C1,15,4,10,0,4,4,repair before enrichment,Fix deterministic answer or media metadata issues before editorial enrichment.
cinema-4,cinema,L7 Cinema,126,L7 Cinema 4,4,584,B1,B2,C1,15,4,10,0,4,4,repair before enrichment,Fix deterministic answer or media metadata issues before editorial enrichment.
museum-1,museum,L6 Museum,127,L6 Museum 1,1,585,B1,B2,C1,15,4,10,0,4,4,repair before enrichment,Fix deterministic answer or media metadata issues before editorial enrichment.
museum-2,museum,L6 Museum,127,L6 Museum 2,2,586,B1,B2,C1,15,4,10,0,4,4,repair before enrichment,Fix deterministic answer or media metadata issues before editorial enrichment.
museum-3,museum,L6 Museum,127,L6 Museum 3,3,587,B1,B2,C1,15,4,10,0,4,4,repair before enrichment,Fix deterministic answer or media metadata issues before editorial enrichment.
museum-4,museum,L6 Museum,127,L6 Museum 4,4,588,B1,B2,C1,15,4,10,0,4,3,repair before enrichment,Fix deterministic answer or media metadata issues before editorial enrichment.
festival-1,festival,The Festival,128,The Festival 1,1,589,B1,B2,C1,15,4,10,0,4,4,repair before enrichment,Fix deterministic answer or media metadata issues before editorial enrichment.
festival-2,festival,The Festival,128,The Festival 2,2,590,B1,B2,C1,15,4,10,0,4,4,repair before enrichment,Fix deterministic answer or media metadata issues before editorial enrichment.
festival-3,festival,The Festival,128,The Festival 3,3,591,B1,B2,C1,15,4,10,0,4,4,repair before enrichment,Fix deterministic answer or media metadata issues before editorial enrichment.
festival-4,festival,The Festival,128,The Festival 4,4,592,B1,B2,C1,15,4,10,0,4,4,repair before enrichment,Fix deterministic answer or media metadata issues before editorial enrichment.
festival-5,festival,The Festival,128,The Festival 5,5,593,B1,B2,C1,15,4,10,0,4,4,repair before enrichment,Fix deterministic answer or media metadata issues before editorial enrichment.
costume-shop-1,costume-shop,The Costume Shop,129,The Costume Shop 1,1,594,B1,B2,C1,15,4,10,0,4,0,baseline present; enrichment needed,"Review core senses and collocations, then author optional level-up and advanced uses."
costume-shop-2,costume-shop,The Costume Shop,129,The Costume Shop 2,2,595,B1,B2,C1,15,4,10,0,4,0,baseline present; enrichment needed,"Review core senses and collocations, then author optional level-up and advanced uses."
costume-shop-3,costume-shop,The Costume Shop,129,The Costume Shop 3,3,596,B1,B2,C1,15,4,10,0,4,0,baseline present; enrichment needed,"Review core senses and collocations, then author optional level-up and advanced uses."
costume-shop-4,costume-shop,The Costume Shop,129,The Costume Shop 4,4,597,B1,B2,C1,15,4,10,0,4,0,baseline present; enrichment needed,"Review core senses and collocations, then author optional level-up and advanced uses."
costume-shop-5,costume-shop,The Costume Shop,129,The Costume Shop 5,5,598,B1,B2,C1,12,3,9,0,3,0,baseline present; enrichment needed,"Review core senses and collocations, then author optional level-up and advanced uses."
pottery-studio-1,pottery-studio,The Pottery Studio,130,The Pottery Studio 1,1,599,B1,B2,C1,15,4,10,0,4,4,repair before enrichment,Fix deterministic answer or media metadata issues before editorial enrichment.
pottery-studio-2,pottery-studio,The Pottery Studio,130,The Pottery Studio 2,2,600,B1,B2,C1,15,4,10,0,4,2,repair before enrichment,Fix deterministic answer or media metadata issues before editorial enrichment.
pottery-studio-3,pottery-studio,The Pottery Studio,130,The Pottery Studio 3,3,601,B1,B2,C1,15,4,10,0,4,4,repair before enrichment,Fix deterministic answer or media metadata issues before editorial enrichment.
pottery-studio-4,pottery-studio,The Pottery Studio,130,The Pottery Studio 4,4,602,B1,B2,C1,15,4,10,0,4,4,repair before enrichment,Fix deterministic answer or media metadata issues before editorial enrichment.
pottery-studio-5,pottery-studio,The Pottery Studio,130,The Pottery Studio 5,5,603,B1,B2,C1,5,2,8,0,2,2,repair before enrichment,Fix deterministic answer or media metadata issues before editorial enrichment.
tailor-shop-1,tailor-shop,The Tailor Shop,131,The Tailor Shop 1,1,604,B1,B2,C1,15,4,10,0,4,0,baseline present; enrichment needed,"Review core senses and collocations, then author optional level-up and advanced uses."
tailor-shop-2,tailor-shop,The Tailor Shop,131,The Tailor Shop 2,2,605,B1,B2,C1,15,4,10,0,4,0,baseline present; enrichment needed,"Review core senses and collocations, then author optional level-up and advanced uses."
tailor-shop-3,tailor-shop,The Tailor Shop,131,The Tailor Shop 3,3,606,B1,B2,C1,15,4,10,0,4,0,baseline present; enrichment needed,"Review core senses and collocations, then author optional level-up and advanced uses."
tailor-shop-4,tailor-shop,The Tailor Shop,131,The Tailor Shop 4,4,607,B1,B2,C1,15,4,10,0,4,0,baseline present; enrichment needed,"Review core senses and collocations, then author optional level-up and advanced uses."
tailor-shop-5,tailor-shop,The Tailor Shop,131,The Tailor Shop 5,5,608,B1,B2,C1,14,4,10,0,4,0,baseline present; enrichment needed,"Review core senses and collocations, then author optional level-up and advanced uses."
computer-lab-1,computer-lab,The Computer Lab,132,The Computer Lab 1,1,609,B1,B2,C1,15,4,10,0,4,0,baseline present; enrichment needed,"Review core senses and collocations, then author optional level-up and advanced uses."
computer-lab-2,computer-lab,The Computer Lab,132,The Computer Lab 2,2,610,B1,B2,C1,15,4,10,0,4,0,baseline present; enrichment needed,"Review core senses and collocations, then author optional level-up and advanced uses."
computer-lab-3,computer-lab,The Computer Lab,132,The Computer Lab 3,3,611,B1,B2,C1,15,4,10,0,4,0,baseline present; enrichment needed,"Review core senses and collocations, then author optional level-up and advanced uses."
computer-lab-4,computer-lab,The Computer Lab,132,The Computer Lab 4,4,612,B1,B2,C1,15,4,10,0,4,0,baseline present; enrichment needed,"Review core senses and collocations, then author optional level-up and advanced uses."
computer-lab-5,computer-lab,The Computer Lab,132,The Computer Lab 5,5,613,B1,B2,C1,15,4,10,0,4,0,baseline present; enrichment needed,"Review core senses and collocations, then author optional level-up and advanced uses."
computer-lab-6,computer-lab,The Computer Lab,132,The Computer Lab 6,6,614,B1,B2,C1,1,1,7,0,1,0,baseline present; enrichment needed,"Review core senses and collocations, then author optional level-up and advanced uses."
newspaper-office-1,newspaper-office,The Newspaper Office,133,The Newspaper Office 1,1,615,B1,B2,C1,15,4,10,0,4,4,repair before enrichment,Fix deterministic answer or media metadata issues before editorial enrichment.
newspaper-office-2,newspaper-office,The Newspaper Office,133,The Newspaper Office 2,2,616,B1,B2,C1,15,4,10,0,4,4,repair before enrichment,Fix deterministic answer or media metadata issues before editorial enrichment.
newspaper-office-3,newspaper-office,The Newspaper Office,133,The Newspaper Office 3,3,617,B1,B2,C1,15,4,10,0,4,4,repair before enrichment,Fix deterministic answer or media metadata issues before editorial enrichment.
newspaper-office-4,newspaper-office,The Newspaper Office,133,The Newspaper Office 4,4,618,B1,B2,C1,15,4,10,0,4,4,repair before enrichment,Fix deterministic answer or media metadata issues before editorial enrichment.
newspaper-office-5,newspaper-office,The Newspaper Office,133,The Newspaper Office 5,5,619,B1,B2,C1,13,4,10,0,4,4,repair before enrichment,Fix deterministic answer or media metadata issues before editorial enrichment.
tv-studio-1,tv-studio,The TV Studio,134,The TV Studio 1,1,620,B1,B2,C1,15,4,10,0,4,0,baseline present; enrichment needed,"Review core senses and collocations, then author optional level-up and advanced uses."
tv-studio-2,tv-studio,The TV Studio,134,The TV Studio 2,2,621,B1,B2,C1,15,4,10,0,4,0,baseline present; enrichment needed,"Review core senses and collocations, then author optional level-up and advanced uses."
tv-studio-3,tv-studio,The TV Studio,134,The TV Studio 3,3,622,B1,B2,C1,15,4,10,0,4,0,baseline present; enrichment needed,"Review core senses and collocations, then author optional level-up and advanced uses."
tv-studio-4,tv-studio,The TV Studio,134,The TV Studio 4,4,623,B1,B2,C1,15,4,10,0,4,0,baseline present; enrichment needed,"Review core senses and collocations, then author optional level-up and advanced uses."
tv-studio-5,tv-studio,The TV Studio,134,The TV Studio 5,5,624,B1,B2,C1,13,4,10,0,4,0,baseline present; enrichment needed,"Review core senses and collocations, then author optional level-up and advanced uses."
radio-station-1,radio-station,The Radio Station,135,The Radio Station 1,1,625,B1,B2,C1,15,4,10,0,4,0,baseline present; enrichment needed,"Review core senses and collocations, then author optional level-up and advanced uses."
radio-station-2,radio-station,The Radio Station,135,The Radio Station 2,2,626,B1,B2,C1,15,4,10,0,4,0,baseline present; enrichment needed,"Review core senses and collocations, then author optional level-up and advanced uses."
radio-station-3,radio-station,The Radio Station,135,The Radio Station 3,3,627,B1,B2,C1,15,4,10,0,4,0,baseline present; enrichment needed,"Review core senses and collocations, then author optional level-up and advanced uses."
radio-station-4,radio-station,The Radio Station,135,The Radio Station 4,4,628,B1,B2,C1,15,4,10,0,4,0,baseline present; enrichment needed,"Review core senses and collocations, then author optional level-up and advanced uses."
radio-station-5,radio-station,The Radio Station,135,The Radio Station 5,5,629,B1,B2,C1,12,3,9,0,3,0,baseline present; enrichment needed,"Review core senses and collocations, then author optional level-up and advanced uses."
post-office-1,post-office,L5 Post Office,136,L5 Post Office 1,1,630,B1,B2,C1,15,4,10,0,4,4,repair before enrichment,Fix deterministic answer or media metadata issues before editorial enrichment.
post-office-2,post-office,L5 Post Office,136,L5 Post Office 2,2,631,B1,B2,C1,15,4,10,0,4,4,repair before enrichment,Fix deterministic answer or media metadata issues before editorial enrichment.
post-office-3,post-office,L5 Post Office,136,L5 Post Office 3,3,632,B1,B2,C1,15,4,10,0,4,4,repair before enrichment,Fix deterministic answer or media metadata issues before editorial enrichment.
post-office-4,post-office,L5 Post Office,136,L5 Post Office 4,4,633,B1,B2,C1,11,3,9,0,3,3,repair before enrichment,Fix deterministic answer or media metadata issues before editorial enrichment.
mechanic-1,mechanic,The Mechanic,137,The Mechanic 1,1,634,B1,B2,C1,15,4,10,0,4,0,baseline present; enrichment needed,"Review core senses and collocations, then author optional level-up and advanced uses."
mechanic-2,mechanic,The Mechanic,137,The Mechanic 2,2,635,B1,B2,C1,15,4,10,0,4,0,baseline present; enrichment needed,"Review core senses and collocations, then author optional level-up and advanced uses."
mechanic-3,mechanic,The Mechanic,137,The Mechanic 3,3,636,B1,B2,C1,15,4,10,0,4,0,baseline present; enrichment needed,"Review core senses and collocations, then author optional level-up and advanced uses."
mechanic-4,mechanic,The Mechanic,137,The Mechanic 4,4,637,B1,B2,C1,15,4,10,0,4,0,baseline present; enrichment needed,"Review core senses and collocations, then author optional level-up and advanced uses."
construction-site-1,construction-site,The Construction Site,138,The Construction Site 1,1,638,B1,B2,C1,15,4,10,0,4,0,baseline present; enrichment needed,"Review core senses and collocations, then author optional level-up and advanced uses."
construction-site-2,construction-site,The Construction Site,138,The Construction Site 2,2,639,B1,B2,C1,15,4,10,0,4,0,baseline present; enrichment needed,"Review core senses and collocations, then author optional level-up and advanced uses."
construction-site-3,construction-site,The Construction Site,138,The Construction Site 3,3,640,B1,B2,C1,15,4,10,0,4,0,baseline present; enrichment needed,"Review core senses and collocations, then author optional level-up and advanced uses."
construction-site-4,construction-site,The Construction Site,138,The Construction Site 4,4,641,B1,B2,C1,15,4,10,0,4,0,baseline present; enrichment needed,"Review core senses and collocations, then author optional level-up and advanced uses."
construction-site-5,construction-site,The Construction Site,138,The Construction Site 5,5,642,B1,B2,C1,8,2,8,0,2,0,baseline present; enrichment needed,"Review core senses and collocations, then author optional level-up and advanced uses."
fire-station-1,fire-station,L5 Fire Station,139,L5 Fire Station 1,1,643,B1,B2,C1,15,4,10,0,4,3,repair before enrichment,Fix deterministic answer or media metadata issues before editorial enrichment.
fire-station-2,fire-station,L5 Fire Station,139,L5 Fire Station 2,2,644,B1,B2,C1,15,4,10,0,4,4,repair before enrichment,Fix deterministic answer or media metadata issues before editorial enrichment.
fire-station-3,fire-station,L5 Fire Station,139,L5 Fire Station 3,3,645,B1,B2,C1,15,4,10,0,4,4,repair before enrichment,Fix deterministic answer or media metadata issues before editorial enrichment.
fire-station-4,fire-station,L5 Fire Station,139,L5 Fire Station 4,4,646,B1,B2,C1,13,4,10,0,4,4,repair before enrichment,Fix deterministic answer or media metadata issues before editorial enrichment.
observatory-1,observatory,The Observatory,140,The Observatory 1,1,647,B1,B2,C1,15,4,10,0,4,4,repair before enrichment,Fix deterministic answer or media metadata issues before editorial enrichment.
observatory-2,observatory,The Observatory,140,The Observatory 2,2,648,B1,B2,C1,15,4,10,0,4,4,repair before enrichment,Fix deterministic answer or media metadata issues before editorial enrichment.
observatory-3,observatory,The Observatory,140,The Observatory 3,3,649,B1,B2,C1,15,4,10,0,4,4,repair before enrichment,Fix deterministic answer or media metadata issues before editorial enrichment.
observatory-4,observatory,The Observatory,140,The Observatory 4,4,650,B1,B2,C1,15,4,10,0,4,4,repair before enrichment,Fix deterministic answer or media metadata issues before editorial enrichment.
observatory-5,observatory,The Observatory,140,The Observatory 5,5,651,B1,B2,C1,13,4,10,0,4,3,repair before enrichment,Fix deterministic answer or media metadata issues before editorial enrichment.
science-lab-1,science-lab,L7 Science Lab,141,L7 Science Lab 1,1,652,B1,B2,C1,15,4,10,0,4,4,repair before enrichment,Fix deterministic answer or media metadata issues before editorial enrichment.
science-lab-2,science-lab,L7 Science Lab,141,L7 Science Lab 2,2,653,B1,B2,C1,15,4,10,0,4,4,repair before enrichment,Fix deterministic answer or media metadata issues before editorial enrichment.
science-lab-3,science-lab,L7 Science Lab,141,L7 Science Lab 3,3,654,B1,B2,C1,15,4,10,0,4,4,repair before enrichment,Fix deterministic answer or media metadata issues before editorial enrichment.
science-lab-4,science-lab,L7 Science Lab,141,L7 Science Lab 4,4,655,B1,B2,C1,15,4,10,0,4,4,repair before enrichment,Fix deterministic answer or media metadata issues before editorial enrichment.
office-1,office,The Office,142,The Office 1,1,656,B2,C1,C1,15,4,10,0,4,0,baseline present; enrichment needed,"Review core senses and collocations, then author optional level-up and advanced uses."
office-2,office,The Office,142,The Office 2,2,657,B2,C1,C1,15,4,10,0,4,3,repair before enrichment,Fix deterministic answer or media metadata issues before editorial enrichment.
office-3,office,The Office,142,The Office 3,3,658,B2,C1,C1,15,4,10,0,4,4,repair before enrichment,Fix deterministic answer or media metadata issues before editorial enrichment.
office-4,office,The Office,142,The Office 4,4,659,B2,C1,C1,5,2,8,0,2,1,repair before enrichment,Fix deterministic answer or media metadata issues before editorial enrichment.
meeting-room-1,meeting-room,The Meeting Room,143,The Meeting Room 1,1,660,B2,C1,C1,15,4,10,0,4,4,repair before enrichment,Fix deterministic answer or media metadata issues before editorial enrichment.
meeting-room-2,meeting-room,The Meeting Room,143,The Meeting Room 2,2,661,B2,C1,C1,15,4,10,0,4,4,repair before enrichment,Fix deterministic answer or media metadata issues before editorial enrichment.
meeting-room-3,meeting-room,The Meeting Room,143,The Meeting Room 3,3,662,B2,C1,C1,15,4,10,0,4,4,repair before enrichment,Fix deterministic answer or media metadata issues before editorial enrichment.
meeting-room-4,meeting-room,The Meeting Room,143,The Meeting Room 4,4,663,B2,C1,C1,5,2,8,0,2,2,repair before enrichment,Fix deterministic answer or media metadata issues before editorial enrichment.
office-supplies-1,office-supplies,Office Supplies,144,Office Supplies 1,1,664,B2,C1,C1,15,4,10,0,4,4,repair before enrichment,Fix deterministic answer or media metadata issues before editorial enrichment.
office-supplies-2,office-supplies,Office Supplies,144,Office Supplies 2,2,665,B2,C1,C1,15,4,10,0,4,4,repair before enrichment,Fix deterministic answer or media metadata issues before editorial enrichment.
office-supplies-3,office-supplies,Office Supplies,144,Office Supplies 3,3,666,B2,C1,C1,15,4,10,0,4,4,repair before enrichment,Fix deterministic answer or media metadata issues before editorial enrichment.
office-supplies-4,office-supplies,Office Supplies,144,Office Supplies 4,4,667,B2,C1,C1,5,2,8,0,2,2,repair before enrichment,Fix deterministic answer or media metadata issues before editorial enrichment.
business-communication-1,business-communication,Business Communication,145,Business Communication 1,1,668,B2,C1,C1,15,4,10,0,4,4,repair before enrichment,Fix deterministic answer or media metadata issues before editorial enrichment.
business-communication-2,business-communication,Business Communication,145,Business Communication 2,2,669,B2,C1,C1,15,4,10,0,4,4,repair before enrichment,Fix deterministic answer or media metadata issues before editorial enrichment.
business-communication-3,business-communication,Business Communication,145,Business Communication 3,3,670,B2,C1,C1,10,3,9,0,3,3,repair before enrichment,Fix deterministic answer or media metadata issues before editorial enrichment.
coworking-space-1,coworking-space,The Coworking Space,146,The Coworking Space 1,1,671,B2,C1,C1,15,4,10,0,4,4,repair before enrichment,Fix deterministic answer or media metadata issues before editorial enrichment.
coworking-space-2,coworking-space,The Coworking Space,146,The Coworking Space 2,2,672,B2,C1,C1,15,4,10,0,4,4,repair before enrichment,Fix deterministic answer or media metadata issues before editorial enrichment.
coworking-space-3,coworking-space,The Coworking Space,146,The Coworking Space 3,3,673,B2,C1,C1,10,3,9,0,3,3,repair before enrichment,Fix deterministic answer or media metadata issues before editorial enrichment.
startup-culture-1,startup-culture,Startup Culture,147,Startup Culture 1,1,674,B2,C1,C1,15,4,10,0,4,4,repair before enrichment,Fix deterministic answer or media metadata issues before editorial enrichment.
startup-culture-2,startup-culture,Startup Culture,147,Startup Culture 2,2,675,B2,C1,C1,15,4,10,0,4,4,repair before enrichment,Fix deterministic answer or media metadata issues before editorial enrichment.
startup-culture-3,startup-culture,Startup Culture,147,Startup Culture 3,3,676,B2,C1,C1,10,3,9,0,3,3,repair before enrichment,Fix deterministic answer or media metadata issues before editorial enrichment.
freelancing-remote-work-1,freelancing-remote-work,Freelancing & Remote Work,148,Freelancing & Remote Work 1,1,677,B2,C1,C1,15,4,10,0,4,4,repair before enrichment,Fix deterministic answer or media metadata issues before editorial enrichment.
freelancing-remote-work-2,freelancing-remote-work,Freelancing & Remote Work,148,Freelancing & Remote Work 2,2,678,B2,C1,C1,15,4,10,0,4,4,repair before enrichment,Fix deterministic answer or media metadata issues before editorial enrichment.
freelancing-remote-work-3,freelancing-remote-work,Freelancing & Remote Work,148,Freelancing & Remote Work 3,3,679,B2,C1,C1,15,4,10,0,4,4,repair before enrichment,Fix deterministic answer or media metadata issues before editorial enrichment.
freelancing-remote-work-4,freelancing-remote-work,Freelancing & Remote Work,148,Freelancing & Remote Work 4,4,680,B2,C1,C1,5,2,8,0,2,2,repair before enrichment,Fix deterministic answer or media metadata issues before editorial enrichment.
formal-business-wear-1,formal-business-wear,Formal & Business Wear,149,Formal & Business Wear 1,1,681,B2,C1,C1,15,4,10,0,4,4,repair before enrichment,Fix deterministic answer or media metadata issues before editorial enrichment.
formal-business-wear-2,formal-business-wear,Formal & Business Wear,149,Formal & Business Wear 2,2,682,B2,C1,C1,15,4,10,0,4,4,repair before enrichment,Fix deterministic answer or media metadata issues before editorial enrichment.
formal-business-wear-3,formal-business-wear,Formal & Business Wear,149,Formal & Business Wear 3,3,683,B2,C1,C1,9,3,9,0,3,2,repair before enrichment,Fix deterministic answer or media metadata issues before editorial enrichment.
bank-1,bank,The Bank,150,The Bank 1,1,684,B2,C1,C1,15,4,10,0,4,0,baseline present; enrichment needed,"Review core senses and collocations, then author optional level-up and advanced uses."
bank-2,bank,The Bank,150,The Bank 2,2,685,B2,C1,C1,15,4,10,0,4,0,baseline present; enrichment needed,"Review core senses and collocations, then author optional level-up and advanced uses."
bank-3,bank,The Bank,150,The Bank 3,3,686,B2,C1,C1,10,3,9,0,3,0,baseline present; enrichment needed,"Review core senses and collocations, then author optional level-up and advanced uses."
financial-services-1,financial-services,Financial Services,151,Financial Services 1,1,687,B2,C1,C1,15,4,10,0,4,0,baseline present; enrichment needed,"Review core senses and collocations, then author optional level-up and advanced uses."
financial-services-2,financial-services,Financial Services,151,Financial Services 2,2,688,B2,C1,C1,15,4,10,0,4,0,baseline present; enrichment needed,"Review core senses and collocations, then author optional level-up and advanced uses."
financial-services-3,financial-services,Financial Services,151,Financial Services 3,3,689,B2,C1,C1,10,3,9,0,3,0,baseline present; enrichment needed,"Review core senses and collocations, then author optional level-up and advanced uses."
currency-payment-1,currency-payment,Currency & Payment,152,Currency & Payment 1,1,690,B2,C1,C1,15,4,10,0,4,0,baseline present; enrichment needed,"Review core senses and collocations, then author optional level-up and advanced uses."
currency-payment-2,currency-payment,Currency & Payment,152,Currency & Payment 2,2,691,B2,C1,C1,15,4,10,0,4,0,baseline present; enrichment needed,"Review core senses and collocations, then author optional level-up and advanced uses."
currency-payment-3,currency-payment,Currency & Payment,152,Currency & Payment 3,3,692,B2,C1,C1,10,3,9,0,3,0,baseline present; enrichment needed,"Review core senses and collocations, then author optional level-up and advanced uses."
stock-exchange-1,stock-exchange,The Stock Exchange,153,The Stock Exchange 1,1,693,B2,C1,C1,15,4,10,0,4,0,baseline present; enrichment needed,"Review core senses and collocations, then author optional level-up and advanced uses."
stock-exchange-2,stock-exchange,The Stock Exchange,153,The Stock Exchange 2,2,694,B2,C1,C1,15,4,10,0,4,0,baseline present; enrichment needed,"Review core senses and collocations, then author optional level-up and advanced uses."
stock-exchange-3,stock-exchange,The Stock Exchange,153,The Stock Exchange 3,3,695,B2,C1,C1,10,3,9,0,3,0,baseline present; enrichment needed,"Review core senses and collocations, then author optional level-up and advanced uses."
university-campus-1,university-campus,The University Campus,154,The University Campus 1,1,696,B2,C1,C1,15,4,10,0,4,0,baseline present; enrichment needed,"Review core senses and collocations, then author optional level-up and advanced uses."
university-campus-2,university-campus,The University Campus,154,The University Campus 2,2,697,B2,C1,C1,15,4,10,0,4,0,baseline present; enrichment needed,"Review core senses and collocations, then author optional level-up and advanced uses."
university-campus-3,university-campus,The University Campus,154,The University Campus 3,3,698,B2,C1,C1,10,3,9,0,3,0,baseline present; enrichment needed,"Review core senses and collocations, then author optional level-up and advanced uses."
academic-life-1,academic-life,Academic Life,155,Academic Life 1,1,699,B2,C1,C1,15,4,10,0,4,0,baseline present; enrichment needed,"Review core senses and collocations, then author optional level-up and advanced uses."
academic-life-2,academic-life,Academic Life,155,Academic Life 2,2,700,B2,C1,C1,15,4,10,0,4,0,baseline present; enrichment needed,"Review core senses and collocations, then author optional level-up and advanced uses."
academic-life-3,academic-life,Academic Life,155,Academic Life 3,3,701,B2,C1,C1,10,3,9,0,3,0,baseline present; enrichment needed,"Review core senses and collocations, then author optional level-up and advanced uses."
research-study-1,research-study,Research & Study,156,Research & Study 1,1,702,B2,C1,C1,15,4,10,0,4,0,baseline present; enrichment needed,"Review core senses and collocations, then author optional level-up and advanced uses."
research-study-2,research-study,Research & Study,156,Research & Study 2,2,703,B2,C1,C1,15,4,10,0,4,0,baseline present; enrichment needed,"Review core senses and collocations, then author optional level-up and advanced uses."
research-study-3,research-study,Research & Study,156,Research & Study 3,3,704,B2,C1,C1,9,3,9,0,3,0,baseline present; enrichment needed,"Review core senses and collocations, then author optional level-up and advanced uses."
student-life-1,student-life,Student Life,157,Student Life 1,1,705,B2,C1,C1,15,4,10,0,4,0,baseline present; enrichment needed,"Review core senses and collocations, then author optional level-up and advanced uses."
student-life-2,student-life,Student Life,157,Student Life 2,2,706,B2,C1,C1,15,4,10,0,4,0,baseline present; enrichment needed,"Review core senses and collocations, then author optional level-up and advanced uses."
student-life-3,student-life,Student Life,157,Student Life 3,3,707,B2,C1,C1,10,3,9,0,3,0,baseline present; enrichment needed,"Review core senses and collocations, then author optional level-up and advanced uses."
property-types-1,property-types,Property Types,158,Property Types 1,1,708,B2,C1,C1,15,4,10,0,4,0,baseline present; enrichment needed,"Review core senses and collocations, then author optional level-up and advanced uses."
property-types-2,property-types,Property Types,158,Property Types 2,2,709,B2,C1,C1,15,4,10,0,4,0,baseline present; enrichment needed,"Review core senses and collocations, then author optional level-up and advanced uses."
property-types-3,property-types,Property Types,158,Property Types 3,3,710,B2,C1,C1,10,3,9,0,3,0,baseline present; enrichment needed,"Review core senses and collocations, then author optional level-up and advanced uses."
real-estate-agency-1,real-estate-agency,The Real Estate Agency,159,The Real Estate Agency 1,1,711,B2,C1,C1,15,4,10,0,4,0,baseline present; enrichment needed,"Review core senses and collocations, then author optional level-up and advanced uses."
real-estate-agency-2,real-estate-agency,The Real Estate Agency,159,The Real Estate Agency 2,2,712,B2,C1,C1,15,4,10,0,4,0,baseline present; enrichment needed,"Review core senses and collocations, then author optional level-up and advanced uses."
real-estate-agency-3,real-estate-agency,The Real Estate Agency,159,The Real Estate Agency 3,3,713,B2,C1,C1,10,3,9,0,3,0,baseline present; enrichment needed,"Review core senses and collocations, then author optional level-up and advanced uses."
home-features-1,home-features,Home Features,160,Home Features 1,1,714,B2,C1,C1,15,4,10,0,4,0,baseline present; enrichment needed,"Review core senses and collocations, then author optional level-up and advanced uses."
home-features-2,home-features,Home Features,160,Home Features 2,2,715,B2,C1,C1,15,4,10,0,4,0,baseline present; enrichment needed,"Review core senses and collocations, then author optional level-up and advanced uses."
home-features-3,home-features,Home Features,160,Home Features 3,3,716,B2,C1,C1,10,3,9,0,3,0,baseline present; enrichment needed,"Review core senses and collocations, then author optional level-up and advanced uses."
moving-settling-in-1,moving-settling-in,Moving & Settling In,161,Moving & Settling In 1,1,717,B2,C1,C1,15,4,10,0,4,0,baseline present; enrichment needed,"Review core senses and collocations, then author optional level-up and advanced uses."
moving-settling-in-2,moving-settling-in,Moving & Settling In,161,Moving & Settling In 2,2,718,B2,C1,C1,15,4,10,0,4,0,baseline present; enrichment needed,"Review core senses and collocations, then author optional level-up and advanced uses."
moving-settling-in-3,moving-settling-in,Moving & Settling In,161,Moving & Settling In 3,3,719,B2,C1,C1,10,3,9,0,3,0,baseline present; enrichment needed,"Review core senses and collocations, then author optional level-up and advanced uses."
car-types-1,car-types,Car Types,162,Car Types 1,1,720,B2,C1,C1,15,4,10,0,4,2,repair before enrichment,Fix deterministic answer or media metadata issues before editorial enrichment.
car-types-2,car-types,Car Types,162,Car Types 2,2,721,B2,C1,C1,15,4,10,0,4,3,repair before enrichment,Fix deterministic answer or media metadata issues before editorial enrichment.
car-types-3,car-types,Car Types,162,Car Types 3,3,722,B2,C1,C1,10,3,9,0,3,3,repair before enrichment,Fix deterministic answer or media metadata issues before editorial enrichment.
car-parts-mechanics-1,car-parts-mechanics,Car Parts & Mechanics,163,Car Parts & Mechanics 1,1,723,B2,C1,C1,15,4,10,0,4,0,baseline present; enrichment needed,"Review core senses and collocations, then author optional level-up and advanced uses."
car-parts-mechanics-2,car-parts-mechanics,Car Parts & Mechanics,163,Car Parts & Mechanics 2,2,724,B2,C1,C1,15,4,10,0,4,0,baseline present; enrichment needed,"Review core senses and collocations, then author optional level-up and advanced uses."
car-parts-mechanics-3,car-parts-mechanics,Car Parts & Mechanics,163,Car Parts & Mechanics 3,3,725,B2,C1,C1,15,4,10,0,4,0,baseline present; enrichment needed,"Review core senses and collocations, then author optional level-up and advanced uses."
car-parts-mechanics-4,car-parts-mechanics,Car Parts & Mechanics,163,Car Parts & Mechanics 4,4,726,B2,C1,C1,5,2,8,0,2,0,baseline present; enrichment needed,"Review core senses and collocations, then author optional level-up and advanced uses."
auto-dealership-1,auto-dealership,The Auto Dealership,164,The Auto Dealership 1,1,727,B2,C1,C1,15,4,10,0,4,4,repair before enrichment,Fix deterministic answer or media metadata issues before editorial enrichment.
auto-dealership-2,auto-dealership,The Auto Dealership,164,The Auto Dealership 2,2,728,B2,C1,C1,15,4,10,0,4,4,repair before enrichment,Fix deterministic answer or media metadata issues before editorial enrichment.
auto-dealership-3,auto-dealership,The Auto Dealership,164,The Auto Dealership 3,3,729,B2,C1,C1,10,3,9,0,3,1,repair before enrichment,Fix deterministic answer or media metadata issues before editorial enrichment.
driving-road-rules-1,driving-road-rules,Driving & Road Rules,165,Driving & Road Rules 1,1,730,B2,C1,C1,15,4,10,0,4,0,baseline present; enrichment needed,"Review core senses and collocations, then author optional level-up and advanced uses."
driving-road-rules-2,driving-road-rules,Driving & Road Rules,165,Driving & Road Rules 2,2,731,B2,C1,C1,15,4,10,0,4,0,baseline present; enrichment needed,"Review core senses and collocations, then author optional level-up and advanced uses."
driving-road-rules-3,driving-road-rules,Driving & Road Rules,165,Driving & Road Rules 3,3,732,B2,C1,C1,8,2,8,0,2,0,baseline present; enrichment needed,"Review core senses and collocations, then author optional level-up and advanced uses."
smart-home-1,smart-home,The Smart Home,166,The Smart Home 1,1,733,B2,C1,C1,15,4,10,0,4,0,baseline present; enrichment needed,"Review core senses and collocations, then author optional level-up and advanced uses."
smart-home-2,smart-home,The Smart Home,166,The Smart Home 2,2,734,B2,C1,C1,15,4,10,0,4,0,baseline present; enrichment needed,"Review core senses and collocations, then author optional level-up and advanced uses."
smart-home-3,smart-home,The Smart Home,166,The Smart Home 3,3,735,B2,C1,C1,15,4,10,0,4,0,baseline present; enrichment needed,"Review core senses and collocations, then author optional level-up and advanced uses."
smart-home-4,smart-home,The Smart Home,166,The Smart Home 4,4,736,B2,C1,C1,14,4,10,0,4,0,baseline present; enrichment needed,"Review core senses and collocations, then author optional level-up and advanced uses."
tech-gadgets-1,tech-gadgets,Tech & Gadgets,167,Tech & Gadgets 1,1,737,B2,C1,C1,15,4,10,0,4,0,baseline present; enrichment needed,"Review core senses and collocations, then author optional level-up and advanced uses."
tech-gadgets-2,tech-gadgets,Tech & Gadgets,167,Tech & Gadgets 2,2,738,B2,C1,C1,15,4,10,0,4,0,baseline present; enrichment needed,"Review core senses and collocations, then author optional level-up and advanced uses."
tech-gadgets-3,tech-gadgets,Tech & Gadgets,167,Tech & Gadgets 3,3,739,B2,C1,C1,10,3,9,0,3,0,baseline present; enrichment needed,"Review core senses and collocations, then author optional level-up and advanced uses."
data-center-1,data-center,The Data Center,168,The Data Center 1,1,740,B2,C1,C1,15,4,10,0,4,0,baseline present; enrichment needed,"Review core senses and collocations, then author optional level-up and advanced uses."
data-center-2,data-center,The Data Center,168,The Data Center 2,2,741,B2,C1,C1,15,4,10,0,4,0,baseline present; enrichment needed,"Review core senses and collocations, then author optional level-up and advanced uses."
data-center-3,data-center,The Data Center,168,The Data Center 3,3,742,B2,C1,C1,15,4,10,0,4,0,baseline present; enrichment needed,"Review core senses and collocations, then author optional level-up and advanced uses."
data-center-4,data-center,The Data Center,168,The Data Center 4,4,743,B2,C1,C1,15,4,10,0,4,0,baseline present; enrichment needed,"Review core senses and collocations, then author optional level-up and advanced uses."
drone-workshop-1,drone-workshop,The Drone Workshop,169,The Drone Workshop 1,1,744,B2,C1,C1,15,4,10,0,4,0,baseline present; enrichment needed,"Review core senses and collocations, then author optional level-up and advanced uses."
drone-workshop-2,drone-workshop,The Drone Workshop,169,The Drone Workshop 2,2,745,B2,C1,C1,15,4,10,0,4,0,baseline present; enrichment needed,"Review core senses and collocations, then author optional level-up and advanced uses."
drone-workshop-3,drone-workshop,The Drone Workshop,169,The Drone Workshop 3,3,746,B2,C1,C1,15,4,10,0,4,0,baseline present; enrichment needed,"Review core senses and collocations, then author optional level-up and advanced uses."
drone-workshop-4,drone-workshop,The Drone Workshop,169,The Drone Workshop 4,4,747,B2,C1,C1,15,4,10,0,4,0,baseline present; enrichment needed,"Review core senses and collocations, then author optional level-up and advanced uses."
electric-vehicle-station-1,electric-vehicle-station,The Electric Vehicle Station,170,The Electric Vehicle Station 1,1,748,B2,C1,C1,15,4,10,0,4,0,baseline present; enrichment needed,"Review core senses and collocations, then author optional level-up and advanced uses."
electric-vehicle-station-2,electric-vehicle-station,The Electric Vehicle Station,170,The Electric Vehicle Station 2,2,749,B2,C1,C1,15,4,10,0,4,0,baseline present; enrichment needed,"Review core senses and collocations, then author optional level-up and advanced uses."
electric-vehicle-station-3,electric-vehicle-station,The Electric Vehicle Station,170,The Electric Vehicle Station 3,3,750,B2,C1,C1,15,4,10,0,4,0,baseline present; enrichment needed,"Review core senses and collocations, then author optional level-up and advanced uses."
electric-vehicle-station-4,electric-vehicle-station,The Electric Vehicle Station,170,The Electric Vehicle Station 4,4,751,B2,C1,C1,15,4,10,0,4,0,baseline present; enrichment needed,"Review core senses and collocations, then author optional level-up and advanced uses."
3d-printer-lab-1,3d-printer-lab,The 3D Printer Lab,171,The 3D Printer Lab 1,1,752,B2,C1,C1,15,4,10,0,4,0,baseline present; enrichment needed,"Review core senses and collocations, then author optional level-up and advanced uses."
3d-printer-lab-2,3d-printer-lab,The 3D Printer Lab,171,The 3D Printer Lab 2,2,753,B2,C1,C1,15,4,10,0,4,0,baseline present; enrichment needed,"Review core senses and collocations, then author optional level-up and advanced uses."
3d-printer-lab-3,3d-printer-lab,The 3D Printer Lab,171,The 3D Printer Lab 3,3,754,B2,C1,C1,15,4,10,0,4,0,baseline present; enrichment needed,"Review core senses and collocations, then author optional level-up and advanced uses."
3d-printer-lab-4,3d-printer-lab,The 3D Printer Lab,171,The 3D Printer Lab 4,4,755,B2,C1,C1,15,4,10,0,4,0,baseline present; enrichment needed,"Review core senses and collocations, then author optional level-up and advanced uses."
3d-printer-lab-5,3d-printer-lab,The 3D Printer Lab,171,The 3D Printer Lab 5,5,756,B2,C1,C1,15,4,10,0,4,0,baseline present; enrichment needed,"Review core senses and collocations, then author optional level-up and advanced uses."
3d-printer-lab-6,3d-printer-lab,The 3D Printer Lab,171,The 3D Printer Lab 6,6,757,B2,C1,C1,2,1,7,0,1,0,baseline present; enrichment needed,"Review core senses and collocations, then author optional level-up and advanced uses."
robotics-lab-1,robotics-lab,The Robotics Lab,172,The Robotics Lab 1,1,758,B2,C1,C1,15,4,10,0,4,0,baseline present; enrichment needed,"Review core senses and collocations, then author optional level-up and advanced uses."
robotics-lab-2,robotics-lab,The Robotics Lab,172,The Robotics Lab 2,2,759,B2,C1,C1,15,4,10,0,4,0,baseline present; enrichment needed,"Review core senses and collocations, then author optional level-up and advanced uses."
robotics-lab-3,robotics-lab,The Robotics Lab,172,The Robotics Lab 3,3,760,B2,C1,C1,15,4,10,0,4,0,baseline present; enrichment needed,"Review core senses and collocations, then author optional level-up and advanced uses."
robotics-lab-4,robotics-lab,The Robotics Lab,172,The Robotics Lab 4,4,761,B2,C1,C1,15,4,10,0,4,0,baseline present; enrichment needed,"Review core senses and collocations, then author optional level-up and advanced uses."
robotics-lab-5,robotics-lab,The Robotics Lab,172,The Robotics Lab 5,5,762,B2,C1,C1,15,4,10,0,4,0,baseline present; enrichment needed,"Review core senses and collocations, then author optional level-up and advanced uses."
solar-farm-1,solar-farm,The Solar Farm,173,The Solar Farm 1,1,763,B2,C1,C1,15,4,10,0,4,0,baseline present; enrichment needed,"Review core senses and collocations, then author optional level-up and advanced uses."
solar-farm-2,solar-farm,The Solar Farm,173,The Solar Farm 2,2,764,B2,C1,C1,15,4,10,0,4,0,baseline present; enrichment needed,"Review core senses and collocations, then author optional level-up and advanced uses."
solar-farm-3,solar-farm,The Solar Farm,173,The Solar Farm 3,3,765,B2,C1,C1,15,4,10,0,4,0,baseline present; enrichment needed,"Review core senses and collocations, then author optional level-up and advanced uses."
solar-farm-4,solar-farm,The Solar Farm,173,The Solar Farm 4,4,766,B2,C1,C1,15,4,10,0,4,0,baseline present; enrichment needed,"Review core senses and collocations, then author optional level-up and advanced uses."
solar-farm-5,solar-farm,The Solar Farm,173,The Solar Farm 5,5,767,B2,C1,C1,15,4,10,0,4,0,baseline present; enrichment needed,"Review core senses and collocations, then author optional level-up and advanced uses."
embassy-1,embassy,The Embassy,174,The Embassy 1,1,768,B2,C1,C1,15,4,10,0,4,0,baseline present; enrichment needed,"Review core senses and collocations, then author optional level-up and advanced uses."
embassy-2,embassy,The Embassy,174,The Embassy 2,2,769,B2,C1,C1,15,4,10,0,4,0,baseline present; enrichment needed,"Review core senses and collocations, then author optional level-up and advanced uses."
embassy-3,embassy,The Embassy,174,The Embassy 3,3,770,B2,C1,C1,15,4,10,0,4,0,baseline present; enrichment needed,"Review core senses and collocations, then author optional level-up and advanced uses."
embassy-4,embassy,The Embassy,174,The Embassy 4,4,771,B2,C1,C1,15,4,10,0,4,0,baseline present; enrichment needed,"Review core senses and collocations, then author optional level-up and advanced uses."
embassy-5,embassy,The Embassy,174,The Embassy 5,5,772,B2,C1,C1,14,4,10,0,4,0,baseline present; enrichment needed,"Review core senses and collocations, then author optional level-up and advanced uses."
courtroom-1,courtroom,The Courtroom,175,The Courtroom 1,1,773,B2,C1,C1,15,4,10,0,4,0,baseline present; enrichment needed,"Review core senses and collocations, then author optional level-up and advanced uses."
courtroom-2,courtroom,The Courtroom,175,The Courtroom 2,2,774,B2,C1,C1,15,4,10,0,4,0,baseline present; enrichment needed,"Review core senses and collocations, then author optional level-up and advanced uses."
courtroom-3,courtroom,The Courtroom,175,The Courtroom 3,3,775,B2,C1,C1,15,4,10,0,4,0,baseline present; enrichment needed,"Review core senses and collocations, then author optional level-up and advanced uses."
courtroom-4,courtroom,The Courtroom,175,The Courtroom 4,4,776,B2,C1,C1,15,4,10,0,4,0,baseline present; enrichment needed,"Review core senses and collocations, then author optional level-up and advanced uses."
courtroom-5,courtroom,The Courtroom,175,The Courtroom 5,5,777,B2,C1,C1,9,3,9,0,3,0,baseline present; enrichment needed,"Review core senses and collocations, then author optional level-up and advanced uses."
laboratory-1,laboratory,The Laboratory,176,The Laboratory 1,1,778,B2,C1,C1,15,4,10,0,4,0,baseline present; enrichment needed,"Review core senses and collocations, then author optional level-up and advanced uses."
laboratory-2,laboratory,The Laboratory,176,The Laboratory 2,2,779,B2,C1,C1,15,4,10,0,4,0,baseline present; enrichment needed,"Review core senses and collocations, then author optional level-up and advanced uses."
laboratory-3,laboratory,The Laboratory,176,The Laboratory 3,3,780,B2,C1,C1,15,4,10,0,4,0,baseline present; enrichment needed,"Review core senses and collocations, then author optional level-up and advanced uses."
laboratory-4,laboratory,The Laboratory,176,The Laboratory 4,4,781,B2,C1,C1,15,4,10,0,4,0,baseline present; enrichment needed,"Review core senses and collocations, then author optional level-up and advanced uses."
laboratory-5,laboratory,The Laboratory,176,The Laboratory 5,5,782,B2,C1,C1,15,4,10,0,4,0,baseline present; enrichment needed,"Review core senses and collocations, then author optional level-up and advanced uses."
submarine-1,submarine,The Submarine,177,The Submarine 1,1,783,B2,C1,C1,15,4,10,0,4,0,baseline present; enrichment needed,"Review core senses and collocations, then author optional level-up and advanced uses."
submarine-2,submarine,The Submarine,177,The Submarine 2,2,784,B2,C1,C1,15,4,10,0,4,0,baseline present; enrichment needed,"Review core senses and collocations, then author optional level-up and advanced uses."
submarine-3,submarine,The Submarine,177,The Submarine 3,3,785,B2,C1,C1,15,4,10,0,4,0,baseline present; enrichment needed,"Review core senses and collocations, then author optional level-up and advanced uses."
submarine-4,submarine,The Submarine,177,The Submarine 4,4,786,B2,C1,C1,15,4,10,0,4,0,baseline present; enrichment needed,"Review core senses and collocations, then author optional level-up and advanced uses."
submarine-5,submarine,The Submarine,177,The Submarine 5,5,787,B2,C1,C1,6,2,8,0,2,0,baseline present; enrichment needed,"Review core senses and collocations, then author optional level-up and advanced uses."
arctic-1,arctic,The Arctic,178,The Arctic 1,1,788,B2,C1,C1,15,4,10,0,4,4,repair before enrichment,Fix deterministic answer or media metadata issues before editorial enrichment.
arctic-2,arctic,The Arctic,178,The Arctic 2,2,789,B2,C1,C1,15,4,10,0,4,4,repair before enrichment,Fix deterministic answer or media metadata issues before editorial enrichment.
arctic-3,arctic,The Arctic,178,The Arctic 3,3,790,B2,C1,C1,15,4,10,0,4,4,repair before enrichment,Fix deterministic answer or media metadata issues before editorial enrichment.
arctic-4,arctic,The Arctic,178,The Arctic 4,4,791,B2,C1,C1,15,4,10,0,4,4,repair before enrichment,Fix deterministic answer or media metadata issues before editorial enrichment.
arctic-5,arctic,The Arctic,178,The Arctic 5,5,792,B2,C1,C1,12,3,9,0,3,3,repair before enrichment,Fix deterministic answer or media metadata issues before editorial enrichment.
space-station-1,space-station,The Space Station,179,The Space Station 1,1,793,B2,C1,C1,15,4,10,0,4,4,repair before enrichment,Fix deterministic answer or media metadata issues before editorial enrichment.
space-station-2,space-station,The Space Station,179,The Space Station 2,2,794,B2,C1,C1,15,4,10,0,4,4,repair before enrichment,Fix deterministic answer or media metadata issues before editorial enrichment.
space-station-3,space-station,The Space Station,179,The Space Station 3,3,795,B2,C1,C1,15,4,10,0,4,4,repair before enrichment,Fix deterministic answer or media metadata issues before editorial enrichment.
space-station-4,space-station,The Space Station,179,The Space Station 4,4,796,B2,C1,C1,15,4,10,0,4,4,repair before enrichment,Fix deterministic answer or media metadata issues before editorial enrichment.
space-station-5,space-station,The Space Station,179,The Space Station 5,5,797,B2,C1,C1,15,4,10,0,4,4,repair before enrichment,Fix deterministic answer or media metadata issues before editorial enrichment.
space-station-6,space-station,The Space Station,179,The Space Station 6,6,798,B2,C1,C1,1,1,7,0,1,1,repair before enrichment,Fix deterministic answer or media metadata issues before editorial enrichment.
law-firm-1,law-firm,The Law Firm,180,The Law Firm 1,1,799,C1,C1,C1,15,4,11,0,4,0,baseline present; enrichment needed,"Review core senses and collocations, then author optional level-up and advanced uses."
law-firm-2,law-firm,The Law Firm,180,The Law Firm 2,2,800,C1,C1,C1,15,4,11,0,4,0,baseline present; enrichment needed,"Review core senses and collocations, then author optional level-up and advanced uses."
law-firm-3,law-firm,The Law Firm,180,The Law Firm 3,3,801,C1,C1,C1,10,3,10,0,3,0,baseline present; enrichment needed,"Review core senses and collocations, then author optional level-up and advanced uses."
courtroom-trial-1,courtroom-trial,The Courtroom Trial,181,The Courtroom Trial 1,1,802,C1,C1,C1,15,4,11,0,4,0,baseline present; enrichment needed,"Review core senses and collocations, then author optional level-up and advanced uses."
courtroom-trial-2,courtroom-trial,The Courtroom Trial,181,The Courtroom Trial 2,2,803,C1,C1,C1,15,4,11,0,4,0,baseline present; enrichment needed,"Review core senses and collocations, then author optional level-up and advanced uses."
courtroom-trial-3,courtroom-trial,The Courtroom Trial,181,The Courtroom Trial 3,3,804,C1,C1,C1,9,3,10,0,3,0,baseline present; enrichment needed,"Review core senses and collocations, then author optional level-up and advanced uses."
legal-documents-1,legal-documents,Legal Documents,182,Legal Documents 1,1,805,C1,C1,C1,15,4,11,0,4,0,baseline present; enrichment needed,"Review core senses and collocations, then author optional level-up and advanced uses."
legal-documents-2,legal-documents,Legal Documents,182,Legal Documents 2,2,806,C1,C1,C1,15,4,11,0,4,0,baseline present; enrichment needed,"Review core senses and collocations, then author optional level-up and advanced uses."
legal-documents-3,legal-documents,Legal Documents,182,Legal Documents 3,3,807,C1,C1,C1,10,3,10,0,3,0,baseline present; enrichment needed,"Review core senses and collocations, then author optional level-up and advanced uses."
rights-regulations-1,rights-regulations,Rights & Regulations,183,Rights & Regulations 1,1,808,C1,C1,C1,15,4,11,0,4,0,baseline present; enrichment needed,"Review core senses and collocations, then author optional level-up and advanced uses."
rights-regulations-2,rights-regulations,Rights & Regulations,183,Rights & Regulations 2,2,809,C1,C1,C1,15,4,11,0,4,0,baseline present; enrichment needed,"Review core senses and collocations, then author optional level-up and advanced uses."
rights-regulations-3,rights-regulations,Rights & Regulations,183,Rights & Regulations 3,3,810,C1,C1,C1,10,3,10,0,3,0,baseline present; enrichment needed,"Review core senses and collocations, then author optional level-up and advanced uses."
architect-s-studio-1,architect-s-studio,The Architect's Studio,184,The Architect's Studio 1,1,811,C1,C1,C1,15,4,11,0,4,0,baseline present; enrichment needed,"Review core senses and collocations, then author optional level-up and advanced uses."
architect-s-studio-2,architect-s-studio,The Architect's Studio,184,The Architect's Studio 2,2,812,C1,C1,C1,15,4,11,0,4,0,baseline present; enrichment needed,"Review core senses and collocations, then author optional level-up and advanced uses."
architect-s-studio-3,architect-s-studio,The Architect's Studio,184,The Architect's Studio 3,3,813,C1,C1,C1,10,3,10,0,3,0,baseline present; enrichment needed,"Review core senses and collocations, then author optional level-up and advanced uses."
building-construction-1,building-construction,Building & Construction,185,Building & Construction 1,1,814,C1,C1,C1,15,4,11,0,4,0,baseline present; enrichment needed,"Review core senses and collocations, then author optional level-up and advanced uses."
building-construction-2,building-construction,Building & Construction,185,Building & Construction 2,2,815,C1,C1,C1,15,4,11,0,4,0,baseline present; enrichment needed,"Review core senses and collocations, then author optional level-up and advanced uses."
building-construction-3,building-construction,Building & Construction,185,Building & Construction 3,3,816,C1,C1,C1,10,3,10,0,3,0,baseline present; enrichment needed,"Review core senses and collocations, then author optional level-up and advanced uses."
architecture-styles-1,architecture-styles,Architecture Styles,186,Architecture Styles 1,1,817,C1,C1,C1,15,4,11,0,4,0,baseline present; enrichment needed,"Review core senses and collocations, then author optional level-up and advanced uses."
architecture-styles-2,architecture-styles,Architecture Styles,186,Architecture Styles 2,2,818,C1,C1,C1,15,4,11,0,4,0,baseline present; enrichment needed,"Review core senses and collocations, then author optional level-up and advanced uses."
architecture-styles-3,architecture-styles,Architecture Styles,186,Architecture Styles 3,3,819,C1,C1,C1,10,3,10,0,3,0,baseline present; enrichment needed,"Review core senses and collocations, then author optional level-up and advanced uses."
interior-design-1,interior-design,Interior Design,187,Interior Design 1,1,820,C1,C1,C1,15,4,11,0,4,0,baseline present; enrichment needed,"Review core senses and collocations, then author optional level-up and advanced uses."
interior-design-2,interior-design,Interior Design,187,Interior Design 2,2,821,C1,C1,C1,15,4,11,0,4,0,baseline present; enrichment needed,"Review core senses and collocations, then author optional level-up and advanced uses."
interior-design-3,interior-design,Interior Design,187,Interior Design 3,3,822,C1,C1,C1,10,3,10,0,3,0,baseline present; enrichment needed,"Review core senses and collocations, then author optional level-up and advanced uses."
fashion-atelier-1,fashion-atelier,The Fashion Atelier,188,The Fashion Atelier 1,1,823,C1,C1,C1,15,4,11,0,4,0,baseline present; enrichment needed,"Review core senses and collocations, then author optional level-up and advanced uses."
fashion-atelier-2,fashion-atelier,The Fashion Atelier,188,The Fashion Atelier 2,2,824,C1,C1,C1,15,4,11,0,4,0,baseline present; enrichment needed,"Review core senses and collocations, then author optional level-up and advanced uses."
fashion-atelier-3,fashion-atelier,The Fashion Atelier,188,The Fashion Atelier 3,3,825,C1,C1,C1,10,3,10,0,3,0,baseline present; enrichment needed,"Review core senses and collocations, then author optional level-up and advanced uses."
fabrics-textiles-1,fabrics-textiles,Fabrics & Textiles,189,Fabrics & Textiles 1,1,826,C1,C1,C1,15,4,11,0,4,0,baseline present; enrichment needed,"Review core senses and collocations, then author optional level-up and advanced uses."
fabrics-textiles-2,fabrics-textiles,Fabrics & Textiles,189,Fabrics & Textiles 2,2,827,C1,C1,C1,15,4,11,0,4,0,baseline present; enrichment needed,"Review core senses and collocations, then author optional level-up and advanced uses."
fabrics-textiles-3,fabrics-textiles,Fabrics & Textiles,189,Fabrics & Textiles 3,3,828,C1,C1,C1,15,4,11,0,4,0,baseline present; enrichment needed,"Review core senses and collocations, then author optional level-up and advanced uses."
fabrics-textiles-4,fabrics-textiles,Fabrics & Textiles,189,Fabrics & Textiles 4,4,829,C1,C1,C1,5,2,9,0,2,0,baseline present; enrichment needed,"Review core senses and collocations, then author optional level-up and advanced uses."
fashion-design-1,fashion-design,Fashion Design,190,Fashion Design 1,1,830,C1,C1,C1,15,4,11,0,4,0,baseline present; enrichment needed,"Review core senses and collocations, then author optional level-up and advanced uses."
fashion-design-2,fashion-design,Fashion Design,190,Fashion Design 2,2,831,C1,C1,C1,15,4,11,0,4,0,baseline present; enrichment needed,"Review core senses and collocations, then author optional level-up and advanced uses."
fashion-design-3,fashion-design,Fashion Design,190,Fashion Design 3,3,832,C1,C1,C1,10,3,10,0,3,0,baseline present; enrichment needed,"Review core senses and collocations, then author optional level-up and advanced uses."
runway-show-1,runway-show,The Runway Show,191,The Runway Show 1,1,833,C1,C1,C1,15,4,11,0,4,0,baseline present; enrichment needed,"Review core senses and collocations, then author optional level-up and advanced uses."
runway-show-2,runway-show,The Runway Show,191,The Runway Show 2,2,834,C1,C1,C1,15,4,11,0,4,0,baseline present; enrichment needed,"Review core senses and collocations, then author optional level-up and advanced uses."
runway-show-3,runway-show,The Runway Show,191,The Runway Show 3,3,835,C1,C1,C1,10,3,10,0,3,0,baseline present; enrichment needed,"Review core senses and collocations, then author optional level-up and advanced uses."
vineyard-1,vineyard,The Vineyard,192,The Vineyard 1,1,836,C1,C1,C1,15,4,11,0,4,0,baseline present; enrichment needed,"Review core senses and collocations, then author optional level-up and advanced uses."
vineyard-2,vineyard,The Vineyard,192,The Vineyard 2,2,837,C1,C1,C1,15,4,11,0,4,0,baseline present; enrichment needed,"Review core senses and collocations, then author optional level-up and advanced uses."
vineyard-3,vineyard,The Vineyard,192,The Vineyard 3,3,838,C1,C1,C1,10,3,10,0,3,0,baseline present; enrichment needed,"Review core senses and collocations, then author optional level-up and advanced uses."
winemaking-1,winemaking,Winemaking,193,Winemaking 1,1,839,C1,C1,C1,15,4,11,0,4,0,baseline present; enrichment needed,"Review core senses and collocations, then author optional level-up and advanced uses."
winemaking-2,winemaking,Winemaking,193,Winemaking 2,2,840,C1,C1,C1,15,4,11,0,4,0,baseline present; enrichment needed,"Review core senses and collocations, then author optional level-up and advanced uses."
winemaking-3,winemaking,Winemaking,193,Winemaking 3,3,841,C1,C1,C1,10,3,10,0,3,0,baseline present; enrichment needed,"Review core senses and collocations, then author optional level-up and advanced uses."
wine-tasting-1,wine-tasting,Wine Tasting,194,Wine Tasting 1,1,842,C1,C1,C1,15,4,11,0,4,0,baseline present; enrichment needed,"Review core senses and collocations, then author optional level-up and advanced uses."
wine-tasting-2,wine-tasting,Wine Tasting,194,Wine Tasting 2,2,843,C1,C1,C1,15,4,11,0,4,0,baseline present; enrichment needed,"Review core senses and collocations, then author optional level-up and advanced uses."
wine-tasting-3,wine-tasting,Wine Tasting,194,Wine Tasting 3,3,844,C1,C1,C1,15,4,11,0,4,0,baseline present; enrichment needed,"Review core senses and collocations, then author optional level-up and advanced uses."
wine-tasting-4,wine-tasting,Wine Tasting,194,Wine Tasting 4,4,845,C1,C1,C1,5,2,9,0,2,0,baseline present; enrichment needed,"Review core senses and collocations, then author optional level-up and advanced uses."
wine-cellar-1,wine-cellar,The Wine Cellar,195,The Wine Cellar 1,1,846,C1,C1,C1,15,4,11,0,4,0,baseline present; enrichment needed,"Review core senses and collocations, then author optional level-up and advanced uses."
wine-cellar-2,wine-cellar,The Wine Cellar,195,The Wine Cellar 2,2,847,C1,C1,C1,15,4,11,0,4,0,baseline present; enrichment needed,"Review core senses and collocations, then author optional level-up and advanced uses."
wine-cellar-3,wine-cellar,The Wine Cellar,195,The Wine Cellar 3,3,848,C1,C1,C1,10,3,10,0,3,0,baseline present; enrichment needed,"Review core senses and collocations, then author optional level-up and advanced uses."
cocktail-bar-1,cocktail-bar,The Cocktail Bar,196,The Cocktail Bar 1,1,849,C1,C1,C1,15,4,11,0,4,0,baseline present; enrichment needed,"Review core senses and collocations, then author optional level-up and advanced uses."
cocktail-bar-2,cocktail-bar,The Cocktail Bar,196,The Cocktail Bar 2,2,850,C1,C1,C1,15,4,11,0,4,0,baseline present; enrichment needed,"Review core senses and collocations, then author optional level-up and advanced uses."
cocktail-bar-3,cocktail-bar,The Cocktail Bar,196,The Cocktail Bar 3,3,851,C1,C1,C1,10,3,10,0,3,0,baseline present; enrichment needed,"Review core senses and collocations, then author optional level-up and advanced uses."
spirits-liqueurs-1,spirits-liqueurs,Spirits & Liqueurs,197,Spirits & Liqueurs 1,1,852,C1,C1,C1,15,4,11,0,4,0,baseline present; enrichment needed,"Review core senses and collocations, then author optional level-up and advanced uses."
spirits-liqueurs-2,spirits-liqueurs,Spirits & Liqueurs,197,Spirits & Liqueurs 2,2,853,C1,C1,C1,15,4,11,0,4,0,baseline present; enrichment needed,"Review core senses and collocations, then author optional level-up and advanced uses."
spirits-liqueurs-3,spirits-liqueurs,Spirits & Liqueurs,197,Spirits & Liqueurs 3,3,854,C1,C1,C1,10,3,10,0,3,0,baseline present; enrichment needed,"Review core senses and collocations, then author optional level-up and advanced uses."
classic-cocktails-1,classic-cocktails,Classic Cocktails,198,Classic Cocktails 1,1,855,C1,C1,C1,15,4,11,0,4,0,baseline present; enrichment needed,"Review core senses and collocations, then author optional level-up and advanced uses."
classic-cocktails-2,classic-cocktails,Classic Cocktails,198,Classic Cocktails 2,2,856,C1,C1,C1,15,4,11,0,4,0,baseline present; enrichment needed,"Review core senses and collocations, then author optional level-up and advanced uses."
classic-cocktails-3,classic-cocktails,Classic Cocktails,198,Classic Cocktails 3,3,857,C1,C1,C1,10,3,10,0,3,0,baseline present; enrichment needed,"Review core senses and collocations, then author optional level-up and advanced uses."
bar-culture-1,bar-culture,Bar Culture,199,Bar Culture 1,1,858,C1,C1,C1,15,4,11,0,4,0,baseline present; enrichment needed,"Review core senses and collocations, then author optional level-up and advanced uses."
bar-culture-2,bar-culture,Bar Culture,199,Bar Culture 2,2,859,C1,C1,C1,15,4,11,0,4,0,baseline present; enrichment needed,"Review core senses and collocations, then author optional level-up and advanced uses."
bar-culture-3,bar-culture,Bar Culture,199,Bar Culture 3,3,860,C1,C1,C1,9,3,10,0,3,0,baseline present; enrichment needed,"Review core senses and collocations, then author optional level-up and advanced uses."
space-center-1,space-center,L7 Space Center,200,L7 Space Center 1,1,861,C1,C1,C1,15,4,11,0,4,4,repair before enrichment,Fix deterministic answer or media metadata issues before editorial enrichment.
space-center-2,space-center,L7 Space Center,200,L7 Space Center 2,2,862,C1,C1,C1,15,4,11,0,4,4,repair before enrichment,Fix deterministic answer or media metadata issues before editorial enrichment.
space-center-3,space-center,L7 Space Center,200,L7 Space Center 3,3,863,C1,C1,C1,15,4,11,0,4,4,repair before enrichment,Fix deterministic answer or media metadata issues before editorial enrichment.
space-center-4,space-center,L7 Space Center,200,L7 Space Center 4,4,864,C1,C1,C1,9,3,10,0,3,3,repair before enrichment,Fix deterministic answer or media metadata issues before editorial enrichment.
